season,posteam,week,game_id,player_id,full_name,position,pass_attempt,rec_attempt,rush_attempt,pass_air_yards,rec_air_yards,pass_completions,receptions,pass_completions_exp,receptions_exp,pass_yards_gained,rec_yards_gained,rush_yards_gained,pass_yards_gained_exp,rec_yards_gained_exp,rush_yards_gained_exp,pass_touchdown,rec_touchdown,rush_touchdown,pass_touchdown_exp,rec_touchdown_exp,rush_touchdown_exp,pass_two_point_conv,rec_two_point_conv,rush_two_point_conv,pass_two_point_conv_exp,rec_two_point_conv_exp,rush_two_point_conv_exp,pass_first_down,rec_first_down,rush_first_down,pass_first_down_exp,rec_first_down_exp,rush_first_down_exp,pass_interception,rec_interception,pass_interception_exp,rec_interception_exp,rec_fumble_lost,rush_fumble_lost,pass_fantasy_points_exp,rec_fantasy_points_exp,rush_fantasy_points_exp,pass_fantasy_points,rec_fantasy_points,rush_fantasy_points,total_yards_gained,total_yards_gained_exp,total_touchdown,total_touchdown_exp,total_first_down,total_first_down_exp,total_fantasy_points,total_fantasy_points_exp,pass_completions_diff,receptions_diff,pass_yards_gained_diff,rec_yards_gained_diff,rush_yards_gained_diff,pass_touchdown_diff,rec_touchdown_diff,rush_touchdown_diff,pass_two_point_conv_diff,rec_two_point_conv_diff,rush_two_point_conv_diff,pass_first_down_diff,rec_first_down_diff,rush_first_down_diff,pass_interception_diff,rec_interception_diff,pass_fantasy_points_diff,rec_fantasy_points_diff,rush_fantasy_points_diff,total_yards_gained_diff,total_touchdown_diff,total_first_down_diff,total_fantasy_points_diff,pass_attempt_team,rec_attempt_team,rush_attempt_team,pass_air_yards_team,rec_air_yards_team,pass_completions_team,receptions_team,pass_completions_exp_team,receptions_exp_team,pass_yards_gained_team,rec_yards_gained_team,rush_yards_gained_team,pass_yards_gained_exp_team,rec_yards_gained_exp_team,rush_yards_gained_exp_team,pass_touchdown_team,rec_touchdown_team,rush_touchdown_team,pass_touchdown_exp_team,rec_touchdown_exp_team,rush_touchdown_exp_team,pass_two_point_conv_team,rec_two_point_conv_team,rush_two_point_conv_team,pass_two_point_conv_exp_team,rec_two_point_conv_exp_team,rush_two_point_conv_exp_team,pass_first_down_team,rec_first_down_team,rush_first_down_team,pass_first_down_exp_team,rec_first_down_exp_team,rush_first_down_exp_team,pass_interception_team,rec_interception_team,pass_interception_exp_team,rec_interception_exp_team,rec_fumble_lost_team,rush_fumble_lost_team,pass_fantasy_points_exp_team,rec_fantasy_points_exp_team,rush_fantasy_points_exp_team,pass_fantasy_points_team,rec_fantasy_points_team,rush_fantasy_points_team,pass_completions_diff_team,receptions_diff_team,pass_yards_gained_diff_team,rec_yards_gained_diff_team,rush_yards_gained_diff_team,pass_touchdown_diff_team,rec_touchdown_diff_team,rush_touchdown_diff_team,pass_two_point_conv_diff_team,rec_two_point_conv_diff_team,rush_two_point_conv_diff_team,pass_first_down_diff_team,rec_first_down_diff_team,rush_first_down_diff_team,pass_interception_diff_team,rec_interception_diff_team,pass_fantasy_points_diff_team,rec_fantasy_points_diff_team,rush_fantasy_points_diff_team,total_yards_gained_team,total_yards_gained_exp_team,total_yards_gained_diff_team,total_touchdown_team,total_touchdown_exp_team,total_touchdown_diff_team,total_first_down_team,total_first_down_exp_team,total_first_down_diff_team,total_fantasy_points_team,total_fantasy_points_exp_team,total_fantasy_points_diff_team
2026,ARI,1,2026_01_ARI_LAC,00-0033119,Jacoby Brissett,QB,37,0,6,283,0,27,0,25.35,0,277,0,14,270.27,0,9.53,1,0,0,1.47,0,0.02,0,0,0,0,0,0,15,0,3,12.89,0,2.32,0,0,0.62,0,0,0,15.44,0,1.08,15.08,0,1.4,291,279.79999999999995,1,1.49,18,15.21,16.48,16.52,1.6499999999999986,0,6.730000000000018,0,4.470000000000001,-0.47,0,-0.02,0,0,0,2.1099999999999994,0,0.6800000000000002,-0.62,0,-0.35999999999999943,0,0.31999999999999984,11.200000000000045,-0.49,2.789999999999999,-0.03999999999999915,37,37,34,283,283,27,27,25.35,25.34,277,277,116,270.27,270.27,121.25,1,1,1,1.47,1.45,0.99,0,0,0,0,0,0,15,15,7,12.89,12.89,6.84,0,0,0.62,0.63,0,0,15.44,61.19,18.06,15.08,60.7,17.599999999999998,1.6499999999999986,1.6599999999999993,6.730000000000018,6.730000000000004,-5.250000000000005,-0.47,-0.45000000000000007,0.010000000000000026,0,0,0,2.1099999999999994,2.11,0.16000000000000014,-0.62,-0.63,-0.35999999999999943,-0.4900000000000002,-0.4600000000000004,393,391.52,1.4799999999999986,2,2.44,-0.44000000000000006,22,19.73,2.27,78.3,79.25,-0.9500000000000006
2026,ARI,1,2026_01_ARI_LAC,00-0037744,Trey McBride,TE,0,13,0,0,89,0,9,0,8.88,0,95,0,0,90.49,0,0,1,0,0,1.04,0,0,0,0,0,0,0,0,6,0,0,5.57,0,0,0,0,0.26,0,0,0,24.2,0,0,24.5,0,95,90.49,1,1.04,6,5.57,24.5,24.2,0,0.11999999999999922,0,4.510000000000005,0,0,-0.040000000000000036,0,0,0,0,0,0.4299999999999997,0,0,-0.26,0,0.3000000000000007,0,4.510000000000005,-0.040000000000000036,0.4299999999999997,0.3000000000000007,37,37,34,283,283,27,27,25.35,25.34,277,277,116,270.27,270.27,121.25,1,1,1,1.47,1.45,0.99,0,0,0,0,0,0,15,15,7,12.89,12.89,6.84,0,0,0.62,0.63,0,0,15.44,61.19,18.06,15.08,60.7,17.599999999999998,1.6499999999999986,1.6599999999999993,6.730000000000018,6.730000000000004,-5.250000000000005,-0.47,-0.45000000000000007,0.010000000000000026,0,0,0,2.1099999999999994,2.11,0.16000000000000014,-0.62,-0.63,-0.35999999999999943,-0.4900000000000002,-0.4600000000000004,393,391.52,1.4799999999999986,2,2.44,-0.44000000000000006,22,19.73,2.27,78.3,79.25,-0.9500000000000006
2026,ARI,1,2026_01_ARI_LAC,00-0039849,Marvin Harrison Jr.,WR,0,3,0,0,71,0,1,0,1.31,0,33,0,0,32.14,0,0,0,0,0,0.05,0,0,0,0,0,0,0,0,1,0,0,1.26,0,0,0,0,0.11,0,0,0,4.84,0,0,4.3,0,33,32.14,0,0.05,1,1.26,4.3,4.84,0,-0.31000000000000005,0,0.8599999999999994,0,0,-0.05,0,0,0,0,0,-0.26,0,0,-0.11,0,-0.54,0,0.8599999999999994,-0.05,-0.26,-0.54,37,37,34,283,283,27,27,25.35,25.34,277,277,116,270.27,270.27,121.25,1,1,1,1.47,1.45,0.99,0,0,0,0,0,0,15,15,7,12.89,12.89,6.84,0,0,0.62,0.63,0,0,15.44,61.19,18.06,15.08,60.7,17.599999999999998,1.6499999999999986,1.6599999999999993,6.730000000000018,6.730000000000004,-5.250000000000005,-0.47,-0.45000000000000007,0.010000000000000026,0,0,0,2.1099999999999994,2.11,0.16000000000000014,-0.62,-0.63,-0.35999999999999943,-0.4900000000000002,-0.4600000000000004,393,391.52,1.4799999999999986,2,2.44,-0.44000000000000006,22,19.73,2.27,78.3,79.25,-0.9500000000000006
2026,ARI,1,2026_01_ARI_LAC,00-0037263,Tyler Allgeier,RB,0,2,17,0,-5,0,2,0,1.65,0,9,61,0,9.54,67.51,0,0,0,0,0.1,0.49,0,0,0,0,0,0,0,0,2,0,0.52,2.58,0,0,0,0.01,0,0,0,3.2,9.68,0,2.9,6.1,70,77.05000000000001,0,0.59,2,3.1,9,12.879999999999999,0,0.3500000000000001,0,-0.5399999999999991,-6.510000000000005,0,-0.1,-0.49,0,0,0,0,-0.52,-0.5800000000000001,0,-0.01,0,-0.30000000000000027,-3.58,-7.050000000000011,-0.59,-1.1,-3.879999999999999,37,37,34,283,283,27,27,25.35,25.34,277,277,116,270.27,270.27,121.25,1,1,1,1.47,1.45,0.99,0,0,0,0,0,0,15,15,7,12.89,12.89,6.84,0,0,0.62,0.63,0,0,15.44,61.19,18.06,15.08,60.7,17.599999999999998,1.6499999999999986,1.6599999999999993,6.730000000000018,6.730000000000004,-5.250000000000005,-0.47,-0.45000000000000007,0.010000000000000026,0,0,0,2.1099999999999994,2.11,0.16000000000000014,-0.62,-0.63,-0.35999999999999943,-0.4900000000000002,-0.4600000000000004,393,391.52,1.4799999999999986,2,2.44,-0.44000000000000006,22,19.73,2.27,78.3,79.25,-0.9500000000000006
2026,ARI,1,2026_01_ARI_LAC,00-0033307,Kendrick Bourne,WR,0,8,0,0,40,0,8,0,6.12,0,75,0,0,53.85,0,0,0,0,0,0.07,0,0,0,0,0,0,0,0,5,0,0,2.32,0,0,0,0,0.08,0,0,0,11.95,0,0,15.5,0,75,53.85,0,0.07,5,2.32,15.5,11.95,0,1.88,0,21.15,0,0,-0.07,0,0,0,0,0,2.68,0,0,-0.08,0,3.5500000000000007,0,21.15,-0.07,2.68,3.5500000000000007,37,37,34,283,283,27,27,25.35,25.34,277,277,116,270.27,270.27,121.25,1,1,1,1.47,1.45,0.99,0,0,0,0,0,0,15,15,7,12.89,12.89,6.84,0,0,0.62,0.63,0,0,15.44,61.19,18.06,15.08,60.7,17.599999999999998,1.6499999999999986,1.6599999999999993,6.730000000000018,6.730000000000004,-5.250000000000005,-0.47,-0.45000000000000007,0.010000000000000026,0,0,0,2.1099999999999994,2.11,0.16000000000000014,-0.62,-0.63,-0.35999999999999943,-0.4900000000000002,-0.4600000000000004,393,391.52,1.4799999999999986,2,2.44,-0.44000000000000006,22,19.73,2.27,78.3,79.25,-0.9500000000000006
2026,LAC,1,2026_01_ARI_LAC,00-0036355,Justin Herbert,QB,27,0,5,273,0,17,0,18.76,0,209,0,29,239.94,0,33.26,1,0,0,1.1,0,0.67,0,0,0,0,0,0,9,0,1,8.97,0,1.9,1,0,0.65,0,0,0,12.68,0,7.37,10.36,0,2.9,238,273.2,1,1.77,10,10.870000000000001,13.26,20.05,-1.7600000000000016,0,-30.939999999999998,0,-4.259999999999998,-0.10000000000000009,0,-0.67,0,0,0,0.02999999999999936,0,-0.8999999999999999,0.35,0,-2.3200000000000003,0,-4.470000000000001,-35.19999999999999,-0.77,-0.870000000000001,-6.790000000000001,27,27,21,273,273,17,17,18.76,18.759999999999998,209,209,81,239.94,239.93,103.97999999999999,1,1,1,1.1,1.0799999999999998,1.25,0,0,0,0,0,0,9,9,6,8.97,8.98,5.96,1,1,0.65,0.65,0,1,12.68,49.32,17.95,10.36,43.9,12.100000000000001,-1.7600000000000016,-1.7599999999999993,-30.939999999999998,-30.929999999999996,-22.979999999999997,-0.10000000000000009,-0.07999999999999996,-0.2500000000000001,0,0,0,0.02999999999999936,0.020000000000000018,0.040000000000000036,0.35,0.35,-2.3200000000000003,-5.42,-5.8500000000000005,290,343.90999999999997,-53.91,2,2.33,-0.33000000000000007,15,14.940000000000001,0.06000000000000005,56,67.27,-11.27
2026,LAC,1,2026_01_ARI_LAC,00-0039915,Ladd McConkey,WR,0,7,0,0,97,0,5,0,4.22,0,82,0,0,73.2,0,0,1,0,0,0.82,0,0,0,0,0,0,0,0,5,0,0,4.04,0,0,0,0,0.21,0,0,0,16.48,0,0,19.2,0,82,73.2,1,0.82,5,4.04,19.2,16.48,0,0.7800000000000002,0,8.799999999999997,0,0,0.18000000000000005,0,0,0,0,0,0.96,0,0,-0.21,0,2.719999999999999,0,8.799999999999997,0.18000000000000005,0.96,2.719999999999999,27,27,21,273,273,17,17,18.76,18.759999999999998,209,209,81,239.94,239.93,103.97999999999999,1,1,1,1.1,1.0799999999999998,1.25,0,0,0,0,0,0,9,9,6,8.97,8.98,5.96,1,1,0.65,0.65,0,1,12.68,49.32,17.95,10.36,43.9,12.100000000000001,-1.7600000000000016,-1.7599999999999993,-30.939999999999998,-30.929999999999996,-22.979999999999997,-0.10000000000000009,-0.07999999999999996,-0.2500000000000001,0,0,0,0.02999999999999936,0.020000000000000018,0.040000000000000036,0.35,0.35,-2.3200000000000003,-5.42,-5.8500000000000005,290,343.90999999999997,-53.91,2,2.33,-0.33000000000000007,15,14.940000000000001,0.06000000000000005,56,67.27,-11.27
2026,ARI,1,2026_01_ARI_LAC,00-0041027,Jeremiyah Love,RB,0,4,11,0,5,0,2,0,3.04,0,9,41,0,23.85,44.21,0,0,1,0,0.07,0.48,0,0,0,0,0,0,0,0,2,0,0.65,1.94,0,0,0,0.03,0,0,0,5.87,7.3,0,2.9,10.1,50,68.06,1,0.55,2,2.59,13,13.17,0,-1.04,0,-14.850000000000001,-3.210000000000001,0,-0.07,0.52,0,0,0,0,-0.65,0.06000000000000005,0,-0.03,0,-2.97,2.8,-18.060000000000002,0.44999999999999996,-0.5899999999999999,-0.16999999999999993,37,37,34,283,283,27,27,25.35,25.34,277,277,116,270.27,270.27,121.25,1,1,1,1.47,1.45,0.99,0,0,0,0,0,0,15,15,7,12.89,12.89,6.84,0,0,0.62,0.63,0,0,15.44,61.19,18.06,15.08,60.7,17.599999999999998,1.6499999999999986,1.6599999999999993,6.730000000000018,6.730000000000004,-5.250000000000005,-0.47,-0.45000000000000007,0.010000000000000026,0,0,0,2.1099999999999994,2.11,0.16000000000000014,-0.62,-0.63,-0.35999999999999943,-0.4900000000000002,-0.4600000000000004,393,391.52,1.4799999999999986,2,2.44,-0.44000000000000006,22,19.73,2.27,78.3,79.25,-0.9500000000000006
2026,ARI,1,2026_01_ARI_LAC,00-0038559,Michael Wilson,WR,0,7,0,0,83,0,5,0,4.34,0,56,0,0,60.4,0,0,0,0,0,0.12,0,0,0,0,0,0,0,0,3,0,0,2.57,0,0,0,0,0.14,0,0,0,11.13,0,0,10.6,0,56,60.4,0,0.12,3,2.57,10.6,11.13,0,0.6600000000000001,0,-4.399999999999999,0,0,-0.12,0,0,0,0,0,0.43000000000000016,0,0,-0.14,0,-0.5300000000000011,0,-4.399999999999999,-0.12,0.43000000000000016,-0.5300000000000011,37,37,34,283,283,27,27,25.35,25.34,277,277,116,270.27,270.27,121.25,1,1,1,1.47,1.45,0.99,0,0,0,0,0,0,15,15,7,12.89,12.89,6.84,0,0,0.62,0.63,0,0,15.44,61.19,18.06,15.08,60.7,17.599999999999998,1.6499999999999986,1.6599999999999993,6.730000000000018,6.730000000000004,-5.250000000000005,-0.47,-0.45000000000000007,0.010000000000000026,0,0,0,2.1099999999999994,2.11,0.16000000000000014,-0.62,-0.63,-0.35999999999999943,-0.4900000000000002,-0.4600000000000004,393,391.52,1.4799999999999986,2,2.44,-0.44000000000000006,22,19.73,2.27,78.3,79.25,-0.9500000000000006
2026,LAC,1,2026_01_ARI_LAC,00-0033885,David Njoku,TE,0,5,0,0,28,0,5,0,3.86,0,58,0,0,38.68,0,0,0,0,0,0.09,0,0,0,0,0,0,0,0,3,0,0,1.26,0,0,0,0,0.12,0,0,0,8.29,0,0,10.8,0,58,38.68,0,0.09,3,1.26,10.8,8.29,0,1.1400000000000001,0,19.32,0,0,-0.09,0,0,0,0,0,1.74,0,0,-0.12,0,2.5100000000000016,0,19.32,-0.09,1.74,2.5100000000000016,27,27,21,273,273,17,17,18.76,18.759999999999998,209,209,81,239.94,239.93,103.97999999999999,1,1,1,1.1,1.0799999999999998,1.25,0,0,0,0,0,0,9,9,6,8.97,8.98,5.96,1,1,0.65,0.65,0,1,12.68,49.32,17.95,10.36,43.9,12.100000000000001,-1.7600000000000016,-1.7599999999999993,-30.939999999999998,-30.929999999999996,-22.979999999999997,-0.10000000000000009,-0.07999999999999996,-0.2500000000000001,0,0,0,0.02999999999999936,0.020000000000000018,0.040000000000000036,0.35,0.35,-2.3200000000000003,-5.42,-5.8500000000000005,290,343.90999999999997,-53.91,2,2.33,-0.33000000000000007,15,14.940000000000001,0.06000000000000005,56,67.27,-11.27
2026,LAC,1,2026_01_ARI_LAC,00-0038544,Quentin Johnston,WR,0,6,0,0,39,0,2,0,4.5,0,17,0,0,46.19,0,0,0,0,0,0.02,0,0,0,0,0,0,0,0,0,0,0,1.46,0,0,0,0,0.11,0,0,0,9.26,0,0,3.7,0,17,46.19,0,0.02,0,1.46,3.7,9.26,0,-2.5,0,-29.189999999999998,0,0,-0.02,0,0,0,0,0,-1.46,0,0,-0.11,0,-5.56,0,-29.189999999999998,-0.02,-1.46,-5.56,27,27,21,273,273,17,17,18.76,18.759999999999998,209,209,81,239.94,239.93,103.97999999999999,1,1,1,1.1,1.0799999999999998,1.25,0,0,0,0,0,0,9,9,6,8.97,8.98,5.96,1,1,0.65,0.65,0,1,12.68,49.32,17.95,10.36,43.9,12.100000000000001,-1.7600000000000016,-1.7599999999999993,-30.939999999999998,-30.929999999999996,-22.979999999999997,-0.10000000000000009,-0.07999999999999996,-0.2500000000000001,0,0,0,0.02999999999999936,0.020000000000000018,0.040000000000000036,0.35,0.35,-2.3200000000000003,-5.42,-5.8500000000000005,290,343.90999999999997,-53.91,2,2.33,-0.33000000000000007,15,14.940000000000001,0.06000000000000005,56,67.27,-11.27
2026,LAC,1,2026_01_ARI_LAC,00-0040189,Oronde Gadsden II,TE,0,2,0,0,7,0,2,0,1.58,0,32,0,0,12.16,0,0,0,0,0,0,0,0,0,0,0,0,0,0,1,0,0,0.8,0,0,0,0,0.01,0,0,0,2.81,0,0,5.2,0,32,12.16,0,0,1,0.8,5.2,2.81,0,0.41999999999999993,0,19.84,0,0,0,0,0,0,0,0,0.19999999999999996,0,0,-0.01,0,2.39,0,19.84,0,0.19999999999999996,2.39,27,27,21,273,273,17,17,18.76,18.759999999999998,209,209,81,239.94,239.93,103.97999999999999,1,1,1,1.1,1.0799999999999998,1.25,0,0,0,0,0,0,9,9,6,8.97,8.98,5.96,1,1,0.65,0.65,0,1,12.68,49.32,17.95,10.36,43.9,12.100000000000001,-1.7600000000000016,-1.7599999999999993,-30.939999999999998,-30.929999999999996,-22.979999999999997,-0.10000000000000009,-0.07999999999999996,-0.2500000000000001,0,0,0,0.02999999999999936,0.020000000000000018,0.040000000000000036,0.35,0.35,-2.3200000000000003,-5.42,-5.8500000000000005,290,343.90999999999997,-53.91,2,2.33,-0.33000000000000007,15,14.940000000000001,0.06000000000000005,56,67.27,-11.27
2026,LAC,1,2026_01_ARI_LAC,00-0040727,Tre Harris,WR,0,6,0,0,47,0,3,0,4.31,0,20,0,0,52.98,0,0,0,0,0,0.02,0,0,0,0,0,0,0,0,0,0,0,1.15,0,0,0,0,0.15,0,0,0,9.74,0,0,5,0,20,52.98,0,0.02,0,1.15,5,9.74,0,-1.3099999999999996,0,-32.98,0,0,-0.02,0,0,0,0,0,-1.15,0,0,-0.15,0,-4.74,0,-32.98,-0.02,-1.15,-4.74,27,27,21,273,273,17,17,18.76,18.759999999999998,209,209,81,239.94,239.93,103.97999999999999,1,1,1,1.1,1.0799999999999998,1.25,0,0,0,0,0,0,9,9,6,8.97,8.98,5.96,1,1,0.65,0.65,0,1,12.68,49.32,17.95,10.36,43.9,12.100000000000001,-1.7600000000000016,-1.7599999999999993,-30.939999999999998,-30.929999999999996,-22.979999999999997,-0.10000000000000009,-0.07999999999999996,-0.2500000000000001,0,0,0,0.02999999999999936,0.020000000000000018,0.040000000000000036,0.35,0.35,-2.3200000000000003,-5.42,-5.8500000000000005,290,343.90999999999997,-53.91,2,2.33,-0.33000000000000007,15,14.940000000000001,0.06000000000000005,56,67.27,-11.27
2026,LAC,1,2026_01_ARI_LAC,00-0038573,Derius Davis,WR,0,1,0,0,55,0,0,0,0.29,0,0,0,0,16.72,0,0,0,0,0,0.13,0,0,0,0,0,0,0,0,0,0,0,0.27,0,0,1,0,0.05,0,0,0,2.74,0,0,0,0,0,16.72,0,0.13,0,0.27,0,2.74,0,-0.29,0,-16.72,0,0,-0.13,0,0,0,0,0,-0.27,0,0,0.95,0,-2.74,0,-16.72,-0.13,-0.27,-2.74,27,27,21,273,273,17,17,18.76,18.759999999999998,209,209,81,239.94,239.93,103.97999999999999,1,1,1,1.1,1.0799999999999998,1.25,0,0,0,0,0,0,9,9,6,8.97,8.98,5.96,1,1,0.65,0.65,0,1,12.68,49.32,17.95,10.36,43.9,12.100000000000001,-1.7600000000000016,-1.7599999999999993,-30.939999999999998,-30.929999999999996,-22.979999999999997,-0.10000000000000009,-0.07999999999999996,-0.2500000000000001,0,0,0,0.02999999999999936,0.020000000000000018,0.040000000000000036,0.35,0.35,-2.3200000000000003,-5.42,-5.8500000000000005,290,343.90999999999997,-53.91,2,2.33,-0.33000000000000007,15,14.940000000000001,0.06000000000000005,56,67.27,-11.27
2026,PIT,1,2026_01_ATL_PIT,00-0023459,Aaron Rodgers,QB,40,0,3,407,0,24,0,25.27,0,221,0,-3,301.39,0,-3,1,0,0,2.62,0,0,0,0,0,0,0,0,10,0,0,14.68,0,0,0,0,0.96,0,0,0,20.63,0,-0.3,12.84,0,-0.3,218,298.39,1,2.62,10,14.68,12.54,20.33,-1.2699999999999996,0,-80.38999999999999,0,0,-1.62,0,0,0,0,0,-4.68,0,0,-0.96,0,-7.789999999999999,0,0,-80.38999999999999,-1.62,-4.68,-7.789999999999999,41,41,21,407,407,24,24,25.78,25.77,221,221,58,305.18,305.19,82.22,1,1,0,2.63,2.62,0.12,0,0,0,0,0,0,10,10,3,14.77,14.76,4.01,0,0,0.98,0.98,1,0,20.77,72.07,8.97,12.84,50.1,5.8,-1.7799999999999996,-1.7699999999999998,-84.17999999999999,-84.19,-24.22,-1.6300000000000001,-1.62,-0.12,0,0,0,-4.77,-4.76,-1.01,-0.98,-0.98,-7.929999999999999,-21.97,-3.170000000000001,279,387.40999999999997,-108.41,1,2.74,-1.7400000000000002,13,18.77,-5.77,55.9,81.03999999999999,-25.14
2026,PIT,1,2026_01_ATL_PIT,NA,NA,NA,0,4,0,0,19,0,0,0,2.34,0,0,0,0,21.3,0,0,0,0,0,0.36,0,0,0,0,0,0,0,0,0,0,0,1.22,0,0,0,0,0.08,0,0,0,6.63,0,0,0,0,0,21.3,0,0.36,0,1.22,0,6.63,0,-2.34,0,-21.3,0,0,-0.36,0,0,0,0,0,-1.22,0,0,-0.08,0,-6.63,0,-21.3,-0.36,-1.22,-6.63,41,41,21,407,407,24,24,25.78,25.77,221,221,58,305.18,305.19,82.22,1,1,0,2.63,2.62,0.12,0,0,0,0,0,0,10,10,3,14.77,14.76,4.01,0,0,0.98,0.98,1,0,20.77,72.07,8.97,12.84,50.1,5.8,-1.7799999999999996,-1.7699999999999998,-84.17999999999999,-84.19,-24.22,-1.6300000000000001,-1.62,-0.12,0,0,0,-4.77,-4.76,-1.01,-0.98,-0.98,-7.929999999999999,-21.97,-3.170000000000001,279,387.40999999999997,-108.41,1,2.74,-1.7400000000000002,13,18.77,-5.77,55.9,81.03999999999999,-25.14
2026,PIT,1,2026_01_ATL_PIT,00-0035640,DK Metcalf,WR,0,10,0,0,204,0,4,0,4.64,0,40,0,0,92.7,0,0,0,0,0,0.49,0,0,0,0,0,0,0,0,2,0,0,3.63,0,0,0,0,0.37,0,0,0,16.84,0,0,8,0,40,92.7,0,0.49,2,3.63,8,16.84,0,-0.6399999999999997,0,-52.7,0,0,-0.49,0,0,0,0,0,-1.63,0,0,-0.37,0,-8.84,0,-52.7,-0.49,-1.63,-8.84,41,41,21,407,407,24,24,25.78,25.77,221,221,58,305.18,305.19,82.22,1,1,0,2.63,2.62,0.12,0,0,0,0,0,0,10,10,3,14.77,14.76,4.01,0,0,0.98,0.98,1,0,20.77,72.07,8.97,12.84,50.1,5.8,-1.7799999999999996,-1.7699999999999998,-84.17999999999999,-84.19,-24.22,-1.6300000000000001,-1.62,-0.12,0,0,0,-4.77,-4.76,-1.01,-0.98,-0.98,-7.929999999999999,-21.97,-3.170000000000001,279,387.40999999999997,-108.41,1,2.74,-1.7400000000000002,13,18.77,-5.77,55.9,81.03999999999999,-25.14
2026,ATL,1,2026_01_ATL_PIT,00-0033662,Cooper Rush,QB,22,0,0,77,0,12,0,15.95,0,143,0,0,143.93,0,0,1,0,0,0.14,0,0,0,0,0,0,0,0,4,0,0,4.74,0,0,2,0,0.42,0,0,0,5.48,0,0,5.72,0,0,143,143.93,1,0.14,4,4.74,5.72,5.48,-3.9499999999999993,0,-0.9300000000000068,0,0,0.86,0,0,0,0,0,-0.7400000000000002,0,0,1.58,0,0.23999999999999932,0,0,-0.9300000000000068,0.86,-0.7400000000000002,0.23999999999999932,22,22,31,77,77,12,12,15.95,15.950000000000001,143,143,120,143.93,143.93,134.34,1,1,0,0.14,0.14,0.14,0,0,0,0,0,0,4,4,9,4.74,4.75,6.5,2,2,0.42,0.42,0,0,5.48,31.2,14.26,5.72,32.3,12,-3.9499999999999993,-3.95,-0.9300000000000068,-0.9300000000000068,-14.340000000000007,0.86,0.86,-0.14,0,0,0,-0.7400000000000002,-0.75,2.5,1.58,1.58,0.23999999999999932,1.0999999999999999,-2.2599999999999993,263,278.27,-15.270000000000014,1,0.28,0.72,13,11.25,1.75,44.3,45.46,-1.1599999999999995
2026,ATL,1,2026_01_ATL_PIT,00-0038542,Bijan Robinson,RB,0,10,21,0,-30,0,8,0,7.91,0,90,83,0,46.77,90.65,0,1,0,0,0.07,0.08,0,0,0,0,0,0,0,2,7,0,1.55,4.78,0,1,0,0.08,0,0,0,13.02,9.55,0,23,8.3,173,137.42000000000002,1,0.15000000000000002,9,6.33,31.3,22.57,0,0.08999999999999986,0,43.23,-7.650000000000006,0,0.9299999999999999,-0.08,0,0,0,0,0.44999999999999996,2.2199999999999998,0,0.92,0,9.98,-1.25,35.579999999999984,0.85,2.67,8.73,22,22,31,77,77,12,12,15.95,15.950000000000001,143,143,120,143.93,143.93,134.34,1,1,0,0.14,0.14,0.14,0,0,0,0,0,0,4,4,9,4.74,4.75,6.5,2,2,0.42,0.42,0,0,5.48,31.2,14.26,5.72,32.3,12,-3.9499999999999993,-3.95,-0.9300000000000068,-0.9300000000000068,-14.340000000000007,0.86,0.86,-0.14,0,0,0,-0.7400000000000002,-0.75,2.5,1.58,1.58,0.23999999999999932,1.0999999999999999,-2.2599999999999993,263,278.27,-15.270000000000014,1,0.28,0.72,13,11.25,1.75,44.3,45.46,-1.1599999999999995
2026,PIT,1,2026_01_ATL_PIT,00-0036894,Pat Freiermuth,TE,0,5,0,0,21,0,5,0,3.65,0,46,0,0,31.41,0,0,1,0,0,0.62,0,0,0,0,0,0,0,0,3,0,0,2.04,0,0,0,0,0.09,0,0,0,10.54,0,0,15.6,0,46,31.41,1,0.62,3,2.04,15.6,10.54,0,1.35,0,14.59,0,0,0.38,0,0,0,0,0,0.96,0,0,-0.09,0,5.0600000000000005,0,14.59,0.38,0.96,5.0600000000000005,41,41,21,407,407,24,24,25.78,25.77,221,221,58,305.18,305.19,82.22,1,1,0,2.63,2.62,0.12,0,0,0,0,0,0,10,10,3,14.77,14.76,4.01,0,0,0.98,0.98,1,0,20.77,72.07,8.97,12.84,50.1,5.8,-1.7799999999999996,-1.7699999999999998,-84.17999999999999,-84.19,-24.22,-1.6300000000000001,-1.62,-0.12,0,0,0,-4.77,-4.76,-1.01,-0.98,-0.98,-7.929999999999999,-21.97,-3.170000000000001,279,387.40999999999997,-108.41,1,2.74,-1.7400000000000002,13,18.77,-5.77,55.9,81.03999999999999,-25.14
2026,PIT,1,2026_01_ATL_PIT,00-0036252,Michael Pittman,WR,0,3,0,0,33,0,3,0,1.91,0,58,0,0,27.21,0,0,0,0,0,0.01,0,0,0,0,0,0,0,0,2,0,0,1.48,0,0,0,0,0.06,0,0,0,4.7,0,0,8.8,0,58,27.21,0,0.01,2,1.48,8.8,4.7,0,1.09,0,30.79,0,0,-0.01,0,0,0,0,0,0.52,0,0,-0.06,0,4.1000000000000005,0,30.79,-0.01,0.52,4.1000000000000005,41,41,21,407,407,24,24,25.78,25.77,221,221,58,305.18,305.19,82.22,1,1,0,2.63,2.62,0.12,0,0,0,0,0,0,10,10,3,14.77,14.76,4.01,0,0,0.98,0.98,1,0,20.77,72.07,8.97,12.84,50.1,5.8,-1.7799999999999996,-1.7699999999999998,-84.17999999999999,-84.19,-24.22,-1.6300000000000001,-1.62,-0.12,0,0,0,-4.77,-4.76,-1.01,-0.98,-0.98,-7.929999999999999,-21.97,-3.170000000000001,279,387.40999999999997,-108.41,1,2.74,-1.7400000000000002,13,18.77,-5.77,55.9,81.03999999999999,-25.14
2026,PIT,1,2026_01_ATL_PIT,00-0036139,Rico Dowdle,RB,0,5,8,0,4,0,2,0,3.81,0,6,15,0,28.59,35.28,0,0,0,0,0.07,0.06,0,0,0,0,0,0,0,0,0,0,1.46,0.95,0,0,0,0.05,0,0,0,7.08,3.91,0,2.6,1.5,21,63.870000000000005,0,0.13,0,2.41,4.1,10.99,0,-1.81,0,-22.59,-20.28,0,-0.07,-0.06,0,0,0,0,-1.46,-0.95,0,-0.05,0,-4.48,-2.41,-42.870000000000005,-0.13,-2.41,-6.890000000000001,41,41,21,407,407,24,24,25.78,25.77,221,221,58,305.18,305.19,82.22,1,1,0,2.63,2.62,0.12,0,0,0,0,0,0,10,10,3,14.77,14.76,4.01,0,0,0.98,0.98,1,0,20.77,72.07,8.97,12.84,50.1,5.8,-1.7799999999999996,-1.7699999999999998,-84.17999999999999,-84.19,-24.22,-1.6300000000000001,-1.62,-0.12,0,0,0,-4.77,-4.76,-1.01,-0.98,-0.98,-7.929999999999999,-21.97,-3.170000000000001,279,387.40999999999997,-108.41,1,2.74,-1.7400000000000002,13,18.77,-5.77,55.9,81.03999999999999,-25.14
2026,ATL,1,2026_01_ATL_PIT,00-0036970,Kyle Pitts,TE,0,1,0,0,26,0,0,0,0.38,0,0,0,0,11.06,0,0,0,0,0,0.01,0,0,0,0,0,0,0,0,0,0,0,0.36,0,0,0,0,0.05,0,0,0,1.56,0,0,0,0,0,11.06,0,0.01,0,0.36,0,1.56,0,-0.38,0,-11.06,0,0,-0.01,0,0,0,0,0,-0.36,0,0,-0.05,0,-1.56,0,-11.06,-0.01,-0.36,-1.56,22,22,31,77,77,12,12,15.95,15.950000000000001,143,143,120,143.93,143.93,134.34,1,1,0,0.14,0.14,0.14,0,0,0,0,0,0,4,4,9,4.74,4.75,6.5,2,2,0.42,0.42,0,0,5.48,31.2,14.26,5.72,32.3,12,-3.9499999999999993,-3.95,-0.9300000000000068,-0.9300000000000068,-14.340000000000007,0.86,0.86,-0.14,0,0,0,-0.7400000000000002,-0.75,2.5,1.58,1.58,0.23999999999999932,1.0999999999999999,-2.2599999999999993,263,278.27,-15.270000000000014,1,0.28,0.72,13,11.25,1.75,44.3,45.46,-1.1599999999999995
2026,ATL,1,2026_01_ATL_PIT,00-0037741,Jahan Dotson,WR,0,3,0,0,52,0,1,0,1.71,0,19,0,0,36.02,0,0,0,0,0,0.02,0,0,0,0,0,0,0,0,1,0,0,1.47,0,0,1,0,0.15,0,0,0,5.4,0,0,2.9,0,19,36.02,0,0.02,1,1.47,2.9,5.4,0,-0.71,0,-17.020000000000003,0,0,-0.02,0,0,0,0,0,-0.47,0,0,0.85,0,-2.5000000000000004,0,-17.020000000000003,-0.02,-0.47,-2.5000000000000004,22,22,31,77,77,12,12,15.95,15.950000000000001,143,143,120,143.93,143.93,134.34,1,1,0,0.14,0.14,0.14,0,0,0,0,0,0,4,4,9,4.74,4.75,6.5,2,2,0.42,0.42,0,0,5.48,31.2,14.26,5.72,32.3,12,-3.9499999999999993,-3.95,-0.9300000000000068,-0.9300000000000068,-14.340000000000007,0.86,0.86,-0.14,0,0,0,-0.7400000000000002,-0.75,2.5,1.58,1.58,0.23999999999999932,1.0999999999999999,-2.2599999999999993,263,278.27,-15.270000000000014,1,0.28,0.72,13,11.25,1.75,44.3,45.46,-1.1599999999999995
2026,PIT,1,2026_01_ATL_PIT,00-0037228,Jaylen Warren,RB,0,6,10,0,-6,0,5,0,4.69,0,27,46,0,31.55,49.94,0,0,0,0,0.56,0.06,0,0,0,0,0,0,0,1,3,0,1.84,3.06,0,0,0,0.05,1,0,0,11.23,5.36,0,5.7,4.6,73,81.49,0,0.6200000000000001,4,4.9,10.3,16.59,0,0.3099999999999996,0,-4.550000000000001,-3.9399999999999977,0,-0.56,-0.06,0,0,0,0,-0.8400000000000001,-0.06000000000000005,0,-0.05,0,-5.53,-0.7600000000000007,-8.489999999999995,-0.6200000000000001,-0.9000000000000004,-6.289999999999999,41,41,21,407,407,24,24,25.78,25.77,221,221,58,305.18,305.19,82.22,1,1,0,2.63,2.62,0.12,0,0,0,0,0,0,10,10,3,14.77,14.76,4.01,0,0,0.98,0.98,1,0,20.77,72.07,8.97,12.84,50.1,5.8,-1.7799999999999996,-1.7699999999999998,-84.17999999999999,-84.19,-24.22,-1.6300000000000001,-1.62,-0.12,0,0,0,-4.77,-4.76,-1.01,-0.98,-0.98,-7.929999999999999,-21.97,-3.170000000000001,279,387.40999999999997,-108.41,1,2.74,-1.7400000000000002,13,18.77,-5.77,55.9,81.03999999999999,-25.14
2026,ATL,1,2026_01_ATL_PIT,00-0037238,Drake London,WR,0,4,1,0,22,0,2,0,2.81,0,29,6,0,26.04,5.81,0,0,0,0,0.03,0.02,0,0,0,0,0,0,0,1,0,0,0.97,0.29,0,0,0,0.08,0,0,0,5.58,0.69,0,4.9,0.6,35,31.849999999999998,0,0.05,1,1.26,5.5,6.27,0,-0.81,0,2.960000000000001,0.1900000000000004,0,-0.03,-0.02,0,0,0,0,0.030000000000000027,-0.29,0,-0.08,0,-0.6799999999999997,-0.08999999999999997,3.150000000000002,-0.05,-0.26,-0.7699999999999996,22,22,31,77,77,12,12,15.95,15.950000000000001,143,143,120,143.93,143.93,134.34,1,1,0,0.14,0.14,0.14,0,0,0,0,0,0,4,4,9,4.74,4.75,6.5,2,2,0.42,0.42,0,0,5.48,31.2,14.26,5.72,32.3,12,-3.9499999999999993,-3.95,-0.9300000000000068,-0.9300000000000068,-14.340000000000007,0.86,0.86,-0.14,0,0,0,-0.7400000000000002,-0.75,2.5,1.58,1.58,0.23999999999999932,1.0999999999999999,-2.2599999999999993,263,278.27,-15.270000000000014,1,0.28,0.72,13,11.25,1.75,44.3,45.46,-1.1599999999999995
2026,ATL,1,2026_01_ATL_PIT,NA,NA,NA,0,3,0,0,2,0,0,0,2.35,0,0,0,0,17.19,0,0,0,0,0,0.01,0,0,0,0,0,0,0,0,0,0,0,0.37,0,0,0,0,0.05,0,0,0,4.15,0,0,0,0,0,17.19,0,0.01,0,0.37,0,4.15,0,-2.35,0,-17.19,0,0,-0.01,0,0,0,0,0,-0.37,0,0,-0.05,0,-4.15,0,-17.19,-0.01,-0.37,-4.15,22,22,31,77,77,12,12,15.95,15.950000000000001,143,143,120,143.93,143.93,134.34,1,1,0,0.14,0.14,0.14,0,0,0,0,0,0,4,4,9,4.74,4.75,6.5,2,2,0.42,0.42,0,0,5.48,31.2,14.26,5.72,32.3,12,-3.9499999999999993,-3.95,-0.9300000000000068,-0.9300000000000068,-14.340000000000007,0.86,0.86,-0.14,0,0,0,-0.7400000000000002,-0.75,2.5,1.58,1.58,0.23999999999999932,1.0999999999999999,-2.2599999999999993,263,278.27,-15.270000000000014,1,0.28,0.72,13,11.25,1.75,44.3,45.46,-1.1599999999999995
2026,PIT,1,2026_01_ATL_PIT,00-0039739,Roman Wilson,WR,0,6,0,0,126,0,3,0,3.21,0,26,0,0,58.64,0,0,0,0,0,0.51,0,0,0,0,0,0,0,0,1,0,0,2.14,0,0,0,0,0.27,0,0,0,12.13,0,0,5.6,0,26,58.64,0,0.51,1,2.14,5.6,12.13,0,-0.20999999999999996,0,-32.64,0,0,-0.51,0,0,0,0,0,-1.1400000000000001,0,0,-0.27,0,-6.530000000000001,0,-32.64,-0.51,-1.1400000000000001,-6.530000000000001,41,41,21,407,407,24,24,25.78,25.77,221,221,58,305.18,305.19,82.22,1,1,0,2.63,2.62,0.12,0,0,0,0,0,0,10,10,3,14.77,14.76,4.01,0,0,0.98,0.98,1,0,20.77,72.07,8.97,12.84,50.1,5.8,-1.7799999999999996,-1.7699999999999998,-84.17999999999999,-84.19,-24.22,-1.6300000000000001,-1.62,-0.12,0,0,0,-4.77,-4.76,-1.01,-0.98,-0.98,-7.929999999999999,-21.97,-3.170000000000001,279,387.40999999999997,-108.41,1,2.74,-1.7400000000000002,13,18.77,-5.77,55.9,81.03999999999999,-25.14
2026,PIT,1,2026_01_ATL_PIT,00-0033729,Cameron Johnston,P,1,0,0,0,0,0,0,0.51,0,0,0,0,3.79,0,0,0,0,0,0.01,0,0,0,0,0,0,0,0,0,0,0,0.09,0,0,0,0,0.02,0,0,0,0.14,0,0,0,0,0,0,3.79,0,0.01,0,0.09,0,0.14,-0.51,0,-3.79,0,0,-0.01,0,0,0,0,0,-0.09,0,0,-0.02,0,-0.14,0,0,-3.79,-0.01,-0.09,-0.14,41,41,21,407,407,24,24,25.78,25.77,221,221,58,305.18,305.19,82.22,1,1,0,2.63,2.62,0.12,0,0,0,0,0,0,10,10,3,14.77,14.76,4.01,0,0,0.98,0.98,1,0,20.77,72.07,8.97,12.84,50.1,5.8,-1.7799999999999996,-1.7699999999999998,-84.17999999999999,-84.19,-24.22,-1.6300000000000001,-1.62,-0.12,0,0,0,-4.77,-4.76,-1.01,-0.98,-0.98,-7.929999999999999,-21.97,-3.170000000000001,279,387.40999999999997,-108.41,1,2.74,-1.7400000000000002,13,18.77,-5.77,55.9,81.03999999999999,-25.14
2026,ATL,1,2026_01_ATL_PIT,00-0035208,Olamide Zaccheaus,WR,0,1,0,0,5,0,1,0,0.79,0,5,0,0,6.85,0,0,0,0,0,0,0,0,0,0,0,0,0,0,0,0,0,0.03,0,0,0,0,0.01,0,0,0,1.49,0,0,1.5,0,5,6.85,0,0,0,0.03,1.5,1.49,0,0.20999999999999996,0,-1.8499999999999996,0,0,0,0,0,0,0,0,-0.03,0,0,-0.01,0,0.010000000000000009,0,-1.8499999999999996,0,-0.03,0.010000000000000009,22,22,31,77,77,12,12,15.95,15.950000000000001,143,143,120,143.93,143.93,134.34,1,1,0,0.14,0.14,0.14,0,0,0,0,0,0,4,4,9,4.74,4.75,6.5,2,2,0.42,0.42,0,0,5.48,31.2,14.26,5.72,32.3,12,-3.9499999999999993,-3.95,-0.9300000000000068,-0.9300000000000068,-14.340000000000007,0.86,0.86,-0.14,0,0,0,-0.7400000000000002,-0.75,2.5,1.58,1.58,0.23999999999999932,1.0999999999999999,-2.2599999999999993,263,278.27,-15.270000000000014,1,0.28,0.72,13,11.25,1.75,44.3,45.46,-1.1599999999999995
2026,PIT,1,2026_01_ATL_PIT,00-0038558,Darnell Washington,TE,0,2,0,0,6,0,2,0,1.52,0,18,0,0,13.79,0,0,0,0,0,0,0,0,0,0,0,0,0,0,1,0,0,0.95,0,0,0,0,0.01,0,0,0,2.92,0,0,3.8,0,18,13.79,0,0,1,0.95,3.8,2.92,0,0.48,0,4.210000000000001,0,0,0,0,0,0,0,0,0.050000000000000044,0,0,-0.01,0,0.8799999999999999,0,4.210000000000001,0,0.050000000000000044,0.8799999999999999,41,41,21,407,407,24,24,25.78,25.77,221,221,58,305.18,305.19,82.22,1,1,0,2.63,2.62,0.12,0,0,0,0,0,0,10,10,3,14.77,14.76,4.01,0,0,0.98,0.98,1,0,20.77,72.07,8.97,12.84,50.1,5.8,-1.7799999999999996,-1.7699999999999998,-84.17999999999999,-84.19,-24.22,-1.6300000000000001,-1.62,-0.12,0,0,0,-4.77,-4.76,-1.01,-0.98,-0.98,-7.929999999999999,-21.97,-3.170000000000001,279,387.40999999999997,-108.41,1,2.74,-1.7400000000000002,13,18.77,-5.77,55.9,81.03999999999999,-25.14
2026,IND,1,2026_01_BAL_IND,00-0035710,Daniel Jones,QB,31,0,1,201,0,19,0,21.29,0,166,0,4,218.44,0,5.69,1,0,0,0.84,0,0.01,0,0,0,0,0,0,8,0,1,10.57,0,0.75,1,0,0.75,0,0,0,10.59,0,0.63,8.64,0,0.4,170,224.13,1,0.85,9,11.32,9.040000000000001,11.22,-2.289999999999999,0,-52.44,0,-1.6900000000000004,0.16000000000000003,0,-0.01,0,0,0,-2.5700000000000003,0,0.25,0.25,0,-1.9499999999999993,0,-0.22999999999999998,-54.129999999999995,0.15000000000000002,-2.3200000000000003,-2.1799999999999997,31,31,20,201,201,19,19,21.29,21.29,166,166,102,218.44,218.44,83.33,1,1,2,0.84,0.8300000000000001,1.56,0,0,0,0,0,0,8,8,8,10.57,10.57,4.86,1,1,0.75,0.76,1,0,10.59,48.160000000000004,17.709999999999997,8.64,39.6,22.2,-2.289999999999999,-2.2900000000000005,-52.44,-52.43999999999999,18.669999999999998,0.16000000000000003,0.16999999999999993,0.43999999999999995,0,0,0,-2.5700000000000003,-2.57,3.1399999999999997,0.25,0.24,-1.9499999999999993,-8.56,4.490000000000002,268,301.77,-33.769999999999996,3,2.39,0.6099999999999999,16,15.43,0.5699999999999998,61.8,65.87,-4.0699999999999985
2026,IND,1,2026_01_BAL_IND,00-0037292,Andrew Ogletree,TE,0,1,0,0,3,0,0,0,0.82,0,0,0,0,7.55,0,0,0,0,0,0,0,0,0,0,0,0,0,0,0,0,0,0.3,0,0,0,0,0.01,0,0,0,1.59,0,0,0,0,0,7.55,0,0,0,0.3,0,1.59,0,-0.82,0,-7.55,0,0,0,0,0,0,0,0,-0.3,0,0,-0.01,0,-1.59,0,-7.55,0,-0.3,-1.59,31,31,20,201,201,19,19,21.29,21.29,166,166,102,218.44,218.44,83.33,1,1,2,0.84,0.8300000000000001,1.56,0,0,0,0,0,0,8,8,8,10.57,10.57,4.86,1,1,0.75,0.76,1,0,10.59,48.160000000000004,17.709999999999997,8.64,39.6,22.2,-2.289999999999999,-2.2900000000000005,-52.44,-52.43999999999999,18.669999999999998,0.16000000000000003,0.16999999999999993,0.43999999999999995,0,0,0,-2.5700000000000003,-2.57,3.1399999999999997,0.25,0.24,-1.9499999999999993,-8.56,4.490000000000002,268,301.77,-33.769999999999996,3,2.39,0.6099999999999999,16,15.43,0.5699999999999998,61.8,65.87,-4.0699999999999985
2026,IND,1,2026_01_BAL_IND,00-0030279,Keenan Allen,WR,0,6,0,0,22,0,6,0,4.73,0,32,0,0,34.73,0,0,0,0,0,0.28,0,0,0,0,0,0,0,0,1,0,0,1.85,0,0,0,0,0.06,0,0,0,9.88,0,0,9.2,0,32,34.73,0,0.28,1,1.85,9.2,9.88,0,1.2699999999999996,0,-2.729999999999997,0,0,-0.28,0,0,0,0,0,-0.8500000000000001,0,0,-0.06,0,-0.6800000000000015,0,-2.729999999999997,-0.28,-0.8500000000000001,-0.6800000000000015,31,31,20,201,201,19,19,21.29,21.29,166,166,102,218.44,218.44,83.33,1,1,2,0.84,0.8300000000000001,1.56,0,0,0,0,0,0,8,8,8,10.57,10.57,4.86,1,1,0.75,0.76,1,0,10.59,48.160000000000004,17.709999999999997,8.64,39.6,22.2,-2.289999999999999,-2.2900000000000005,-52.44,-52.43999999999999,18.669999999999998,0.16000000000000003,0.16999999999999993,0.43999999999999995,0,0,0,-2.5700000000000003,-2.57,3.1399999999999997,0.25,0.24,-1.9499999999999993,-8.56,4.490000000000002,268,301.77,-33.769999999999996,3,2.39,0.6099999999999999,16,15.43,0.5699999999999998,61.8,65.87,-4.0699999999999985
2026,IND,1,2026_01_BAL_IND,00-0038997,Josh Downs,WR,0,4,0,0,36,0,2,0,2.52,0,37,0,0,31.71,0,0,0,0,0,0.07,0,0,0,0,0,0,0,0,2,0,0,1.73,0,0,0,0,0.13,0,0,0,6.13,0,0,5.7,0,37,31.71,0,0.07,2,1.73,5.7,6.13,0,-0.52,0,5.289999999999999,0,0,-0.07,0,0,0,0,0,0.27,0,0,-0.13,0,-0.4299999999999997,0,5.289999999999999,-0.07,0.27,-0.4299999999999997,31,31,20,201,201,19,19,21.29,21.29,166,166,102,218.44,218.44,83.33,1,1,2,0.84,0.8300000000000001,1.56,0,0,0,0,0,0,8,8,8,10.57,10.57,4.86,1,1,0.75,0.76,1,0,10.59,48.160000000000004,17.709999999999997,8.64,39.6,22.2,-2.289999999999999,-2.2900000000000005,-52.44,-52.43999999999999,18.669999999999998,0.16000000000000003,0.16999999999999993,0.43999999999999995,0,0,0,-2.5700000000000003,-2.57,3.1399999999999997,0.25,0.24,-1.9499999999999993,-8.56,4.490000000000002,268,301.77,-33.769999999999996,3,2.39,0.6099999999999999,16,15.43,0.5699999999999998,61.8,65.87,-4.0699999999999985
2026,IND,1,2026_01_BAL_IND,00-0036223,Jonathan Taylor,RB,0,4,19,0,0,0,3,0,3.1,0,23,98,0,23.27,77.64,0,0,2,0,0.02,1.55,0,0,0,0,0,0,0,0,7,0,0.82,4.11,0,0,0,0.04,1,0,0,5.54,17.08,0,3.3,21.8,121,100.91,2,1.57,7,4.930000000000001,25.1,22.619999999999997,0,-0.10000000000000009,0,-0.2699999999999996,20.36,0,-0.02,0.44999999999999996,0,0,0,0,-0.82,2.8899999999999997,0,-0.04,0,-2.24,4.720000000000002,20.090000000000003,0.42999999999999994,2.0699999999999994,2.480000000000004,31,31,20,201,201,19,19,21.29,21.29,166,166,102,218.44,218.44,83.33,1,1,2,0.84,0.8300000000000001,1.56,0,0,0,0,0,0,8,8,8,10.57,10.57,4.86,1,1,0.75,0.76,1,0,10.59,48.160000000000004,17.709999999999997,8.64,39.6,22.2,-2.289999999999999,-2.2900000000000005,-52.44,-52.43999999999999,18.669999999999998,0.16000000000000003,0.16999999999999993,0.43999999999999995,0,0,0,-2.5700000000000003,-2.57,3.1399999999999997,0.25,0.24,-1.9499999999999993,-8.56,4.490000000000002,268,301.77,-33.769999999999996,3,2.39,0.6099999999999999,16,15.43,0.5699999999999998,61.8,65.87,-4.0699999999999985
2026,IND,1,2026_01_BAL_IND,00-0037664,Alec Pierce,WR,0,6,0,0,103,0,4,0,3.4,0,61,0,0,66.88,0,0,0,0,0,0.27,0,0,0,0,0,0,0,0,4,0,0,3.5,0,0,0,0,0.3,0,0,0,11.68,0,0,10.1,0,61,66.88,0,0.27,4,3.5,10.1,11.68,0,0.6000000000000001,0,-5.8799999999999955,0,0,-0.27,0,0,0,0,0,0.5,0,0,-0.3,0,-1.58,0,-5.8799999999999955,-0.27,0.5,-1.58,31,31,20,201,201,19,19,21.29,21.29,166,166,102,218.44,218.44,83.33,1,1,2,0.84,0.8300000000000001,1.56,0,0,0,0,0,0,8,8,8,10.57,10.57,4.86,1,1,0.75,0.76,1,0,10.59,48.160000000000004,17.709999999999997,8.64,39.6,22.2,-2.289999999999999,-2.2900000000000005,-52.44,-52.43999999999999,18.669999999999998,0.16000000000000003,0.16999999999999993,0.43999999999999995,0,0,0,-2.5700000000000003,-2.57,3.1399999999999997,0.25,0.24,-1.9499999999999993,-8.56,4.490000000000002,268,301.77,-33.769999999999996,3,2.39,0.6099999999999999,16,15.43,0.5699999999999998,61.8,65.87,-4.0699999999999985
2026,BAL,1,2026_01_BAL_IND,00-0034796,Lamar Jackson,QB,25,0,7,269,0,17,0,16.22,0,324,0,40,231.67,0,21.1,1,0,1,1.44,0,0.52,0,0,0,0,0,0,11,0,3,9.92,0,1.75,0,0,0.48,0,0,0,14.08,0,5.22,16.96,0,10,364,252.76999999999998,2,1.96,14,11.67,26.96,19.3,0.7800000000000011,0,92.33000000000001,0,18.9,-0.43999999999999995,0,0.48,0,0,0,1.08,0,1.25,-0.48,0,2.880000000000001,0,4.78,111.23000000000002,0.040000000000000036,2.33,7.66,25,25,37,269,269,17,17,16.22,16.22,324,324,202,231.67,231.68,150.07999999999998,1,1,4,1.44,1.45,1.97,0,0,0,0,0,0,11,11,12,9.92,9.92,8.01,0,0,0.48,0.47000000000000003,0,0,14.08,48.05,26.84,16.96,55.4,44.199999999999996,0.7800000000000011,0.7799999999999999,92.33000000000001,92.32,51.92,-0.43999999999999995,-0.45000000000000007,2.0300000000000002,0,0,0,1.08,1.0800000000000003,3.9899999999999998,-0.48,-0.47000000000000003,2.880000000000001,7.35,17.36,526,381.76,144.24,5,3.42,1.58,23,17.93,5.07,99.6,74.89,24.71
2026,BAL,1,2026_01_BAL_IND,00-0039064,Zay Flowers,WR,0,6,0,0,91,0,5,0,3.85,0,150,0,0,73.07,0,0,1,0,0,0.13,0,0,0,0,0,0,0,0,5,0,0,3.59,0,0,0,0,0.16,0,0,0,11.91,0,0,26,0,150,73.07,1,0.13,5,3.59,26,11.91,0,1.15,0,76.93,0,0,0.87,0,0,0,0,0,1.4100000000000001,0,0,-0.16,0,14.09,0,76.93,0.87,1.4100000000000001,14.09,25,25,37,269,269,17,17,16.22,16.22,324,324,202,231.67,231.68,150.07999999999998,1,1,4,1.44,1.45,1.97,0,0,0,0,0,0,11,11,12,9.92,9.92,8.01,0,0,0.48,0.47000000000000003,0,0,14.08,48.05,26.84,16.96,55.4,44.199999999999996,0.7800000000000011,0.7799999999999999,92.33000000000001,92.32,51.92,-0.43999999999999995,-0.45000000000000007,2.0300000000000002,0,0,0,1.08,1.0800000000000003,3.9899999999999998,-0.48,-0.47000000000000003,2.880000000000001,7.35,17.36,526,381.76,144.24,5,3.42,1.58,23,17.93,5.07,99.6,74.89,24.71
2026,IND,1,2026_01_BAL_IND,00-0032951,Laquon Treadwell,WR,0,1,0,0,4,0,0,0,0.81,0,0,0,0,6.63,0,0,0,0,0,0,0,0,0,0,0,0,0,0,0,0,0,0.14,0,0,1,0,0.01,0,0,0,1.48,0,0,0,0,0,6.63,0,0,0,0.14,0,1.48,0,-0.81,0,-6.63,0,0,0,0,0,0,0,0,-0.14,0,0,0.99,0,-1.48,0,-6.63,0,-0.14,-1.48,31,31,20,201,201,19,19,21.29,21.29,166,166,102,218.44,218.44,83.33,1,1,2,0.84,0.8300000000000001,1.56,0,0,0,0,0,0,8,8,8,10.57,10.57,4.86,1,1,0.75,0.76,1,0,10.59,48.160000000000004,17.709999999999997,8.64,39.6,22.2,-2.289999999999999,-2.2900000000000005,-52.44,-52.43999999999999,18.669999999999998,0.16000000000000003,0.16999999999999993,0.43999999999999995,0,0,0,-2.5700000000000003,-2.57,3.1399999999999997,0.25,0.24,-1.9499999999999993,-8.56,4.490000000000002,268,301.77,-33.769999999999996,3,2.39,0.6099999999999999,16,15.43,0.5699999999999998,61.8,65.87,-4.0699999999999985
2026,BAL,1,2026_01_BAL_IND,00-0040879,Matthew Hibner,TE,0,1,0,0,1,0,1,0,0.81,0,13,0,0,5.14,0,0,0,0,0,0.03,0,0,0,0,0,0,0,0,1,0,0,0.2,0,0,0,0,0,0,0,0,1.5,0,0,2.3,0,13,5.14,0,0.03,1,0.2,2.3,1.5,0,0.18999999999999995,0,7.86,0,0,-0.03,0,0,0,0,0,0.8,0,0,0,0,0.7999999999999998,0,7.86,-0.03,0.8,0.7999999999999998,25,25,37,269,269,17,17,16.22,16.22,324,324,202,231.67,231.68,150.07999999999998,1,1,4,1.44,1.45,1.97,0,0,0,0,0,0,11,11,12,9.92,9.92,8.01,0,0,0.48,0.47000000000000003,0,0,14.08,48.05,26.84,16.96,55.4,44.199999999999996,0.7800000000000011,0.7799999999999999,92.33000000000001,92.32,51.92,-0.43999999999999995,-0.45000000000000007,2.0300000000000002,0,0,0,1.08,1.0800000000000003,3.9899999999999998,-0.48,-0.47000000000000003,2.880000000000001,7.35,17.36,526,381.76,144.24,5,3.42,1.58,23,17.93,5.07,99.6,74.89,24.71
2026,BAL,1,2026_01_BAL_IND,00-0034798,Durham Smythe,TE,0,1,0,0,4,0,1,0,0.75,0,4,0,0,4.59,0,0,0,0,0,0.32,0,0,0,0,0,0,0,0,0,0,0,0.33,0,0,0,0,0.01,0,0,0,3.1,0,0,1.4,0,4,4.59,0,0.32,0,0.33,1.4,3.1,0,0.25,0,-0.5899999999999999,0,0,-0.32,0,0,0,0,0,-0.33,0,0,-0.01,0,-1.7000000000000002,0,-0.5899999999999999,-0.32,-0.33,-1.7000000000000002,25,25,37,269,269,17,17,16.22,16.22,324,324,202,231.67,231.68,150.07999999999998,1,1,4,1.44,1.45,1.97,0,0,0,0,0,0,11,11,12,9.92,9.92,8.01,0,0,0.48,0.47000000000000003,0,0,14.08,48.05,26.84,16.96,55.4,44.199999999999996,0.7800000000000011,0.7799999999999999,92.33000000000001,92.32,51.92,-0.43999999999999995,-0.45000000000000007,2.0300000000000002,0,0,0,1.08,1.0800000000000003,3.9899999999999998,-0.48,-0.47000000000000003,2.880000000000001,7.35,17.36,526,381.76,144.24,5,3.42,1.58,23,17.93,5.07,99.6,74.89,24.71
2026,IND,1,2026_01_BAL_IND,00-0040128,Tyler Warren,TE,0,5,0,0,23,0,3,0,3.66,0,13,0,0,29.36,0,0,1,0,0,0.16,0,0,0,0,0,0,0,0,1,0,0,1.23,0,0,0,0,0.1,0,0,0,7.58,0,0,10.3,0,13,29.36,1,0.16,1,1.23,10.3,7.58,0,-0.6600000000000001,0,-16.36,0,0,0.84,0,0,0,0,0,-0.22999999999999998,0,0,-0.1,0,2.7200000000000006,0,-16.36,0.84,-0.22999999999999998,2.7200000000000006,31,31,20,201,201,19,19,21.29,21.29,166,166,102,218.44,218.44,83.33,1,1,2,0.84,0.8300000000000001,1.56,0,0,0,0,0,0,8,8,8,10.57,10.57,4.86,1,1,0.75,0.76,1,0,10.59,48.160000000000004,17.709999999999997,8.64,39.6,22.2,-2.289999999999999,-2.2900000000000005,-52.44,-52.43999999999999,18.669999999999998,0.16000000000000003,0.16999999999999993,0.43999999999999995,0,0,0,-2.5700000000000003,-2.57,3.1399999999999997,0.25,0.24,-1.9499999999999993,-8.56,4.490000000000002,268,301.77,-33.769999999999996,3,2.39,0.6099999999999999,16,15.43,0.5699999999999998,61.8,65.87,-4.0699999999999985
2026,BAL,1,2026_01_BAL_IND,00-0032764,Derrick Henry,RB,0,1,24,0,-1,0,1,0,0.85,0,19,144,0,6.59,99.08,0,0,3,0,0.04,1.4,0,0,0,0,0,0,0,1,7,0,0.46,3.89,0,0,0,0,0,0,0,1.76,18.31,0,2.9,32.4,163,105.67,3,1.44,8,4.3500000000000005,35.3,20.07,0,0.15000000000000002,0,12.41,44.92,0,-0.04,1.6,0,0,0,0,0.54,3.11,0,0,0,1.14,14.09,57.33,1.56,3.6499999999999995,15.229999999999997,25,25,37,269,269,17,17,16.22,16.22,324,324,202,231.67,231.68,150.07999999999998,1,1,4,1.44,1.45,1.97,0,0,0,0,0,0,11,11,12,9.92,9.92,8.01,0,0,0.48,0.47000000000000003,0,0,14.08,48.05,26.84,16.96,55.4,44.199999999999996,0.7800000000000011,0.7799999999999999,92.33000000000001,92.32,51.92,-0.43999999999999995,-0.45000000000000007,2.0300000000000002,0,0,0,1.08,1.0800000000000003,3.9899999999999998,-0.48,-0.47000000000000003,2.880000000000001,7.35,17.36,526,381.76,144.24,5,3.42,1.58,23,17.93,5.07,99.6,74.89,24.71
2026,BAL,1,2026_01_BAL_IND,00-0034753,Mark Andrews,TE,0,6,0,0,44,0,4,0,4.38,0,49,0,0,52.95,0,0,0,0,0,0.07,0,0,0,0,0,0,0,0,2,0,0,2.08,0,0,0,0,0.1,0,0,0,10.08,0,0,8.9,0,49,52.95,0,0.07,2,2.08,8.9,10.08,0,-0.3799999999999999,0,-3.950000000000003,0,0,-0.07,0,0,0,0,0,-0.08000000000000007,0,0,-0.1,0,-1.1799999999999997,0,-3.950000000000003,-0.07,-0.08000000000000007,-1.1799999999999997,25,25,37,269,269,17,17,16.22,16.22,324,324,202,231.67,231.68,150.07999999999998,1,1,4,1.44,1.45,1.97,0,0,0,0,0,0,11,11,12,9.92,9.92,8.01,0,0,0.48,0.47000000000000003,0,0,14.08,48.05,26.84,16.96,55.4,44.199999999999996,0.7800000000000011,0.7799999999999999,92.33000000000001,92.32,51.92,-0.43999999999999995,-0.45000000000000007,2.0300000000000002,0,0,0,1.08,1.0800000000000003,3.9899999999999998,-0.48,-0.47000000000000003,2.880000000000001,7.35,17.36,526,381.76,144.24,5,3.42,1.58,23,17.93,5.07,99.6,74.89,24.71
2026,BAL,1,2026_01_BAL_IND,00-0040870,Ja'Kobi Lane,WR,0,3,0,0,30,0,1,0,1.89,0,11,0,0,25.17,0,0,0,0,0,0.64,0,0,0,0,0,0,0,0,0,0,0,1.22,0,0,0,0,0.08,0,0,0,8.27,0,0,2.1,0,11,25.17,0,0.64,0,1.22,2.1,8.27,0,-0.8899999999999999,0,-14.170000000000002,0,0,-0.64,0,0,0,0,0,-1.22,0,0,-0.08,0,-6.17,0,-14.170000000000002,-0.64,-1.22,-6.17,25,25,37,269,269,17,17,16.22,16.22,324,324,202,231.67,231.68,150.07999999999998,1,1,4,1.44,1.45,1.97,0,0,0,0,0,0,11,11,12,9.92,9.92,8.01,0,0,0.48,0.47000000000000003,0,0,14.08,48.05,26.84,16.96,55.4,44.199999999999996,0.7800000000000011,0.7799999999999999,92.33000000000001,92.32,51.92,-0.43999999999999995,-0.45000000000000007,2.0300000000000002,0,0,0,1.08,1.0800000000000003,3.9899999999999998,-0.48,-0.47000000000000003,2.880000000000001,7.35,17.36,526,381.76,144.24,5,3.42,1.58,23,17.93,5.07,99.6,74.89,24.71
2026,IND,1,2026_01_BAL_IND,NA,NA,NA,0,2,0,0,12,0,0,0,1.07,0,0,0,0,11.09,0,0,0,0,0,0.02,0,0,0,0,0,0,0,0,0,0,0,0.63,0,0,0,0,0.06,0,0,0,2.31,0,0,0,0,0,11.09,0,0.02,0,0.63,0,2.31,0,-1.07,0,-11.09,0,0,-0.02,0,0,0,0,0,-0.63,0,0,-0.06,0,-2.31,0,-11.09,-0.02,-0.63,-2.31,31,31,20,201,201,19,19,21.29,21.29,166,166,102,218.44,218.44,83.33,1,1,2,0.84,0.8300000000000001,1.56,0,0,0,0,0,0,8,8,8,10.57,10.57,4.86,1,1,0.75,0.76,1,0,10.59,48.160000000000004,17.709999999999997,8.64,39.6,22.2,-2.289999999999999,-2.2900000000000005,-52.44,-52.43999999999999,18.669999999999998,0.16000000000000003,0.16999999999999993,0.43999999999999995,0,0,0,-2.5700000000000003,-2.57,3.1399999999999997,0.25,0.24,-1.9499999999999993,-8.56,4.490000000000002,268,301.77,-33.769999999999996,3,2.39,0.6099999999999999,16,15.43,0.5699999999999998,61.8,65.87,-4.0699999999999985
2026,IND,1,2026_01_BAL_IND,00-0035021,Ashton Dulin,WR,0,1,0,0,0,0,0,0,0.57,0,0,0,0,3.49,0,0,0,0,0,0,0,0,0,0,0,0,0,0,0,0,0,0.11,0,0,0,0,0.03,0,0,0,0.94,0,0,0,0,0,3.49,0,0,0,0.11,0,0.94,0,-0.57,0,-3.49,0,0,0,0,0,0,0,0,-0.11,0,0,-0.03,0,-0.94,0,-3.49,0,-0.11,-0.94,31,31,20,201,201,19,19,21.29,21.29,166,166,102,218.44,218.44,83.33,1,1,2,0.84,0.8300000000000001,1.56,0,0,0,0,0,0,8,8,8,10.57,10.57,4.86,1,1,0.75,0.76,1,0,10.59,48.160000000000004,17.709999999999997,8.64,39.6,22.2,-2.289999999999999,-2.2900000000000005,-52.44,-52.43999999999999,18.669999999999998,0.16000000000000003,0.16999999999999993,0.43999999999999995,0,0,0,-2.5700000000000003,-2.57,3.1399999999999997,0.25,0.24,-1.9499999999999993,-8.56,4.490000000000002,268,301.77,-33.769999999999996,3,2.39,0.6099999999999999,16,15.43,0.5699999999999998,61.8,65.87,-4.0699999999999985
2026,BAL,1,2026_01_BAL_IND,00-0040075,LaJohntay Wester,WR,0,2,0,0,11,0,2,0,1.62,0,15,0,0,16.19,0,0,0,0,0,0.01,0,0,0,0,0,0,0,0,0,0,0,0.58,0,0,0,0,0.02,0,0,0,3.29,0,0,3.5,0,15,16.19,0,0.01,0,0.58,3.5,3.29,0,0.3799999999999999,0,-1.1900000000000013,0,0,-0.01,0,0,0,0,0,-0.58,0,0,-0.02,0,0.20999999999999996,0,-1.1900000000000013,-0.01,-0.58,0.20999999999999996,25,25,37,269,269,17,17,16.22,16.22,324,324,202,231.67,231.68,150.07999999999998,1,1,4,1.44,1.45,1.97,0,0,0,0,0,0,11,11,12,9.92,9.92,8.01,0,0,0.48,0.47000000000000003,0,0,14.08,48.05,26.84,16.96,55.4,44.199999999999996,0.7800000000000011,0.7799999999999999,92.33000000000001,92.32,51.92,-0.43999999999999995,-0.45000000000000007,2.0300000000000002,0,0,0,1.08,1.0800000000000003,3.9899999999999998,-0.48,-0.47000000000000003,2.880000000000001,7.35,17.36,526,381.76,144.24,5,3.42,1.58,23,17.93,5.07,99.6,74.89,24.71
2026,BAL,1,2026_01_BAL_IND,NA,NA,NA,0,1,0,0,-1,0,0,0,0,0,0,0,0,0,0,0,0,0,0,0,0,0,0,0,0,0,0,0,0,0,0,0,0,0,0,0,0,0,0,0,0,0,0,0,0,0,0,0,0,0,0,0,0,0,0,0,0,0,0,0,0,0,0,0,0,0,0,0,0,0,0,0,0,0,0,0,25,25,37,269,269,17,17,16.22,16.22,324,324,202,231.67,231.68,150.07999999999998,1,1,4,1.44,1.45,1.97,0,0,0,0,0,0,11,11,12,9.92,9.92,8.01,0,0,0.48,0.47000000000000003,0,0,14.08,48.05,26.84,16.96,55.4,44.199999999999996,0.7800000000000011,0.7799999999999999,92.33000000000001,92.32,51.92,-0.43999999999999995,-0.45000000000000007,2.0300000000000002,0,0,0,1.08,1.0800000000000003,3.9899999999999998,-0.48,-0.47000000000000003,2.880000000000001,7.35,17.36,526,381.76,144.24,5,3.42,1.58,23,17.93,5.07,99.6,74.89,24.71
2026,BAL,1,2026_01_BAL_IND,00-0036550,Rashod Bateman,WR,0,1,0,0,23,0,0,0,0.54,0,0,0,0,15.15,0,0,0,0,0,0.03,0,0,0,0,0,0,0,0,0,0,0,0.53,0,0,0,0,0.03,0,0,0,2.21,0,0,0,0,0,15.15,0,0.03,0,0.53,0,2.21,0,-0.54,0,-15.15,0,0,-0.03,0,0,0,0,0,-0.53,0,0,-0.03,0,-2.21,0,-15.15,-0.03,-0.53,-2.21,25,25,37,269,269,17,17,16.22,16.22,324,324,202,231.67,231.68,150.07999999999998,1,1,4,1.44,1.45,1.97,0,0,0,0,0,0,11,11,12,9.92,9.92,8.01,0,0,0.48,0.47000000000000003,0,0,14.08,48.05,26.84,16.96,55.4,44.199999999999996,0.7800000000000011,0.7799999999999999,92.33000000000001,92.32,51.92,-0.43999999999999995,-0.45000000000000007,2.0300000000000002,0,0,0,1.08,1.0800000000000003,3.9899999999999998,-0.48,-0.47000000000000003,2.880000000000001,7.35,17.36,526,381.76,144.24,5,3.42,1.58,23,17.93,5.07,99.6,74.89,24.71
2026,IND,1,2026_01_BAL_IND,00-0041125,Seth McGowan,RB,0,1,0,0,-2,0,1,0,0.61,0,0,0,0,3.73,0,0,0,0,0,0.01,0,0,0,0,0,0,0,0,0,0,0,0.26,0,0,0,0,0.02,0,0,0,1.03,0,0,1,0,0,3.73,0,0.01,0,0.26,1,1.03,0,0.39,0,-3.73,0,0,-0.01,0,0,0,0,0,-0.26,0,0,-0.02,0,-0.030000000000000027,0,-3.73,-0.01,-0.26,-0.030000000000000027,31,31,20,201,201,19,19,21.29,21.29,166,166,102,218.44,218.44,83.33,1,1,2,0.84,0.8300000000000001,1.56,0,0,0,0,0,0,8,8,8,10.57,10.57,4.86,1,1,0.75,0.76,1,0,10.59,48.160000000000004,17.709999999999997,8.64,39.6,22.2,-2.289999999999999,-2.2900000000000005,-52.44,-52.43999999999999,18.669999999999998,0.16000000000000003,0.16999999999999993,0.43999999999999995,0,0,0,-2.5700000000000003,-2.57,3.1399999999999997,0.25,0.24,-1.9499999999999993,-8.56,4.490000000000002,268,301.77,-33.769999999999996,3,2.39,0.6099999999999999,16,15.43,0.5699999999999998,61.8,65.87,-4.0699999999999985
2026,BAL,1,2026_01_BAL_IND,00-0032398,Chris Moore,WR,0,2,0,0,68,0,1,0,0.67,0,53,0,0,26.01,0,0,0,0,0,0.17,0,0,0,0,0,0,0,0,1,0,0,0.7,0,0,0,0,0.07,0,0,0,4.32,0,0,6.3,0,53,26.01,0,0.17,1,0.7,6.3,4.32,0,0.32999999999999996,0,26.99,0,0,-0.17,0,0,0,0,0,0.30000000000000004,0,0,-0.07,0,1.9799999999999995,0,26.99,-0.17,0.30000000000000004,1.9799999999999995,25,25,37,269,269,17,17,16.22,16.22,324,324,202,231.67,231.68,150.07999999999998,1,1,4,1.44,1.45,1.97,0,0,0,0,0,0,11,11,12,9.92,9.92,8.01,0,0,0.48,0.47000000000000003,0,0,14.08,48.05,26.84,16.96,55.4,44.199999999999996,0.7800000000000011,0.7799999999999999,92.33000000000001,92.32,51.92,-0.43999999999999995,-0.45000000000000007,2.0300000000000002,0,0,0,1.08,1.0800000000000003,3.9899999999999998,-0.48,-0.47000000000000003,2.880000000000001,7.35,17.36,526,381.76,144.24,5,3.42,1.58,23,17.93,5.07,99.6,74.89,24.71
2026,BAL,1,2026_01_BAL_IND,00-0034975,Justice Hill,RB,0,1,6,0,-1,0,1,0,0.86,0,10,18,0,6.82,29.9,0,0,0,0,0.01,0.05,0,0,0,0,0,0,0,1,2,0,0.23,2.37,0,0,0,0,0,0,0,1.61,3.31,0,2,1.8,28,36.72,0,0.060000000000000005,3,2.6,3.8,4.92,0,0.14,0,3.1799999999999997,-11.899999999999999,0,-0.01,-0.05,0,0,0,0,0.77,-0.3700000000000001,0,0,0,0.3899999999999999,-1.51,-8.719999999999999,-0.060000000000000005,0.3999999999999999,-1.12,25,25,37,269,269,17,17,16.22,16.22,324,324,202,231.67,231.68,150.07999999999998,1,1,4,1.44,1.45,1.97,0,0,0,0,0,0,11,11,12,9.92,9.92,8.01,0,0,0.48,0.47000000000000003,0,0,14.08,48.05,26.84,16.96,55.4,44.199999999999996,0.7800000000000011,0.7799999999999999,92.33000000000001,92.32,51.92,-0.43999999999999995,-0.45000000000000007,2.0300000000000002,0,0,0,1.08,1.0800000000000003,3.9899999999999998,-0.48,-0.47000000000000003,2.880000000000001,7.35,17.36,526,381.76,144.24,5,3.42,1.58,23,17.93,5.07,99.6,74.89,24.71
2026,BUF,1,2026_01_BUF_HOU,00-0034857,Josh Allen,QB,29,0,6,383,0,20,0,18.37,0,324,0,23,272.23,0,17.35,2,0,2,1.62,0,0.75,0,0,0,0.59,0,0,13,0,2,11.14,0,2.14,0,0,0.84,0,0,0,16.86,0,6.24,20.96,0,14.3,347,289.58000000000004,4,2.37,15,13.280000000000001,35.260000000000005,23.1,1.629999999999999,0,51.76999999999998,0,5.649999999999999,0.3799999999999999,0,1.25,-0.59,0,0,1.8599999999999994,0,-0.14000000000000012,-0.84,0,4.100000000000001,0,8.06,57.41999999999996,1.63,1.7199999999999989,12.160000000000004,29,29,21,383,383,20,20,18.37,18.38,324,324,86,272.23,272.23,81.88,2,2,2,1.62,1.62,0.86,0,0,0,0.59,0.59,0,13,13,5,11.14,11.13,4.55,0,0,0.84,0.85,0,0,16.86,56.480000000000004,13.36,20.96,64.4,20.6,1.629999999999999,1.6199999999999999,51.76999999999998,51.77,4.120000000000002,0.3799999999999999,0.3799999999999999,1.14,-0.59,-0.59,0,1.8599999999999994,1.8699999999999999,0.4499999999999998,-0.84,-0.85,4.100000000000001,7.92,7.240000000000001,410,354.11,55.89000000000001,4,2.48,1.5199999999999998,18,15.68,2.32,85,69.84,15.16
2026,BUF,1,2026_01_BUF_HOU,00-0037248,James Cook,RB,0,4,13,0,-4,0,3,0,3.07,0,12,57,0,22.12,55.3,0,0,0,0,0.07,0.1,0,0,0,0,0,0,0,2,3,0,1.88,2.1,0,0,0,0.03,0,0,0,5.69,6.14,0,4.2,5.7,69,77.42,0,0.17,5,3.98,9.9,11.83,0,-0.06999999999999984,0,-10.120000000000001,1.7000000000000028,0,-0.07,-0.1,0,0,0,0,0.1200000000000001,0.8999999999999999,0,-0.03,0,-1.4900000000000002,-0.4399999999999995,-8.420000000000002,-0.17,1.02,-1.9299999999999997,29,29,21,383,383,20,20,18.37,18.38,324,324,86,272.23,272.23,81.88,2,2,2,1.62,1.62,0.86,0,0,0,0.59,0.59,0,13,13,5,11.14,11.13,4.55,0,0,0.84,0.85,0,0,16.86,56.480000000000004,13.36,20.96,64.4,20.6,1.629999999999999,1.6199999999999999,51.76999999999998,51.77,4.120000000000002,0.3799999999999999,0.3799999999999999,1.14,-0.59,-0.59,0,1.8599999999999994,1.8699999999999999,0.4499999999999998,-0.84,-0.85,4.100000000000001,7.92,7.240000000000001,410,354.11,55.89000000000001,4,2.48,1.5199999999999998,18,15.68,2.32,85,69.84,15.16
2026,BUF,1,2026_01_BUF_HOU,00-0039901,Keon Coleman,WR,0,1,0,0,4,0,1,0,0.76,0,1,0,0,5.61,0,0,0,0,0,0.01,0,0,0,0,0,0.59,0,0,0,0,0,0.1,0,0,0,0,0.01,0,0,0,2.54,0,0,1.1,0,1,5.61,0,0.01,0,0.1,1.1,2.54,0,0.24,0,-4.61,0,0,-0.01,0,0,-0.59,0,0,-0.1,0,0,-0.01,0,-1.44,0,-4.61,-0.01,-0.1,-1.44,29,29,21,383,383,20,20,18.37,18.38,324,324,86,272.23,272.23,81.88,2,2,2,1.62,1.62,0.86,0,0,0,0.59,0.59,0,13,13,5,11.14,11.13,4.55,0,0,0.84,0.85,0,0,16.86,56.480000000000004,13.36,20.96,64.4,20.6,1.629999999999999,1.6199999999999999,51.76999999999998,51.77,4.120000000000002,0.3799999999999999,0.3799999999999999,1.14,-0.59,-0.59,0,1.8599999999999994,1.8699999999999999,0.4499999999999998,-0.84,-0.85,4.100000000000001,7.92,7.240000000000001,410,354.11,55.89000000000001,4,2.48,1.5199999999999998,18,15.68,2.32,85,69.84,15.16
2026,HOU,1,2026_01_BUF_HOU,00-0039163,C.J. Stroud,QB,38,0,2,322,0,26,0,25.22,0,274,0,15,295.19,0,11.15,2,0,0,1.34,0,0.01,0,0,0,0,0,0,11,0,1,14.04,0,1.2,0,0,1.04,0,0,0,15.07,0,1.2,18.96,0,1.5,289,306.34,2,1.35,12,15.239999999999998,20.46,16.27,0.7800000000000011,0,-21.189999999999998,0,3.8499999999999996,0.6599999999999999,0,-0.01,0,0,0,-3.039999999999999,0,-0.19999999999999996,-1.04,0,3.8900000000000006,0,0.30000000000000004,-17.339999999999975,0.6499999999999999,-3.2399999999999984,4.190000000000001,38,38,32,322,322,26,26,25.22,25.22,274,274,124,295.19,295.2,129.93,2,2,2,1.34,1.33,1.82,0,0,0,0,0,0,11,11,10,14.04,14.05,9.45,0,0,1.04,1.04,0,0,15.07,62.77,23.9,18.96,65.4,24.4,0.7800000000000011,0.7799999999999998,-21.189999999999998,-21.199999999999985,-5.930000000000003,0.6599999999999999,0.67,0.18,0,0,0,-3.039999999999999,-3.0500000000000003,0.55,-1.04,-1.04,3.8900000000000006,2.630000000000001,0.5,398,425.13,-27.12999999999999,4,3.1500000000000004,0.8500000000000001,21,23.5,-2.5,89.80000000000001,86.67,3.130000000000001
2026,HOU,1,2026_01_BUF_HOU,00-0036554,Nico Collins,WR,0,10,1,0,120,0,7,0,6.09,0,75,7,0,83.88,6.15,0,1,0,0,0.78,0.02,0,0,0,0,0,0,0,3,1,0,3.97,0.42,0,0,0,0.33,0,0,0,19.14,0.71,0,20.5,0.7,82,90.03,1,0.8,4,4.390000000000001,21.2,19.85,0,0.9100000000000001,0,-8.879999999999995,0.8499999999999996,0,0.21999999999999997,-0.02,0,0,0,0,-0.9700000000000002,0.5800000000000001,0,-0.33,0,1.3599999999999994,-0.010000000000000009,-8.030000000000001,0.19999999999999996,-0.39000000000000057,1.3499999999999979,38,38,32,322,322,26,26,25.22,25.22,274,274,124,295.19,295.2,129.93,2,2,2,1.34,1.33,1.82,0,0,0,0,0,0,11,11,10,14.04,14.05,9.45,0,0,1.04,1.04,0,0,15.07,62.77,23.9,18.96,65.4,24.4,0.7800000000000011,0.7799999999999998,-21.189999999999998,-21.199999999999985,-5.930000000000003,0.6599999999999999,0.67,0.18,0,0,0,-3.039999999999999,-3.0500000000000003,0.55,-1.04,-1.04,3.8900000000000006,2.630000000000001,0.5,398,425.13,-27.12999999999999,4,3.1500000000000004,0.8500000000000001,21,23.5,-2.5,89.80000000000001,86.67,3.130000000000001
2026,HOU,1,2026_01_BUF_HOU,00-0041472,Marlin Klein,TE,0,1,0,0,14,0,1,0,0.67,0,16,0,0,13,0,0,0,0,0,0,0,0,0,0,0,0,0,0,1,0,0,0.71,0,0,0,0,0.01,0,0,0,2,0,0,2.6,0,16,13,0,0,1,0.71,2.6,2,0,0.32999999999999996,0,3,0,0,0,0,0,0,0,0,0.29000000000000004,0,0,-0.01,0,0.6000000000000001,0,3,0,0.29000000000000004,0.6000000000000001,38,38,32,322,322,26,26,25.22,25.22,274,274,124,295.19,295.2,129.93,2,2,2,1.34,1.33,1.82,0,0,0,0,0,0,11,11,10,14.04,14.05,9.45,0,0,1.04,1.04,0,0,15.07,62.77,23.9,18.96,65.4,24.4,0.7800000000000011,0.7799999999999998,-21.189999999999998,-21.199999999999985,-5.930000000000003,0.6599999999999999,0.67,0.18,0,0,0,-3.039999999999999,-3.0500000000000003,0.55,-1.04,-1.04,3.8900000000000006,2.630000000000001,0.5,398,425.13,-27.12999999999999,4,3.1500000000000004,0.8500000000000001,21,23.5,-2.5,89.80000000000001,86.67,3.130000000000001
2026,HOU,1,2026_01_BUF_HOU,00-0038608,Kayshon Boutte,WR,0,2,0,0,32,0,1,0,1.23,0,21,0,0,24.12,0,0,0,0,0,0.09,0,0,0,0,0,0,0,0,1,0,0,1.23,0,0,0,0,0.05,0,0,0,4.17,0,0,3.1,0,21,24.12,0,0.09,1,1.23,3.1,4.17,0,-0.22999999999999998,0,-3.120000000000001,0,0,-0.09,0,0,0,0,0,-0.22999999999999998,0,0,-0.05,0,-1.0699999999999998,0,-3.120000000000001,-0.09,-0.22999999999999998,-1.0699999999999998,38,38,32,322,322,26,26,25.22,25.22,274,274,124,295.19,295.2,129.93,2,2,2,1.34,1.33,1.82,0,0,0,0,0,0,11,11,10,14.04,14.05,9.45,0,0,1.04,1.04,0,0,15.07,62.77,23.9,18.96,65.4,24.4,0.7800000000000011,0.7799999999999998,-21.189999999999998,-21.199999999999985,-5.930000000000003,0.6599999999999999,0.67,0.18,0,0,0,-3.039999999999999,-3.0500000000000003,0.55,-1.04,-1.04,3.8900000000000006,2.630000000000001,0.5,398,425.13,-27.12999999999999,4,3.1500000000000004,0.8500000000000001,21,23.5,-2.5,89.80000000000001,86.67,3.130000000000001
2026,BUF,1,2026_01_BUF_HOU,00-0037261,Khalil Shakir,WR,0,6,0,0,39,0,4,0,4.21,0,40,0,0,41.82,0,0,0,0,0,1.02,0,0,0,0,0,0,0,0,2,0,0,2.33,0,0,0,0,0.12,0,0,0,14.5,0,0,8,0,40,41.82,0,1.02,2,2.33,8,14.5,0,-0.20999999999999996,0,-1.8200000000000003,0,0,-1.02,0,0,0,0,0,-0.33000000000000007,0,0,-0.12,0,-6.5,0,-1.8200000000000003,-1.02,-0.33000000000000007,-6.5,29,29,21,383,383,20,20,18.37,18.38,324,324,86,272.23,272.23,81.88,2,2,2,1.62,1.62,0.86,0,0,0,0.59,0.59,0,13,13,5,11.14,11.13,4.55,0,0,0.84,0.85,0,0,16.86,56.480000000000004,13.36,20.96,64.4,20.6,1.629999999999999,1.6199999999999999,51.76999999999998,51.77,4.120000000000002,0.3799999999999999,0.3799999999999999,1.14,-0.59,-0.59,0,1.8599999999999994,1.8699999999999999,0.4499999999999998,-0.84,-0.85,4.100000000000001,7.92,7.240000000000001,410,354.11,55.89000000000001,4,2.48,1.5199999999999998,18,15.68,2.32,85,69.84,15.16
2026,BUF,1,2026_01_BUF_HOU,00-0038933,Dalton Kincaid,TE,0,6,0,0,98,0,5,0,3.75,0,130,0,0,66.1,0,0,0,0,0,0.06,0,0,0,0,0,0,0,0,4,0,0,2.38,0,0,0,0,0.14,0,0,0,10.73,0,0,18,0,130,66.1,0,0.06,4,2.38,18,10.73,0,1.25,0,63.900000000000006,0,0,-0.06,0,0,0,0,0,1.62,0,0,-0.14,0,7.27,0,63.900000000000006,-0.06,1.62,7.27,29,29,21,383,383,20,20,18.37,18.38,324,324,86,272.23,272.23,81.88,2,2,2,1.62,1.62,0.86,0,0,0,0.59,0.59,0,13,13,5,11.14,11.13,4.55,0,0,0.84,0.85,0,0,16.86,56.480000000000004,13.36,20.96,64.4,20.6,1.629999999999999,1.6199999999999999,51.76999999999998,51.77,4.120000000000002,0.3799999999999999,0.3799999999999999,1.14,-0.59,-0.59,0,1.8599999999999994,1.8699999999999999,0.4499999999999998,-0.84,-0.85,4.100000000000001,7.92,7.240000000000001,410,354.11,55.89000000000001,4,2.48,1.5199999999999998,18,15.68,2.32,85,69.84,15.16
2026,HOU,1,2026_01_BUF_HOU,00-0034981,Foster Moreau,TE,0,2,0,0,7,0,2,0,1.61,0,15,0,0,14.04,0,0,0,0,0,0,0,0,0,0,0,0,0,0,0,0,0,0.5,0,0,0,0,0.02,0,0,0,3.03,0,0,3.5,0,15,14.04,0,0,0,0.5,3.5,3.03,0,0.3899999999999999,0,0.9600000000000009,0,0,0,0,0,0,0,0,-0.5,0,0,-0.02,0,0.4700000000000002,0,0.9600000000000009,0,-0.5,0.4700000000000002,38,38,32,322,322,26,26,25.22,25.22,274,274,124,295.19,295.2,129.93,2,2,2,1.34,1.33,1.82,0,0,0,0,0,0,11,11,10,14.04,14.05,9.45,0,0,1.04,1.04,0,0,15.07,62.77,23.9,18.96,65.4,24.4,0.7800000000000011,0.7799999999999998,-21.189999999999998,-21.199999999999985,-5.930000000000003,0.6599999999999999,0.67,0.18,0,0,0,-3.039999999999999,-3.0500000000000003,0.55,-1.04,-1.04,3.8900000000000006,2.630000000000001,0.5,398,425.13,-27.12999999999999,4,3.1500000000000004,0.8500000000000001,21,23.5,-2.5,89.80000000000001,86.67,3.130000000000001
2026,HOU,1,2026_01_BUF_HOU,00-0034383,Dalton Schultz,TE,0,8,0,0,26,0,4,0,5.49,0,35,0,0,45.57,0,0,0,0,0,0.02,0,0,0,0,0,0,0,0,1,0,0,1.4,0,0,0,0,0.16,0,0,0,10.18,0,0,7.5,0,35,45.57,0,0.02,1,1.4,7.5,10.18,0,-1.4900000000000002,0,-10.57,0,0,-0.02,0,0,0,0,0,-0.3999999999999999,0,0,-0.16,0,-2.6799999999999997,0,-10.57,-0.02,-0.3999999999999999,-2.6799999999999997,38,38,32,322,322,26,26,25.22,25.22,274,274,124,295.19,295.2,129.93,2,2,2,1.34,1.33,1.82,0,0,0,0,0,0,11,11,10,14.04,14.05,9.45,0,0,1.04,1.04,0,0,15.07,62.77,23.9,18.96,65.4,24.4,0.7800000000000011,0.7799999999999998,-21.189999999999998,-21.199999999999985,-5.930000000000003,0.6599999999999999,0.67,0.18,0,0,0,-3.039999999999999,-3.0500000000000003,0.55,-1.04,-1.04,3.8900000000000006,2.630000000000001,0.5,398,425.13,-27.12999999999999,4,3.1500000000000004,0.8500000000000001,21,23.5,-2.5,89.80000000000001,86.67,3.130000000000001
2026,HOU,1,2026_01_BUF_HOU,00-0040583,Woody Marks,RB,0,1,9,0,-2,0,1,0,0.87,0,-2,42,0,5.84,40.51,0,0,0,0,0,0.04,0,0,0,0,0,0,0,0,4,0,0.21,2.17,0,0,0,0.01,0,0,0,1.46,4.26,0,0.8,4.2,40,46.349999999999994,0,0.04,4,2.38,5,5.72,0,0.13,0,-7.84,1.490000000000002,0,0,-0.04,0,0,0,0,-0.21,1.83,0,-0.01,0,-0.6599999999999999,-0.05999999999999961,-6.349999999999994,-0.04,1.62,-0.7199999999999998,38,38,32,322,322,26,26,25.22,25.22,274,274,124,295.19,295.2,129.93,2,2,2,1.34,1.33,1.82,0,0,0,0,0,0,11,11,10,14.04,14.05,9.45,0,0,1.04,1.04,0,0,15.07,62.77,23.9,18.96,65.4,24.4,0.7800000000000011,0.7799999999999998,-21.189999999999998,-21.199999999999985,-5.930000000000003,0.6599999999999999,0.67,0.18,0,0,0,-3.039999999999999,-3.0500000000000003,0.55,-1.04,-1.04,3.8900000000000006,2.630000000000001,0.5,398,425.13,-27.12999999999999,4,3.1500000000000004,0.8500000000000001,21,23.5,-2.5,89.80000000000001,86.67,3.130000000000001
2026,HOU,1,2026_01_BUF_HOU,00-0039359,Cade Stover,TE,0,1,0,0,-2,0,1,0,0.67,0,-2,0,0,3.3,0,0,0,0,0,0.01,0,0,0,0,0,0,0,0,0,0,0,0.14,0,0,0,0,0.01,0,0,0,1.07,0,0,0.8,0,-2,3.3,0,0.01,0,0.14,0.8,1.07,0,0.32999999999999996,0,-5.3,0,0,-0.01,0,0,0,0,0,-0.14,0,0,-0.01,0,-0.27,0,-5.3,-0.01,-0.14,-0.27,38,38,32,322,322,26,26,25.22,25.22,274,274,124,295.19,295.2,129.93,2,2,2,1.34,1.33,1.82,0,0,0,0,0,0,11,11,10,14.04,14.05,9.45,0,0,1.04,1.04,0,0,15.07,62.77,23.9,18.96,65.4,24.4,0.7800000000000011,0.7799999999999998,-21.189999999999998,-21.199999999999985,-5.930000000000003,0.6599999999999999,0.67,0.18,0,0,0,-3.039999999999999,-3.0500000000000003,0.55,-1.04,-1.04,3.8900000000000006,2.630000000000001,0.5,398,425.13,-27.12999999999999,4,3.1500000000000004,0.8500000000000001,21,23.5,-2.5,89.80000000000001,86.67,3.130000000000001
2026,HOU,1,2026_01_BUF_HOU,00-0038618,Xavier Hutchinson,WR,0,6,0,0,57,0,3,0,3.88,0,32,0,0,44.41,0,0,0,0,0,0.06,0,0,0,0,0,0,0,0,1,0,0,2.42,0,0,0,0,0.26,0,0,0,8.7,0,0,6.2,0,32,44.41,0,0.06,1,2.42,6.2,8.7,0,-0.8799999999999999,0,-12.409999999999997,0,0,-0.06,0,0,0,0,0,-1.42,0,0,-0.26,0,-2.499999999999999,0,-12.409999999999997,-0.06,-1.42,-2.499999999999999,38,38,32,322,322,26,26,25.22,25.22,274,274,124,295.19,295.2,129.93,2,2,2,1.34,1.33,1.82,0,0,0,0,0,0,11,11,10,14.04,14.05,9.45,0,0,1.04,1.04,0,0,15.07,62.77,23.9,18.96,65.4,24.4,0.7800000000000011,0.7799999999999998,-21.189999999999998,-21.199999999999985,-5.930000000000003,0.6599999999999999,0.67,0.18,0,0,0,-3.039999999999999,-3.0500000000000003,0.55,-1.04,-1.04,3.8900000000000006,2.630000000000001,0.5,398,425.13,-27.12999999999999,4,3.1500000000000004,0.8500000000000001,21,23.5,-2.5,89.80000000000001,86.67,3.130000000000001
2026,BUF,1,2026_01_BUF_HOU,00-0034827,DJ Moore,WR,0,8,0,0,158,0,5,0,4.65,0,100,0,0,96.14,0,0,1,0,0,0.11,0,0,0,0,0,0,0,0,4,0,0,3.2,0,0,0,0,0.3,0,0,0,14.93,0,0,21,0,100,96.14,1,0.11,4,3.2,21,14.93,0,0.34999999999999964,0,3.8599999999999994,0,0,0.89,0,0,0,0,0,0.7999999999999998,0,0,-0.3,0,6.07,0,3.8599999999999994,0.89,0.7999999999999998,6.07,29,29,21,383,383,20,20,18.37,18.38,324,324,86,272.23,272.23,81.88,2,2,2,1.62,1.62,0.86,0,0,0,0.59,0.59,0,13,13,5,11.14,11.13,4.55,0,0,0.84,0.85,0,0,16.86,56.480000000000004,13.36,20.96,64.4,20.6,1.629999999999999,1.6199999999999999,51.76999999999998,51.77,4.120000000000002,0.3799999999999999,0.3799999999999999,1.14,-0.59,-0.59,0,1.8599999999999994,1.8699999999999999,0.4499999999999998,-0.84,-0.85,4.100000000000001,7.92,7.240000000000001,410,354.11,55.89000000000001,4,2.48,1.5199999999999998,18,15.68,2.32,85,69.84,15.16
2026,HOU,1,2026_01_BUF_HOU,00-0035685,David Montgomery,RB,0,3,20,0,5,0,3,0,2.37,0,19,60,0,16.72,72.12,0,1,2,0,0.21,1.75,0,0,0,0,0,0,0,1,4,0,1.02,5.66,0,0,0,0.04,0,0,0,5.28,17.73,0,10.9,18,79,88.84,3,1.96,5,6.68,28.9,23.01,0,0.6299999999999999,0,2.280000000000001,-12.120000000000005,0,0.79,0.25,0,0,0,0,-0.020000000000000018,-1.6600000000000001,0,-0.04,0,5.62,0.2699999999999996,-9.840000000000003,1.04,-1.6799999999999997,5.889999999999997,38,38,32,322,322,26,26,25.22,25.22,274,274,124,295.19,295.2,129.93,2,2,2,1.34,1.33,1.82,0,0,0,0,0,0,11,11,10,14.04,14.05,9.45,0,0,1.04,1.04,0,0,15.07,62.77,23.9,18.96,65.4,24.4,0.7800000000000011,0.7799999999999998,-21.189999999999998,-21.199999999999985,-5.930000000000003,0.6599999999999999,0.67,0.18,0,0,0,-3.039999999999999,-3.0500000000000003,0.55,-1.04,-1.04,3.8900000000000006,2.630000000000001,0.5,398,425.13,-27.12999999999999,4,3.1500000000000004,0.8500000000000001,21,23.5,-2.5,89.80000000000001,86.67,3.130000000000001
2026,HOU,1,2026_01_BUF_HOU,00-0040138,Jaylin Noel,WR,0,2,0,0,26,0,2,0,1.23,0,53,0,0,19.74,0,0,0,0,0,0.03,0,0,0,0,0,0,0,0,2,0,0,1.28,0,0,0,0,0.06,0,0,0,3.39,0,0,7.3,0,53,19.74,0,0.03,2,1.28,7.3,3.39,0,0.77,0,33.260000000000005,0,0,-0.03,0,0,0,0,0,0.72,0,0,-0.06,0,3.9099999999999997,0,33.260000000000005,-0.03,0.72,3.9099999999999997,38,38,32,322,322,26,26,25.22,25.22,274,274,124,295.19,295.2,129.93,2,2,2,1.34,1.33,1.82,0,0,0,0,0,0,11,11,10,14.04,14.05,9.45,0,0,1.04,1.04,0,0,15.07,62.77,23.9,18.96,65.4,24.4,0.7800000000000011,0.7799999999999998,-21.189999999999998,-21.199999999999985,-5.930000000000003,0.6599999999999999,0.67,0.18,0,0,0,-3.039999999999999,-3.0500000000000003,0.55,-1.04,-1.04,3.8900000000000006,2.630000000000001,0.5,398,425.13,-27.12999999999999,4,3.1500000000000004,0.8500000000000001,21,23.5,-2.5,89.80000000000001,86.67,3.130000000000001
2026,BUF,1,2026_01_BUF_HOU,NA,NA,NA,0,1,0,0,24,0,0,0,0.49,0,0,0,0,13.8,0,0,0,0,0,0.01,0,0,0,0,0,0,0,0,0,0,0,0.46,0,0,0,0,0.07,0,0,0,1.91,0,0,0,0,0,13.8,0,0.01,0,0.46,0,1.91,0,-0.49,0,-13.8,0,0,-0.01,0,0,0,0,0,-0.46,0,0,-0.07,0,-1.91,0,-13.8,-0.01,-0.46,-1.91,29,29,21,383,383,20,20,18.37,18.38,324,324,86,272.23,272.23,81.88,2,2,2,1.62,1.62,0.86,0,0,0,0.59,0.59,0,13,13,5,11.14,11.13,4.55,0,0,0.84,0.85,0,0,16.86,56.480000000000004,13.36,20.96,64.4,20.6,1.629999999999999,1.6199999999999999,51.76999999999998,51.77,4.120000000000002,0.3799999999999999,0.3799999999999999,1.14,-0.59,-0.59,0,1.8599999999999994,1.8699999999999999,0.4499999999999998,-0.84,-0.85,4.100000000000001,7.92,7.240000000000001,410,354.11,55.89000000000001,4,2.48,1.5199999999999998,18,15.68,2.32,85,69.84,15.16
2026,HOU,1,2026_01_BUF_HOU,NA,NA,NA,0,1,0,0,27,0,0,0,0.49,0,0,0,0,15.48,0,0,0,0,0,0.01,0,0,0,0,0,0,0,0,0,0,0,0.51,0,0,0,0,0.05,0,0,0,2.1,0,0,0,0,0,15.48,0,0.01,0,0.51,0,2.1,0,-0.49,0,-15.48,0,0,-0.01,0,0,0,0,0,-0.51,0,0,-0.05,0,-2.1,0,-15.48,-0.01,-0.51,-2.1,38,38,32,322,322,26,26,25.22,25.22,274,274,124,295.19,295.2,129.93,2,2,2,1.34,1.33,1.82,0,0,0,0,0,0,11,11,10,14.04,14.05,9.45,0,0,1.04,1.04,0,0,15.07,62.77,23.9,18.96,65.4,24.4,0.7800000000000011,0.7799999999999998,-21.189999999999998,-21.199999999999985,-5.930000000000003,0.6599999999999999,0.67,0.18,0,0,0,-3.039999999999999,-3.0500000000000003,0.55,-1.04,-1.04,3.8900000000000006,2.630000000000001,0.5,398,425.13,-27.12999999999999,4,3.1500000000000004,0.8500000000000001,21,23.5,-2.5,89.80000000000001,86.67,3.130000000000001
2026,HOU,1,2026_01_BUF_HOU,00-0038728,Jared Wayne,WR,0,1,0,0,12,0,1,0,0.62,0,12,0,0,9.1,0,0,0,0,0,0.12,0,0,0,0,0,0,0,0,1,0,0,0.66,0,0,0,0,0.04,0,0,0,2.25,0,0,2.2,0,12,9.1,0,0.12,1,0.66,2.2,2.25,0,0.38,0,2.9000000000000004,0,0,-0.12,0,0,0,0,0,0.33999999999999997,0,0,-0.04,0,-0.04999999999999982,0,2.9000000000000004,-0.12,0.33999999999999997,-0.04999999999999982,38,38,32,322,322,26,26,25.22,25.22,274,274,124,295.19,295.2,129.93,2,2,2,1.34,1.33,1.82,0,0,0,0,0,0,11,11,10,14.04,14.05,9.45,0,0,1.04,1.04,0,0,15.07,62.77,23.9,18.96,65.4,24.4,0.7800000000000011,0.7799999999999998,-21.189999999999998,-21.199999999999985,-5.930000000000003,0.6599999999999999,0.67,0.18,0,0,0,-3.039999999999999,-3.0500000000000003,0.55,-1.04,-1.04,3.8900000000000006,2.630000000000001,0.5,398,425.13,-27.12999999999999,4,3.1500000000000004,0.8500000000000001,21,23.5,-2.5,89.80000000000001,86.67,3.130000000000001
2026,BUF,1,2026_01_BUF_HOU,00-0035689,Dawson Knox,TE,0,1,0,0,2,0,1,0,0.83,0,7,0,0,6.64,0,0,0,0,0,0,0,0,0,0,0,0,0,0,0,0,0,0.23,0,0,0,0,0.01,0,0,0,1.51,0,0,1.7,0,7,6.64,0,0,0,0.23,1.7,1.51,0,0.17000000000000004,0,0.3600000000000003,0,0,0,0,0,0,0,0,-0.23,0,0,-0.01,0,0.18999999999999995,0,0.3600000000000003,0,-0.23,0.18999999999999995,29,29,21,383,383,20,20,18.37,18.38,324,324,86,272.23,272.23,81.88,2,2,2,1.62,1.62,0.86,0,0,0,0.59,0.59,0,13,13,5,11.14,11.13,4.55,0,0,0.84,0.85,0,0,16.86,56.480000000000004,13.36,20.96,64.4,20.6,1.629999999999999,1.6199999999999999,51.76999999999998,51.77,4.120000000000002,0.3799999999999999,0.3799999999999999,1.14,-0.59,-0.59,0,1.8599999999999994,1.8699999999999999,0.4499999999999998,-0.84,-0.85,4.100000000000001,7.92,7.240000000000001,410,354.11,55.89000000000001,4,2.48,1.5199999999999998,18,15.68,2.32,85,69.84,15.16
2026,BUF,1,2026_01_BUF_HOU,00-0036988,Josh Palmer,WR,0,2,0,0,62,0,1,0,0.62,0,34,0,0,20,0,0,1,0,0,0.34,0,0,0,0,0,0,0,0,1,0,0,0.55,0,0,0,0,0.17,0,0,0,4.67,0,0,10.4,0,34,20,1,0.34,1,0.55,10.4,4.67,0,0.38,0,14,0,0,0.6599999999999999,0,0,0,0,0,0.44999999999999996,0,0,-0.17,0,5.73,0,14,0.6599999999999999,0.44999999999999996,5.73,29,29,21,383,383,20,20,18.37,18.38,324,324,86,272.23,272.23,81.88,2,2,2,1.62,1.62,0.86,0,0,0,0.59,0.59,0,13,13,5,11.14,11.13,4.55,0,0,0.84,0.85,0,0,16.86,56.480000000000004,13.36,20.96,64.4,20.6,1.629999999999999,1.6199999999999999,51.76999999999998,51.77,4.120000000000002,0.3799999999999999,0.3799999999999999,1.14,-0.59,-0.59,0,1.8599999999999994,1.8699999999999999,0.4499999999999998,-0.84,-0.85,4.100000000000001,7.92,7.240000000000001,410,354.11,55.89000000000001,4,2.48,1.5199999999999998,18,15.68,2.32,85,69.84,15.16
2026,CHI,1,2026_01_CHI_CAR,00-0039918,Caleb Williams,QB,29,0,10,319,0,21,0,18.77,0,269,0,65,245.45,0,52.14,2,0,2,2.73,0,1.08,0,0,0,0,0,0,13,0,4,11.32,0,5.7,0,0,0.76,0,0,0,19.23,0,11.71,18.76,0,18.5,334,297.59,4,3.81,17,17.02,37.260000000000005,30.94,2.2300000000000004,0,23.55000000000001,0,12.86,-0.73,0,0.9199999999999999,0,0,0,1.6799999999999997,0,-1.7000000000000002,-0.76,0,-0.46999999999999886,0,6.789999999999999,36.410000000000025,0.18999999999999995,-0.019999999999999574,6.320000000000004,29,29,39,319,319,21,21,18.77,18.78,269,269,291,245.45,245.47,167.04,2,2,6,2.73,2.73,2.8600000000000003,0,0,0,0,0,0,13,13,11,11.32,11.33,11.63,0,0,0.76,0.76,1,0,19.23,59.739999999999995,33.95,18.76,57.9,65.1,2.2300000000000004,2.2200000000000006,23.55000000000001,23.529999999999998,123.96,-0.73,-0.73,3.1399999999999997,0,0,0,1.6799999999999997,1.67,-0.6300000000000001,-0.76,-0.76,-0.46999999999999886,-1.839999999999999,31.15,560,412.51,147.48999999999998,8,5.59,2.4099999999999997,24,22.96,1.0399999999999998,123,93.69,29.31
2026,CHI,1,2026_01_CHI_CAR,00-0040735,Luther Burden III,WR,0,5,1,0,36,0,5,0,3.54,0,63,2,0,39.61,7.38,0,0,0,0,0.05,0,0,0,0,0,0,0,0,2,0,0,1.6,0.33,0,0,0,0.14,1,0,0,7.81,0.77,0,9.3,0.2,65,46.99,0,0.05,2,1.9300000000000002,9.5,8.58,0,1.46,0,23.39,-5.38,0,-0.05,0,0,0,0,0,0.3999999999999999,-0.33,0,-0.14,0,1.490000000000001,-0.5700000000000001,18.009999999999998,-0.05,0.06999999999999984,0.9199999999999999,29,29,39,319,319,21,21,18.77,18.78,269,269,291,245.45,245.47,167.04,2,2,6,2.73,2.73,2.8600000000000003,0,0,0,0,0,0,13,13,11,11.32,11.33,11.63,0,0,0.76,0.76,1,0,19.23,59.739999999999995,33.95,18.76,57.9,65.1,2.2300000000000004,2.2200000000000006,23.55000000000001,23.529999999999998,123.96,-0.73,-0.73,3.1399999999999997,0,0,0,1.6799999999999997,1.67,-0.6300000000000001,-0.76,-0.76,-0.46999999999999886,-1.839999999999999,31.15,560,412.51,147.48999999999998,8,5.59,2.4099999999999997,24,22.96,1.0399999999999998,123,93.69,29.31
2026,CAR,1,2026_01_CHI_CAR,00-0039150,Bryce Young,QB,37,0,2,363,0,23,0,23.93,0,361,0,10,289.34,0,8.87,3,0,1,1.99,0,0.33,0,0,0,0,0,0,17,0,1,13.42,0,0.31,1,0,1.1,0,0,0,17.31,0,2.86,24.44,0,7,371,298.21,4,2.32,18,13.73,31.44,20.169999999999998,-0.9299999999999997,0,71.660000000000025,0,1.1300000000000008,1.01,0,0.6699999999999999,0,0,0,3.58,0,0.69,-0.10000000000000009,0,7.130000000000003,0,4.140000000000001,72.79000000000002,1.6800000000000002,4.27,11.270000000000003,38,38,22,366,366,23,23,24.7,24.7,361,361,125,294.33,294.33,98.84,3,3,2,1.99,1.98,1.1900000000000002,0,0,0,0,0,0,17,17,5,13.94,13.95,4.93,1,1,1.11,1.11,1,0,17.5,66.08,17.02,24.44,75.1,24.5,-1.6999999999999997,-1.7,66.67000000000003,66.66999999999999,26.159999999999997,1.01,1.02,0.8099999999999998,0,0,0,3.06,3.0500000000000003,0.06999999999999984,-0.11000000000000008,-0.11000000000000006,6.940000000000002,9.019999999999994,7.48,486,393.16999999999996,92.82999999999998,5,3.17,1.8299999999999998,22,18.88,3.12,99.6,83.1,16.499999999999993
2026,CAR,1,2026_01_CHI_CAR,00-0037005,Tommy Tremble,TE,0,5,0,0,23,0,3,0,3.75,0,25,0,0,36.89,0,0,0,0,0,0.08,0,0,0,0,0,0,0,0,2,0,0,1.83,0,0,0,0,0.12,0,0,0,7.9,0,0,5.5,0,25,36.89,0,0.08,2,1.83,5.5,7.9,0,-0.75,0,-11.89,0,0,-0.08,0,0,0,0,0,0.16999999999999993,0,0,-0.12,0,-2.4000000000000004,0,-11.89,-0.08,0.16999999999999993,-2.4000000000000004,38,38,22,366,366,23,23,24.7,24.7,361,361,125,294.33,294.33,98.84,3,3,2,1.99,1.98,1.1900000000000002,0,0,0,0,0,0,17,17,5,13.94,13.95,4.93,1,1,1.11,1.11,1,0,17.5,66.08,17.02,24.44,75.1,24.5,-1.6999999999999997,-1.7,66.67000000000003,66.66999999999999,26.159999999999997,1.01,1.02,0.8099999999999998,0,0,0,3.06,3.0500000000000003,0.06999999999999984,-0.11000000000000008,-0.11000000000000006,6.940000000000002,9.019999999999994,7.48,486,393.16999999999996,92.82999999999998,5,3.17,1.8299999999999998,22,18.88,3.12,99.6,83.1,16.499999999999993
2026,CAR,1,2026_01_CHI_CAR,00-0039491,Jalen Coker,WR,0,9,0,0,124,0,8,0,5.57,0,138,0,0,78.67,0,0,2,0,0,0.54,0,0,0,0,0,0,0,0,6,0,0,3.42,0,0,1,0,0.3,0,0,0,16.69,0,0,33.8,0,138,78.67,2,0.54,6,3.42,33.8,16.69,0,2.4299999999999997,0,59.33,0,0,1.46,0,0,0,0,0,2.58,0,0,0.7,0,17.109999999999996,0,59.33,1.46,2.58,17.109999999999996,38,38,22,366,366,23,23,24.7,24.7,361,361,125,294.33,294.33,98.84,3,3,2,1.99,1.98,1.1900000000000002,0,0,0,0,0,0,17,17,5,13.94,13.95,4.93,1,1,1.11,1.11,1,0,17.5,66.08,17.02,24.44,75.1,24.5,-1.6999999999999997,-1.7,66.67000000000003,66.66999999999999,26.159999999999997,1.01,1.02,0.8099999999999998,0,0,0,3.06,3.0500000000000003,0.06999999999999984,-0.11000000000000008,-0.11000000000000006,6.940000000000002,9.019999999999994,7.48,486,393.16999999999996,92.82999999999998,5,3.17,1.8299999999999998,22,18.88,3.12,99.6,83.1,16.499999999999993
2026,CAR,1,2026_01_CHI_CAR,00-0040187,Mitchell Evans,TE,0,2,0,0,9,0,1,0,1.24,0,9,0,0,7.51,0,0,0,0,0,0.62,0,0,0,0,0,0,0,0,0,0,0,0.61,0,0,0,0,0.04,0,0,0,5.73,0,0,1.9,0,9,7.51,0,0.62,0,0.61,1.9,5.73,0,-0.24,0,1.4900000000000002,0,0,-0.62,0,0,0,0,0,-0.61,0,0,-0.04,0,-3.8300000000000005,0,1.4900000000000002,-0.62,-0.61,-3.8300000000000005,38,38,22,366,366,23,23,24.7,24.7,361,361,125,294.33,294.33,98.84,3,3,2,1.99,1.98,1.1900000000000002,0,0,0,0,0,0,17,17,5,13.94,13.95,4.93,1,1,1.11,1.11,1,0,17.5,66.08,17.02,24.44,75.1,24.5,-1.6999999999999997,-1.7,66.67000000000003,66.66999999999999,26.159999999999997,1.01,1.02,0.8099999999999998,0,0,0,3.06,3.0500000000000003,0.06999999999999984,-0.11000000000000008,-0.11000000000000006,6.940000000000002,9.019999999999994,7.48,486,393.16999999999996,92.82999999999998,5,3.17,1.8299999999999998,22,18.88,3.12,99.6,83.1,16.499999999999993
2026,CAR,1,2026_01_CHI_CAR,00-0036555,Chuba Hubbard,RB,0,3,10,0,0,0,3,0,2.07,0,38,49,0,13.35,39.02,0,1,1,0,0.46,0.81,0,0,0,0,0,0,0,2,2,0,0.86,2.04,0,0,0,0.05,0,0,0,6.15,8.76,0,12.8,10.9,87,52.370000000000005,2,1.27,4,2.9,23.700000000000003,14.91,0,0.9300000000000002,0,24.65,9.979999999999997,0,0.54,0.18999999999999995,0,0,0,0,1.1400000000000001,-0.040000000000000036,0,-0.05,0,6.65,2.1400000000000006,34.629999999999995,0.73,1.1,8.790000000000003,38,38,22,366,366,23,23,24.7,24.7,361,361,125,294.33,294.33,98.84,3,3,2,1.99,1.98,1.1900000000000002,0,0,0,0,0,0,17,17,5,13.94,13.95,4.93,1,1,1.11,1.11,1,0,17.5,66.08,17.02,24.44,75.1,24.5,-1.6999999999999997,-1.7,66.67000000000003,66.66999999999999,26.159999999999997,1.01,1.02,0.8099999999999998,0,0,0,3.06,3.0500000000000003,0.06999999999999984,-0.11000000000000008,-0.11000000000000006,6.940000000000002,9.019999999999994,7.48,486,393.16999999999996,92.82999999999998,5,3.17,1.8299999999999998,22,18.88,3.12,99.6,83.1,16.499999999999993
2026,CHI,1,2026_01_CHI_CAR,00-0032464,Kalif Raymond,WR,0,9,0,0,65,0,8,0,6.31,0,84,0,0,66.37,0,0,0,0,0,0.13,0,0,0,0,0,0,0,0,5,0,0,3.29,0,0,0,0,0.2,0,0,0,13.75,0,0,16.4,0,84,66.37,0,0.13,5,3.29,16.4,13.75,0,1.6900000000000004,0,17.629999999999995,0,0,-0.13,0,0,0,0,0,1.71,0,0,-0.2,0,2.6499999999999986,0,17.629999999999995,-0.13,1.71,2.6499999999999986,29,29,39,319,319,21,21,18.77,18.78,269,269,291,245.45,245.47,167.04,2,2,6,2.73,2.73,2.8600000000000003,0,0,0,0,0,0,13,13,11,11.32,11.33,11.63,0,0,0.76,0.76,1,0,19.23,59.739999999999995,33.95,18.76,57.9,65.1,2.2300000000000004,2.2200000000000006,23.55000000000001,23.529999999999998,123.96,-0.73,-0.73,3.1399999999999997,0,0,0,1.6799999999999997,1.67,-0.6300000000000001,-0.76,-0.76,-0.46999999999999886,-1.839999999999999,31.15,560,412.51,147.48999999999998,8,5.59,2.4099999999999997,24,22.96,1.0399999999999998,123,93.69,29.31
2026,CAR,1,2026_01_CHI_CAR,00-0039342,Xavier Legette,WR,0,2,0,0,20,0,0,0,1.35,0,0,0,0,17.64,0,0,0,0,0,0,0,0,0,0,0,0,0,0,0,0,0,0.73,0,0,0,0,0.07,0,0,0,3.14,0,0,0,0,0,17.64,0,0,0,0.73,0,3.14,0,-1.35,0,-17.64,0,0,0,0,0,0,0,0,-0.73,0,0,-0.07,0,-3.14,0,-17.64,0,-0.73,-3.14,38,38,22,366,366,23,23,24.7,24.7,361,361,125,294.33,294.33,98.84,3,3,2,1.99,1.98,1.1900000000000002,0,0,0,0,0,0,17,17,5,13.94,13.95,4.93,1,1,1.11,1.11,1,0,17.5,66.08,17.02,24.44,75.1,24.5,-1.6999999999999997,-1.7,66.67000000000003,66.66999999999999,26.159999999999997,1.01,1.02,0.8099999999999998,0,0,0,3.06,3.0500000000000003,0.06999999999999984,-0.11000000000000008,-0.11000000000000006,6.940000000000002,9.019999999999994,7.48,486,393.16999999999996,92.82999999999998,5,3.17,1.8299999999999998,22,18.88,3.12,99.6,83.1,16.499999999999993
2026,CHI,1,2026_01_CHI_CAR,00-0039919,Rome Odunze,WR,0,3,0,0,90,0,2,0,1.46,0,52,0,0,37.42,0,0,0,0,0,0.18,0,0,0,0,0,0,0,0,1,0,0,0.64,0,0,0,0,0.13,0,0,0,6.3,0,0,7.2,0,52,37.42,0,0.18,1,0.64,7.2,6.3,0,0.54,0,14.579999999999998,0,0,-0.18,0,0,0,0,0,0.36,0,0,-0.13,0,0.9000000000000004,0,14.579999999999998,-0.18,0.36,0.9000000000000004,29,29,39,319,319,21,21,18.77,18.78,269,269,291,245.45,245.47,167.04,2,2,6,2.73,2.73,2.8600000000000003,0,0,0,0,0,0,13,13,11,11.32,11.33,11.63,0,0,0.76,0.76,1,0,19.23,59.739999999999995,33.95,18.76,57.9,65.1,2.2300000000000004,2.2200000000000006,23.55000000000001,23.529999999999998,123.96,-0.73,-0.73,3.1399999999999997,0,0,0,1.6799999999999997,1.67,-0.6300000000000001,-0.76,-0.76,-0.46999999999999886,-1.839999999999999,31.15,560,412.51,147.48999999999998,8,5.59,2.4099999999999997,24,22.96,1.0399999999999998,123,93.69,29.31
2026,CHI,1,2026_01_CHI_CAR,NA,NA,NA,0,3,0,0,37,0,0,0,1.54,0,0,0,0,22.61,0,0,0,0,0,0.87,0,0,0,0,0,0,0,0,0,0,0,1.51,0,0,0,0,0.08,0,0,0,9.03,0,0,0,0,0,22.61,0,0.87,0,1.51,0,9.03,0,-1.54,0,-22.61,0,0,-0.87,0,0,0,0,0,-1.51,0,0,-0.08,0,-9.03,0,-22.61,-0.87,-1.51,-9.03,29,29,39,319,319,21,21,18.77,18.78,269,269,291,245.45,245.47,167.04,2,2,6,2.73,2.73,2.8600000000000003,0,0,0,0,0,0,13,13,11,11.32,11.33,11.63,0,0,0.76,0.76,1,0,19.23,59.739999999999995,33.95,18.76,57.9,65.1,2.2300000000000004,2.2200000000000006,23.55000000000001,23.529999999999998,123.96,-0.73,-0.73,3.1399999999999997,0,0,0,1.6799999999999997,1.67,-0.6300000000000001,-0.76,-0.76,-0.46999999999999886,-1.839999999999999,31.15,560,412.51,147.48999999999998,8,5.59,2.4099999999999997,24,22.96,1.0399999999999998,123,93.69,29.31
2026,CHI,1,2026_01_CHI_CAR,00-0040236,Kyle Monangai,RB,0,2,10,0,9,0,2,0,1.62,0,24,100,0,16.13,41.68,0,0,1,0,0.02,0.25,0,0,0,0,0,0,0,1,2,0,0.53,1.99,0,0,0,0.02,0,0,0,3.33,5.68,0,4.4,16,124,57.81,1,0.27,3,2.52,20.4,9.01,0,0.3799999999999999,0,7.870000000000001,58.32,0,-0.02,0.75,0,0,0,0,0.47,0.010000000000000009,0,-0.02,0,1.0700000000000003,10.32,66.19,0.73,0.48,11.389999999999999,29,29,39,319,319,21,21,18.77,18.78,269,269,291,245.45,245.47,167.04,2,2,6,2.73,2.73,2.8600000000000003,0,0,0,0,0,0,13,13,11,11.32,11.33,11.63,0,0,0.76,0.76,1,0,19.23,59.739999999999995,33.95,18.76,57.9,65.1,2.2300000000000004,2.2200000000000006,23.55000000000001,23.529999999999998,123.96,-0.73,-0.73,3.1399999999999997,0,0,0,1.6799999999999997,1.67,-0.6300000000000001,-0.76,-0.76,-0.46999999999999886,-1.839999999999999,31.15,560,412.51,147.48999999999998,8,5.59,2.4099999999999997,24,22.96,1.0399999999999998,123,93.69,29.31
2026,CHI,1,2026_01_CHI_CAR,00-0036290,Cole Kmet,TE,0,3,0,0,47,0,2,0,1.74,0,35,0,0,31.97,0,0,1,0,0,0.39,0,0,0,0,0,0,0,0,2,0,0,1.69,0,0,0,0,0.07,0,0,0,7.3,0,0,11.5,0,35,31.97,1,0.39,2,1.69,11.5,7.3,0,0.26,0,3.030000000000001,0,0,0.61,0,0,0,0,0,0.31000000000000005,0,0,-0.07,0,4.2,0,3.030000000000001,0.61,0.31000000000000005,4.2,29,29,39,319,319,21,21,18.77,18.78,269,269,291,245.45,245.47,167.04,2,2,6,2.73,2.73,2.8600000000000003,0,0,0,0,0,0,13,13,11,11.32,11.33,11.63,0,0,0.76,0.76,1,0,19.23,59.739999999999995,33.95,18.76,57.9,65.1,2.2300000000000004,2.2200000000000006,23.55000000000001,23.529999999999998,123.96,-0.73,-0.73,3.1399999999999997,0,0,0,1.6799999999999997,1.67,-0.6300000000000001,-0.76,-0.76,-0.46999999999999886,-1.839999999999999,31.15,560,412.51,147.48999999999998,8,5.59,2.4099999999999997,24,22.96,1.0399999999999998,123,93.69,29.31
2026,CAR,1,2026_01_CHI_CAR,00-0040124,Tetairoa McMillan,WR,0,8,0,0,119,0,5,0,4.5,0,75,0,0,70.36,0,0,0,0,0,0.23,0,0,0,0,0,0,0,0,4,0,0,3.45,0,0,0,0,0.31,1,0,0,12.89,0,0,10.5,0,75,70.36,0,0.23,4,3.45,10.5,12.89,0,0.5,0,4.640000000000001,0,0,-0.23,0,0,0,0,0,0.5499999999999998,0,0,-0.31,0,-2.3900000000000006,0,4.640000000000001,-0.23,0.5499999999999998,-2.3900000000000006,38,38,22,366,366,23,23,24.7,24.7,361,361,125,294.33,294.33,98.84,3,3,2,1.99,1.98,1.1900000000000002,0,0,0,0,0,0,17,17,5,13.94,13.95,4.93,1,1,1.11,1.11,1,0,17.5,66.08,17.02,24.44,75.1,24.5,-1.6999999999999997,-1.7,66.67000000000003,66.66999999999999,26.159999999999997,1.01,1.02,0.8099999999999998,0,0,0,3.06,3.0500000000000003,0.06999999999999984,-0.11000000000000008,-0.11000000000000006,6.940000000000002,9.019999999999994,7.48,486,393.16999999999996,92.82999999999998,5,3.17,1.8299999999999998,22,18.88,3.12,99.6,83.1,16.499999999999993
2026,CAR,1,2026_01_CHI_CAR,00-0039344,Jonathon Brooks,RB,0,2,4,0,30,0,1,0,0.98,0,48,14,0,18.72,18.51,0,0,0,0,0.02,0.01,0,0,0,0,0,0,0,1,0,0,0.94,0.74,0,0,0,0.08,0,0,0,2.98,1.9,0,5.8,1.4,62,37.230000000000004,0,0.03,1,1.68,7.199999999999999,4.88,0,0.020000000000000018,0,29.28,-4.510000000000002,0,-0.02,-0.01,0,0,0,0,0.06000000000000005,-0.74,0,-0.08,0,2.82,-0.5,24.769999999999996,-0.03,-0.6799999999999999,2.3199999999999994,38,38,22,366,366,23,23,24.7,24.7,361,361,125,294.33,294.33,98.84,3,3,2,1.99,1.98,1.1900000000000002,0,0,0,0,0,0,17,17,5,13.94,13.95,4.93,1,1,1.11,1.11,1,0,17.5,66.08,17.02,24.44,75.1,24.5,-1.6999999999999997,-1.7,66.67000000000003,66.66999999999999,26.159999999999997,1.01,1.02,0.8099999999999998,0,0,0,3.06,3.0500000000000003,0.06999999999999984,-0.11000000000000008,-0.11000000000000006,6.940000000000002,9.019999999999994,7.48,486,393.16999999999996,92.82999999999998,5,3.17,1.8299999999999998,22,18.88,3.12,99.6,83.1,16.499999999999993
2026,CAR,1,2026_01_CHI_CAR,NA,NA,NA,0,4,0,0,30,0,0,0,2.84,0,0,0,0,32.09,0,0,0,0,0,0.03,0,0,0,0,0,0,0,0,0,0,0,1.19,0,0,0,0,0.11,0,0,0,6.26,0,0,0,0,0,32.09,0,0.03,0,1.19,0,6.26,0,-2.84,0,-32.09,0,0,-0.03,0,0,0,0,0,-1.19,0,0,-0.11,0,-6.26,0,-32.09,-0.03,-1.19,-6.26,38,38,22,366,366,23,23,24.7,24.7,361,361,125,294.33,294.33,98.84,3,3,2,1.99,1.98,1.1900000000000002,0,0,0,0,0,0,17,17,5,13.94,13.95,4.93,1,1,1.11,1.11,1,0,17.5,66.08,17.02,24.44,75.1,24.5,-1.6999999999999997,-1.7,66.67000000000003,66.66999999999999,26.159999999999997,1.01,1.02,0.8099999999999998,0,0,0,3.06,3.0500000000000003,0.06999999999999984,-0.11000000000000008,-0.11000000000000006,6.940000000000002,9.019999999999994,7.48,486,393.16999999999996,92.82999999999998,5,3.17,1.8299999999999998,22,18.88,3.12,99.6,83.1,16.499999999999993
2026,CAR,1,2026_01_CHI_CAR,00-0031610,Darren Waller,TE,0,2,0,0,8,0,2,0,1.63,0,28,0,0,14.11,0,0,0,0,0,0,0,0,0,0,0,0,0,0,2,0,0,0.4,0,0,0,0,0.02,0,0,0,3.06,0,0,4.8,0,28,14.11,0,0,2,0.4,4.8,3.06,0,0.3700000000000001,0,13.89,0,0,0,0,0,0,0,0,1.6,0,0,-0.02,0,1.7399999999999998,0,13.89,0,1.6,1.7399999999999998,38,38,22,366,366,23,23,24.7,24.7,361,361,125,294.33,294.33,98.84,3,3,2,1.99,1.98,1.1900000000000002,0,0,0,0,0,0,17,17,5,13.94,13.95,4.93,1,1,1.11,1.11,1,0,17.5,66.08,17.02,24.44,75.1,24.5,-1.6999999999999997,-1.7,66.67000000000003,66.66999999999999,26.159999999999997,1.01,1.02,0.8099999999999998,0,0,0,3.06,3.0500000000000003,0.06999999999999984,-0.11000000000000008,-0.11000000000000006,6.940000000000002,9.019999999999994,7.48,486,393.16999999999996,92.82999999999998,5,3.17,1.8299999999999998,22,18.88,3.12,99.6,83.1,16.499999999999993
2026,CHI,1,2026_01_CHI_CAR,00-0040126,Colston Loveland,TE,0,2,0,0,30,0,0,0,1.16,0,0,0,0,21.77,0,0,0,0,0,0.49,0,0,0,0,0,0,0,0,0,0,0,1.19,0,0,0,0,0.09,0,0,0,6.3,0,0,0,0,0,21.77,0,0.49,0,1.19,0,6.3,0,-1.16,0,-21.77,0,0,-0.49,0,0,0,0,0,-1.19,0,0,-0.09,0,-6.3,0,-21.77,-0.49,-1.19,-6.3,29,29,39,319,319,21,21,18.77,18.78,269,269,291,245.45,245.47,167.04,2,2,6,2.73,2.73,2.8600000000000003,0,0,0,0,0,0,13,13,11,11.32,11.33,11.63,0,0,0.76,0.76,1,0,19.23,59.739999999999995,33.95,18.76,57.9,65.1,2.2300000000000004,2.2200000000000006,23.55000000000001,23.529999999999998,123.96,-0.73,-0.73,3.1399999999999997,0,0,0,1.6799999999999997,1.67,-0.6300000000000001,-0.76,-0.76,-0.46999999999999886,-1.839999999999999,31.15,560,412.51,147.48999999999998,8,5.59,2.4099999999999997,24,22.96,1.0399999999999998,123,93.69,29.31
2026,CHI,1,2026_01_CHI_CAR,00-0036275,D'Andre Swift,RB,0,1,18,0,4,0,1,0,0.82,0,10,124,0,8.5,65.84,0,0,3,0,0.01,1.53,0,0,0,0,0,0,0,1,5,0,0.29,3.61,0,0,0,0.01,0,0,0,1.71,15.79,0,2,30.4,134,74.34,3,1.54,6,3.9,32.4,17.5,0,0.18000000000000005,0,1.5,58.16,0,-0.01,1.47,0,0,0,0,0.71,1.3900000000000001,0,-0.01,0,0.29000000000000004,14.61,59.66,1.46,2.1,14.899999999999999,29,29,39,319,319,21,21,18.77,18.78,269,269,291,245.45,245.47,167.04,2,2,6,2.73,2.73,2.8600000000000003,0,0,0,0,0,0,13,13,11,11.32,11.33,11.63,0,0,0.76,0.76,1,0,19.23,59.739999999999995,33.95,18.76,57.9,65.1,2.2300000000000004,2.2200000000000006,23.55000000000001,23.529999999999998,123.96,-0.73,-0.73,3.1399999999999997,0,0,0,1.6799999999999997,1.67,-0.6300000000000001,-0.76,-0.76,-0.46999999999999886,-1.839999999999999,31.15,560,412.51,147.48999999999998,8,5.59,2.4099999999999997,24,22.96,1.0399999999999998,123,93.69,29.31
2026,CHI,1,2026_01_CHI_CAR,00-0040277,Jahdae Walker,WR,0,1,0,0,1,0,1,0,0.59,0,1,0,0,1.09,0,0,1,0,0,0.59,0,0,0,0,0,0,0,0,1,0,0,0.59,0,0,0,0,0.02,0,0,0,4.21,0,0,7.1,0,1,1.09,1,0.59,1,0.59,7.1,4.21,0,0.41000000000000003,0,-0.09000000000000008,0,0,0.41000000000000003,0,0,0,0,0,0.41000000000000003,0,0,-0.02,0,2.8899999999999997,0,-0.09000000000000008,0.41000000000000003,0.41000000000000003,2.8899999999999997,29,29,39,319,319,21,21,18.77,18.78,269,269,291,245.45,245.47,167.04,2,2,6,2.73,2.73,2.8600000000000003,0,0,0,0,0,0,13,13,11,11.32,11.33,11.63,0,0,0.76,0.76,1,0,19.23,59.739999999999995,33.95,18.76,57.9,65.1,2.2300000000000004,2.2200000000000006,23.55000000000001,23.529999999999998,123.96,-0.73,-0.73,3.1399999999999997,0,0,0,1.6799999999999997,1.67,-0.6300000000000001,-0.76,-0.76,-0.46999999999999886,-1.839999999999999,31.15,560,412.51,147.48999999999998,8,5.59,2.4099999999999997,24,22.96,1.0399999999999998,123,93.69,29.31
2026,CAR,1,2026_01_CHI_CAR,00-0038102,Kenny Pickett,QB,1,0,1,3,0,0,0,0.77,0,0,0,24,4.99,0,7.33,0,0,0,0,0,0,0,0,0,0,0,0,0,0,1,0.52,0,0.73,0,0,0.01,0,0,0,0.19,0,0.75,0,0,2.4,24,12.32,0,0,1,1.25,2.4,0.94,-0.77,0,-4.99,0,16.67,0,0,0,0,0,0,-0.52,0,0.27,-0.01,0,-0.19,0,1.65,11.68,0,-0.25,1.46,38,38,22,366,366,23,23,24.7,24.7,361,361,125,294.33,294.33,98.84,3,3,2,1.99,1.98,1.1900000000000002,0,0,0,0,0,0,17,17,5,13.94,13.95,4.93,1,1,1.11,1.11,1,0,17.5,66.08,17.02,24.44,75.1,24.5,-1.6999999999999997,-1.7,66.67000000000003,66.66999999999999,26.159999999999997,1.01,1.02,0.8099999999999998,0,0,0,3.06,3.0500000000000003,0.06999999999999984,-0.11000000000000008,-0.11000000000000006,6.940000000000002,9.019999999999994,7.48,486,393.16999999999996,92.82999999999998,5,3.17,1.8299999999999998,22,18.88,3.12,99.6,83.1,16.499999999999993
2026,CAR,1,2026_01_CHI_CAR,00-0040218,Jimmy Horn Jr.,WR,0,1,0,0,3,0,0,0,0.77,0,0,0,0,4.99,0,0,0,0,0,0,0,0,0,0,0,0,0,0,0,0,0,0.52,0,0,0,0,0.01,0,0,0,1.28,0,0,0,0,0,4.99,0,0,0,0.52,0,1.28,0,-0.77,0,-4.99,0,0,0,0,0,0,0,0,-0.52,0,0,-0.01,0,-1.28,0,-4.99,0,-0.52,-1.28,38,38,22,366,366,23,23,24.7,24.7,361,361,125,294.33,294.33,98.84,3,3,2,1.99,1.98,1.1900000000000002,0,0,0,0,0,0,17,17,5,13.94,13.95,4.93,1,1,1.11,1.11,1,0,17.5,66.08,17.02,24.44,75.1,24.5,-1.6999999999999997,-1.7,66.67000000000003,66.66999999999999,26.159999999999997,1.01,1.02,0.8099999999999998,0,0,0,3.06,3.0500000000000003,0.06999999999999984,-0.11000000000000008,-0.11000000000000006,6.940000000000002,9.019999999999994,7.48,486,393.16999999999996,92.82999999999998,5,3.17,1.8299999999999998,22,18.88,3.12,99.6,83.1,16.499999999999993
2026,CLE,1,2026_01_CLE_JAX,00-0033537,Deshaun Watson,QB,22,0,6,228,0,16,0,13.38,0,205,0,38,143.64,0,38.71,1,0,0,0.62,0,0.14,0,0,0,0,0,0,9,0,3,6.18,0,2.52,1,0,0.87,0,0,0,6.47,0,4.71,10.2,0,3.8,243,182.35,1,0.76,12,8.7,14,11.18,2.619999999999999,0,61.360000000000014,0,-0.7100000000000009,0.38,0,-0.14,0,0,0,2.8200000000000003,0,0.48,0.13,0,3.7299999999999995,0,-0.9100000000000001,60.650000000000006,0.24,3.3000000000000007,2.8200000000000003,22,22,22,228,228,16,16,13.38,13.38,205,205,87,143.64,143.63,108.82000000000001,1,1,0,0.62,0.62,0.38,0,0,0,0,0,0,9,9,5,6.18,6.18,5.69,1,1,0.87,0.87,1,0,6.47,31.439999999999998,13.16,10.2,40.5,8.7,2.619999999999999,2.619999999999999,61.360000000000014,61.370000000000005,-21.820000000000004,0.38,0.38000000000000006,-0.38,0,0,0,2.8200000000000003,2.8200000000000003,-0.6900000000000001,0.13,0.13000000000000006,3.7299999999999995,9.06,-4.460000000000001,292,252.45,39.55,1,1,5.551115123125783e-17,14,11.870000000000001,2.1300000000000003,49.2,44.599999999999994,4.6
2026,CLE,1,2026_01_CLE_JAX,00-0038710,Blake Whiteheart,TE,0,1,0,0,6,0,1,0,0.79,0,14,0,0,8.74,0,0,0,0,0,0,0,0,0,0,0,0,0,0,1,0,0,0.35,0,0,0,0,0.01,0,0,0,1.68,0,0,2.4,0,14,8.74,0,0,1,0.35,2.4,1.68,0,0.20999999999999996,0,5.26,0,0,0,0,0,0,0,0,0.65,0,0,-0.01,0,0.72,0,5.26,0,0.65,0.72,22,22,22,228,228,16,16,13.38,13.38,205,205,87,143.64,143.63,108.82000000000001,1,1,0,0.62,0.62,0.38,0,0,0,0,0,0,9,9,5,6.18,6.18,5.69,1,1,0.87,0.87,1,0,6.47,31.439999999999998,13.16,10.2,40.5,8.7,2.619999999999999,2.619999999999999,61.360000000000014,61.370000000000005,-21.820000000000004,0.38,0.38000000000000006,-0.38,0,0,0,2.8200000000000003,2.8200000000000003,-0.6900000000000001,0.13,0.13000000000000006,3.7299999999999995,9.06,-4.460000000000001,292,252.45,39.55,1,1,5.551115123125783e-17,14,11.870000000000001,2.1300000000000003,49.2,44.599999999999994,4.6
2026,CLE,1,2026_01_CLE_JAX,00-0041547,KC Concepcion,WR,0,5,3,0,63,0,4,0,2.91,0,43,15,0,38.32,17.63,0,0,0,0,0.11,0.01,0,0,0,0,0,0,0,2,1,0,1.46,0.61,0,0,0,0.24,1,0,0,7.39,1.83,0,6.3,1.5,58,55.95,0,0.12,3,2.07,7.8,9.219999999999999,0,1.0899999999999999,0,4.68,-2.629999999999999,0,-0.11,-0.01,0,0,0,0,0.54,0.39,0,-0.24,0,-1.0899999999999999,-0.33000000000000007,2.049999999999997,-0.12,0.9300000000000002,-1.419999999999999,22,22,22,228,228,16,16,13.38,13.38,205,205,87,143.64,143.63,108.82000000000001,1,1,0,0.62,0.62,0.38,0,0,0,0,0,0,9,9,5,6.18,6.18,5.69,1,1,0.87,0.87,1,0,6.47,31.439999999999998,13.16,10.2,40.5,8.7,2.619999999999999,2.619999999999999,61.360000000000014,61.370000000000005,-21.820000000000004,0.38,0.38000000000000006,-0.38,0,0,0,2.8200000000000003,2.8200000000000003,-0.6900000000000001,0.13,0.13000000000000006,3.7299999999999995,9.06,-4.460000000000001,292,252.45,39.55,1,1,5.551115123125783e-17,14,11.870000000000001,2.1300000000000003,49.2,44.599999999999994,4.6
2026,CLE,1,2026_01_CLE_JAX,00-0036407,Jerry Jeudy,WR,0,4,0,0,40,0,2,0,2.43,0,26,0,0,30.08,0,0,0,0,0,0.04,0,0,0,0,0,0,0,0,1,0,0,1.75,0,0,1,0,0.11,0,0,0,5.67,0,0,4.6,0,26,30.08,0,0.04,1,1.75,4.6,5.67,0,-0.43000000000000016,0,-4.079999999999998,0,0,-0.04,0,0,0,0,0,-0.75,0,0,0.89,0,-1.0700000000000003,0,-4.079999999999998,-0.04,-0.75,-1.0700000000000003,22,22,22,228,228,16,16,13.38,13.38,205,205,87,143.64,143.63,108.82000000000001,1,1,0,0.62,0.62,0.38,0,0,0,0,0,0,9,9,5,6.18,6.18,5.69,1,1,0.87,0.87,1,0,6.47,31.439999999999998,13.16,10.2,40.5,8.7,2.619999999999999,2.619999999999999,61.360000000000014,61.370000000000005,-21.820000000000004,0.38,0.38000000000000006,-0.38,0,0,0,2.8200000000000003,2.8200000000000003,-0.6900000000000001,0.13,0.13000000000000006,3.7299999999999995,9.06,-4.460000000000001,292,252.45,39.55,1,1,5.551115123125783e-17,14,11.870000000000001,2.1300000000000003,49.2,44.599999999999994,4.6
2026,JAX,1,2026_01_CLE_JAX,00-0036971,Trevor Lawrence,QB,23,0,2,242,0,18,0,14.63,0,245,0,3,191.81,0,9.77,4,0,0,1.93,0,0.01,0,0,0,0,0,0,13,0,1,9.85,0,0.85,0,0,0.49,0,0,0,14.42,0,1.03,25.8,0,0.3,248,201.58,4,1.94,14,10.7,26.1,15.45,3.369999999999999,0,53.19,0,-6.77,2.0700000000000003,0,-0.01,0,0,0,3.1500000000000004,0,0.15000000000000002,-0.49,0,11.38,0,-0.73,46.41999999999999,2.06,3.3000000000000007,10.650000000000002,23,23,32,242,242,18,18,14.63,14.620000000000001,245,245,126,191.81,191.81,139.71,4,4,0,1.93,1.9000000000000001,0.33,0,0,0,0,0,0,13,13,8,9.85,9.84,7.87,0,0,0.49,0.51,0,0,14.42,45.42,15.940000000000001,25.8,66.5,12.6,3.369999999999999,3.38,53.19,53.19,-13.709999999999997,2.0700000000000003,2.1,-0.33,0,0,0,3.1500000000000004,3.16,0.13000000000000028,-0.49,-0.51,11.38,21.080000000000002,-3.340000000000001,371,331.52,39.480000000000004,4,2.23,1.77,21,17.71,3.2900000000000005,79.1,61.36,17.740000000000002
2026,JAX,1,2026_01_CLE_JAX,00-0038606,Parker Washington,WR,0,6,0,0,102,0,5,0,3.33,0,83,0,0,61.69,0,0,1,0,0,0.39,0,0,0,0,0,0,0,0,4,0,0,2.97,0,0,0,0,0.14,0,0,0,11.87,0,0,19.3,0,83,61.69,1,0.39,4,2.97,19.3,11.87,0,1.67,0,21.310000000000002,0,0,0.61,0,0,0,0,0,1.0299999999999998,0,0,-0.14,0,7.4300000000000015,0,21.310000000000002,0.61,1.0299999999999998,7.4300000000000015,23,23,32,242,242,18,18,14.63,14.620000000000001,245,245,126,191.81,191.81,139.71,4,4,0,1.93,1.9000000000000001,0.33,0,0,0,0,0,0,13,13,8,9.85,9.84,7.87,0,0,0.49,0.51,0,0,14.42,45.42,15.940000000000001,25.8,66.5,12.6,3.369999999999999,3.38,53.19,53.19,-13.709999999999997,2.0700000000000003,2.1,-0.33,0,0,0,3.1500000000000004,3.16,0.13000000000000028,-0.49,-0.51,11.38,21.080000000000002,-3.340000000000001,371,331.52,39.480000000000004,4,2.23,1.77,21,17.71,3.2900000000000005,79.1,61.36,17.740000000000002
2026,JAX,1,2026_01_CLE_JAX,NA,NA,NA,0,2,0,0,22,0,0,0,1.14,0,0,0,0,14.28,0,0,0,0,0,0.06,0,0,0,0,0,0,0,0,0,0,0,0.58,0,0,0,0,0.03,0,0,0,2.96,0,0,0,0,0,14.28,0,0.06,0,0.58,0,2.96,0,-1.14,0,-14.28,0,0,-0.06,0,0,0,0,0,-0.58,0,0,-0.03,0,-2.96,0,-14.28,-0.06,-0.58,-2.96,23,23,32,242,242,18,18,14.63,14.620000000000001,245,245,126,191.81,191.81,139.71,4,4,0,1.93,1.9000000000000001,0.33,0,0,0,0,0,0,13,13,8,9.85,9.84,7.87,0,0,0.49,0.51,0,0,14.42,45.42,15.940000000000001,25.8,66.5,12.6,3.369999999999999,3.38,53.19,53.19,-13.709999999999997,2.0700000000000003,2.1,-0.33,0,0,0,3.1500000000000004,3.16,0.13000000000000028,-0.49,-0.51,11.38,21.080000000000002,-3.340000000000001,371,331.52,39.480000000000004,4,2.23,1.77,21,17.71,3.2900000000000005,79.1,61.36,17.740000000000002
2026,CLE,1,2026_01_CLE_JAX,00-0040663,Harold Fannin Jr.,TE,0,3,0,0,10,0,2,0,1.67,0,21,0,0,13.14,0,0,0,0,0,0.01,0,0,0,0,0,0,0,0,1,0,0,0.95,0,0,0,0,0.06,0,0,0,3.03,0,0,4.1,0,21,13.14,0,0.01,1,0.95,4.1,3.03,0,0.33000000000000007,0,7.859999999999999,0,0,-0.01,0,0,0,0,0,0.050000000000000044,0,0,-0.06,0,1.0699999999999998,0,7.859999999999999,-0.01,0.050000000000000044,1.0699999999999998,22,22,22,228,228,16,16,13.38,13.38,205,205,87,143.64,143.63,108.82000000000001,1,1,0,0.62,0.62,0.38,0,0,0,0,0,0,9,9,5,6.18,6.18,5.69,1,1,0.87,0.87,1,0,6.47,31.439999999999998,13.16,10.2,40.5,8.7,2.619999999999999,2.619999999999999,61.360000000000014,61.370000000000005,-21.820000000000004,0.38,0.38000000000000006,-0.38,0,0,0,2.8200000000000003,2.8200000000000003,-0.6900000000000001,0.13,0.13000000000000006,3.7299999999999995,9.06,-4.460000000000001,292,252.45,39.55,1,1,5.551115123125783e-17,14,11.870000000000001,2.1300000000000003,49.2,44.599999999999994,4.6
2026,JAX,1,2026_01_CLE_JAX,00-0039893,Brian Thomas Jr.,WR,0,3,0,0,44,0,3,0,1.79,0,40,0,0,32.09,0,0,0,0,0,0.12,0,0,0,0,0,0,0,0,3,0,0,1.75,0,0,0,0,0.08,0,0,0,5.73,0,0,7,0,40,32.09,0,0.12,3,1.75,7,5.73,0,1.21,0,7.909999999999997,0,0,-0.12,0,0,0,0,0,1.25,0,0,-0.08,0,1.2699999999999996,0,7.909999999999997,-0.12,1.25,1.2699999999999996,23,23,32,242,242,18,18,14.63,14.620000000000001,245,245,126,191.81,191.81,139.71,4,4,0,1.93,1.9000000000000001,0.33,0,0,0,0,0,0,13,13,8,9.85,9.84,7.87,0,0,0.49,0.51,0,0,14.42,45.42,15.940000000000001,25.8,66.5,12.6,3.369999999999999,3.38,53.19,53.19,-13.709999999999997,2.0700000000000003,2.1,-0.33,0,0,0,3.1500000000000004,3.16,0.13000000000000028,-0.49,-0.51,11.38,21.080000000000002,-3.340000000000001,371,331.52,39.480000000000004,4,2.23,1.77,21,17.71,3.2900000000000005,79.1,61.36,17.740000000000002
2026,JAX,1,2026_01_CLE_JAX,00-0041100,Josh Cameron,WR,0,2,0,0,18,0,2,0,1.19,0,20,0,0,14.62,0,0,1,0,0,0.55,0,0,0,0,0,0,0,0,2,0,0,1.28,0,0,0,0,0.05,0,0,0,5.97,0,0,10,0,20,14.62,1,0.55,2,1.28,10,5.97,0,0.81,0,5.380000000000001,0,0,0.44999999999999996,0,0,0,0,0,0.72,0,0,-0.05,0,4.03,0,5.380000000000001,0.44999999999999996,0.72,4.03,23,23,32,242,242,18,18,14.63,14.620000000000001,245,245,126,191.81,191.81,139.71,4,4,0,1.93,1.9000000000000001,0.33,0,0,0,0,0,0,13,13,8,9.85,9.84,7.87,0,0,0.49,0.51,0,0,14.42,45.42,15.940000000000001,25.8,66.5,12.6,3.369999999999999,3.38,53.19,53.19,-13.709999999999997,2.0700000000000003,2.1,-0.33,0,0,0,3.1500000000000004,3.16,0.13000000000000028,-0.49,-0.51,11.38,21.080000000000002,-3.340000000000001,371,331.52,39.480000000000004,4,2.23,1.77,21,17.71,3.2900000000000005,79.1,61.36,17.740000000000002
2026,CLE,1,2026_01_CLE_JAX,00-0040784,Quinshon Judkins,RB,0,2,12,0,1,0,2,0,1.55,0,17,33,0,10.53,48.59,0,0,0,0,0,0.22,0,0,0,0,0,0,0,1,1,0,0.37,2.02,0,0,0,0.02,0,0,0,2.62,6.19,0,3.7,3.3,50,59.120000000000005,0,0.22,2,2.39,7,8.81,0,0.44999999999999996,0,6.470000000000001,-15.590000000000003,0,0,-0.22,0,0,0,0,0.63,-1.02,0,-0.02,0,1.08,-2.8900000000000006,-9.120000000000005,-0.22,-0.3900000000000001,-1.8100000000000005,22,22,22,228,228,16,16,13.38,13.38,205,205,87,143.64,143.63,108.82000000000001,1,1,0,0.62,0.62,0.38,0,0,0,0,0,0,9,9,5,6.18,6.18,5.69,1,1,0.87,0.87,1,0,6.47,31.439999999999998,13.16,10.2,40.5,8.7,2.619999999999999,2.619999999999999,61.360000000000014,61.370000000000005,-21.820000000000004,0.38,0.38000000000000006,-0.38,0,0,0,2.8200000000000003,2.8200000000000003,-0.6900000000000001,0.13,0.13000000000000006,3.7299999999999995,9.06,-4.460000000000001,292,252.45,39.55,1,1,5.551115123125783e-17,14,11.870000000000001,2.1300000000000003,49.2,44.599999999999994,4.6
2026,JAX,1,2026_01_CLE_JAX,00-0041503,Nate Boerkircher,TE,0,1,0,0,2,0,1,0,0.8,0,9,0,0,6.64,0,0,0,0,0,0,0,0,0,0,0,0,0,0,0,0,0,0.23,0,0,0,0,0.01,0,0,0,1.49,0,0,1.9,0,9,6.64,0,0,0,0.23,1.9,1.49,0,0.19999999999999996,0,2.3600000000000003,0,0,0,0,0,0,0,0,-0.23,0,0,-0.01,0,0.4099999999999999,0,2.3600000000000003,0,-0.23,0.4099999999999999,23,23,32,242,242,18,18,14.63,14.620000000000001,245,245,126,191.81,191.81,139.71,4,4,0,1.93,1.9000000000000001,0.33,0,0,0,0,0,0,13,13,8,9.85,9.84,7.87,0,0,0.49,0.51,0,0,14.42,45.42,15.940000000000001,25.8,66.5,12.6,3.369999999999999,3.38,53.19,53.19,-13.709999999999997,2.0700000000000003,2.1,-0.33,0,0,0,3.1500000000000004,3.16,0.13000000000000028,-0.49,-0.51,11.38,21.080000000000002,-3.340000000000001,371,331.52,39.480000000000004,4,2.23,1.77,21,17.71,3.2900000000000005,79.1,61.36,17.740000000000002
2026,JAX,1,2026_01_CLE_JAX,00-0034960,Jakobi Meyers,WR,0,2,1,0,29,0,2,0,1.12,0,40,2,0,12.83,7.88,0,1,0,0,0.25,0.02,0,0,0,0,0,0,0,2,1,0,0.51,0.7,0,0,0,0.06,0,0,0,3.93,0.91,0,12,0.2,42,20.71,1,0.27,3,1.21,12.2,4.84,0,0.8799999999999999,0,27.17,-5.88,0,0.75,-0.02,0,0,0,0,1.49,0.30000000000000004,0,-0.06,0,8.07,-0.71,21.29,0.73,1.79,7.359999999999999,23,23,32,242,242,18,18,14.63,14.620000000000001,245,245,126,191.81,191.81,139.71,4,4,0,1.93,1.9000000000000001,0.33,0,0,0,0,0,0,13,13,8,9.85,9.84,7.87,0,0,0.49,0.51,0,0,14.42,45.42,15.940000000000001,25.8,66.5,12.6,3.369999999999999,3.38,53.19,53.19,-13.709999999999997,2.0700000000000003,2.1,-0.33,0,0,0,3.1500000000000004,3.16,0.13000000000000028,-0.49,-0.51,11.38,21.080000000000002,-3.340000000000001,371,331.52,39.480000000000004,4,2.23,1.77,21,17.71,3.2900000000000005,79.1,61.36,17.740000000000002
2026,JAX,1,2026_01_CLE_JAX,00-0036590,Quintin Morris,TE,0,1,0,0,2,0,0,0,0.79,0,0,0,0,6.41,0,0,0,0,0,0.01,0,0,0,0,0,0,0,0,0,0,0,0.24,0,0,0,0,0.01,0,0,0,1.49,0,0,0,0,0,6.41,0,0.01,0,0.24,0,1.49,0,-0.79,0,-6.41,0,0,-0.01,0,0,0,0,0,-0.24,0,0,-0.01,0,-1.49,0,-6.41,-0.01,-0.24,-1.49,23,23,32,242,242,18,18,14.63,14.620000000000001,245,245,126,191.81,191.81,139.71,4,4,0,1.93,1.9000000000000001,0.33,0,0,0,0,0,0,13,13,8,9.85,9.84,7.87,0,0,0.49,0.51,0,0,14.42,45.42,15.940000000000001,25.8,66.5,12.6,3.369999999999999,3.38,53.19,53.19,-13.709999999999997,2.0700000000000003,2.1,-0.33,0,0,0,3.1500000000000004,3.16,0.13000000000000028,-0.49,-0.51,11.38,21.080000000000002,-3.340000000000001,371,331.52,39.480000000000004,4,2.23,1.77,21,17.71,3.2900000000000005,79.1,61.36,17.740000000000002
2026,JAX,1,2026_01_CLE_JAX,00-0040718,Travis Hunter,WR,0,1,1,0,-3,0,1,0,0.88,0,8,3,0,4.95,7.71,0,0,0,0,0.01,0.01,0,0,0,0,0,0,0,0,0,0,0.18,0.43,0,0,0,0.01,0,0,0,1.46,0.8,0,1.8,0.3,11,12.66,0,0.02,0,0.61,2.1,2.26,0,0.12,0,3.05,-4.71,0,-0.01,-0.01,0,0,0,0,-0.18,-0.43,0,-0.01,0,0.3400000000000001,-0.5,-1.6600000000000001,-0.02,-0.61,-0.1599999999999997,23,23,32,242,242,18,18,14.63,14.620000000000001,245,245,126,191.81,191.81,139.71,4,4,0,1.93,1.9000000000000001,0.33,0,0,0,0,0,0,13,13,8,9.85,9.84,7.87,0,0,0.49,0.51,0,0,14.42,45.42,15.940000000000001,25.8,66.5,12.6,3.369999999999999,3.38,53.19,53.19,-13.709999999999997,2.0700000000000003,2.1,-0.33,0,0,0,3.1500000000000004,3.16,0.13000000000000028,-0.49,-0.51,11.38,21.080000000000002,-3.340000000000001,371,331.52,39.480000000000004,4,2.23,1.77,21,17.71,3.2900000000000005,79.1,61.36,17.740000000000002
2026,JAX,1,2026_01_CLE_JAX,00-0038935,Brenton Strange,TE,0,3,0,0,34,0,2,0,1.86,0,23,0,0,26.73,0,0,1,0,0,0.49,0,0,0,0,0,0,0,0,1,0,0,1.64,0,0,0,0,0.1,0,0,0,7.49,0,0,10.3,0,23,26.73,1,0.49,1,1.64,10.3,7.49,0,0.1399999999999999,0,-3.7300000000000004,0,0,0.51,0,0,0,0,0,-0.6399999999999999,0,0,-0.1,0,2.8100000000000005,0,-3.7300000000000004,0.51,-0.6399999999999999,2.8100000000000005,23,23,32,242,242,18,18,14.63,14.620000000000001,245,245,126,191.81,191.81,139.71,4,4,0,1.93,1.9000000000000001,0.33,0,0,0,0,0,0,13,13,8,9.85,9.84,7.87,0,0,0.49,0.51,0,0,14.42,45.42,15.940000000000001,25.8,66.5,12.6,3.369999999999999,3.38,53.19,53.19,-13.709999999999997,2.0700000000000003,2.1,-0.33,0,0,0,3.1500000000000004,3.16,0.13000000000000028,-0.49,-0.51,11.38,21.080000000000002,-3.340000000000001,371,331.52,39.480000000000004,4,2.23,1.77,21,17.71,3.2900000000000005,79.1,61.36,17.740000000000002
2026,CLE,1,2026_01_CLE_JAX,00-0040466,Raheim Sanders,RB,0,3,1,0,-6,0,3,0,2.43,0,25,1,0,13.45,3.89,0,0,0,0,0.02,0.01,0,0,0,0,0,0,0,1,0,0,0.47,0.54,0,0,0,0.02,0,0,0,3.88,0.43,0,5.5,0.1,26,17.34,0,0.03,1,1.01,5.6,4.31,0,0.5699999999999998,0,11.55,-2.89,0,-0.02,-0.01,0,0,0,0,0.53,-0.54,0,-0.02,0,1.62,-0.32999999999999996,8.66,-0.03,-0.010000000000000009,1.29,22,22,22,228,228,16,16,13.38,13.38,205,205,87,143.64,143.63,108.82000000000001,1,1,0,0.62,0.62,0.38,0,0,0,0,0,0,9,9,5,6.18,6.18,5.69,1,1,0.87,0.87,1,0,6.47,31.439999999999998,13.16,10.2,40.5,8.7,2.619999999999999,2.619999999999999,61.360000000000014,61.370000000000005,-21.820000000000004,0.38,0.38000000000000006,-0.38,0,0,0,2.8200000000000003,2.8200000000000003,-0.6900000000000001,0.13,0.13000000000000006,3.7299999999999995,9.06,-4.460000000000001,292,252.45,39.55,1,1,5.551115123125783e-17,14,11.870000000000001,2.1300000000000003,49.2,44.599999999999994,4.6
2026,CLE,1,2026_01_CLE_JAX,00-0041037,Denzel Boston,WR,0,4,0,0,114,0,2,0,1.6,0,59,0,0,29.37,0,0,1,0,0,0.44,0,0,0,0,0,0,0,0,2,0,0,0.83,0,0,0,0,0.41,0,0,0,7.17,0,0,13.9,0,59,29.37,1,0.44,2,0.83,13.9,7.17,0,0.3999999999999999,0,29.63,0,0,0.56,0,0,0,0,0,1.17,0,0,-0.41,0,6.73,0,29.63,0.56,1.17,6.73,22,22,22,228,228,16,16,13.38,13.38,205,205,87,143.64,143.63,108.82000000000001,1,1,0,0.62,0.62,0.38,0,0,0,0,0,0,9,9,5,6.18,6.18,5.69,1,1,0.87,0.87,1,0,6.47,31.439999999999998,13.16,10.2,40.5,8.7,2.619999999999999,2.619999999999999,61.360000000000014,61.370000000000005,-21.820000000000004,0.38,0.38000000000000006,-0.38,0,0,0,2.8200000000000003,2.8200000000000003,-0.6900000000000001,0.13,0.13000000000000006,3.7299999999999995,9.06,-4.460000000000001,292,252.45,39.55,1,1,5.551115123125783e-17,14,11.870000000000001,2.1300000000000003,49.2,44.599999999999994,4.6
2026,JAX,1,2026_01_CLE_JAX,00-0040719,Bhayshul Tuten,RB,0,1,15,0,-5,0,1,0,0.86,0,22,66,0,5.57,71.47,0,0,0,0,0.01,0.15,0,0,0,0,0,0,0,1,4,0,0.41,3.3,0,0,0,0.01,0,0,0,1.49,8.05,0,3.2,6.6,88,77.03999999999999,0,0.16,5,3.71,9.8,9.540000000000001,0,0.14,0,16.43,-5.469999999999999,0,-0.01,-0.15,0,0,0,0,0.5900000000000001,0.7000000000000002,0,-0.01,0,1.7100000000000002,-1.450000000000001,10.960000000000008,-0.16,1.29,0.2599999999999998,23,23,32,242,242,18,18,14.63,14.620000000000001,245,245,126,191.81,191.81,139.71,4,4,0,1.93,1.9000000000000001,0.33,0,0,0,0,0,0,13,13,8,9.85,9.84,7.87,0,0,0.49,0.51,0,0,14.42,45.42,15.940000000000001,25.8,66.5,12.6,3.369999999999999,3.38,53.19,53.19,-13.709999999999997,2.0700000000000003,2.1,-0.33,0,0,0,3.1500000000000004,3.16,0.13000000000000028,-0.49,-0.51,11.38,21.080000000000002,-3.340000000000001,371,331.52,39.480000000000004,4,2.23,1.77,21,17.71,3.2900000000000005,79.1,61.36,17.740000000000002
2026,JAX,1,2026_01_CLE_JAX,00-0032104,Ameer Abdullah,RB,0,1,4,0,-3,0,1,0,0.86,0,0,32,0,6,20.24,0,0,0,0,0.01,0.03,0,0,0,0,0,0,0,0,1,0,0.05,0.93,0,0,0,0.01,0,0,0,1.54,2.23,0,1,3.2,32,26.24,0,0.04,1,0.9800000000000001,4.2,3.77,0,0.14,0,-6,11.760000000000002,0,-0.01,-0.03,0,0,0,0,-0.05,0.06999999999999995,0,-0.01,0,-0.54,0.9700000000000002,5.760000000000002,-0.04,0.019999999999999907,0.43000000000000016,23,23,32,242,242,18,18,14.63,14.620000000000001,245,245,126,191.81,191.81,139.71,4,4,0,1.93,1.9000000000000001,0.33,0,0,0,0,0,0,13,13,8,9.85,9.84,7.87,0,0,0.49,0.51,0,0,14.42,45.42,15.940000000000001,25.8,66.5,12.6,3.369999999999999,3.38,53.19,53.19,-13.709999999999997,2.0700000000000003,2.1,-0.33,0,0,0,3.1500000000000004,3.16,0.13000000000000028,-0.49,-0.51,11.38,21.080000000000002,-3.340000000000001,371,331.52,39.480000000000004,4,2.23,1.77,21,17.71,3.2900000000000005,79.1,61.36,17.740000000000002
2026,DAL,1,2026_01_DAL_NYG,00-0033077,Dak Prescott,QB,34,0,2,309,0,22,0,22.01,0,175,0,14,250.51,0,12.03,2,0,0,1.62,0,0.01,0,0,0,0,0,0,12,0,1,11.57,0,0.82,1,0,0.88,0,0,0,14.73,0,1.24,13,0,1.4,189,262.53999999999996,2,1.6300000000000001,13,12.39,14.4,15.97,-0.010000000000001563,0,-75.50999999999999,0,1.9700000000000006,0.3799999999999999,0,-0.01,0,0,0,0.4299999999999997,0,0.18000000000000005,0.12,0,-1.7300000000000004,0,0.15999999999999992,-73.53999999999996,0.3699999999999999,0.6099999999999994,-1.5700000000000003,34,34,18,309,309,22,22,22.01,22,175,175,69,250.51,250.52,75.44,2,2,1,1.62,1.61,1.5,0,0,0,0,0,0,12,12,4,11.57,11.57,5.43,1,1,0.88,0.88,0,0,14.73,56.79,16.58,13,51.5,12.899999999999999,-0.010000000000001563,4.440892098500626e-16,-75.50999999999999,-75.52,-6.439999999999999,0.3799999999999999,0.39,-0.5,0,0,0,0.4299999999999997,0.43000000000000027,-1.43,0.12,0.11999999999999995,-1.7300000000000004,-5.289999999999999,-3.6799999999999997,244,325.96000000000004,-81.96,3,3.1100000000000003,-0.10999999999999999,16,17,-0.9999999999999997,64.4,73.37,-8.969999999999999
2026,DAL,1,2026_01_DAL_NYG,00-0036358,CeeDee Lamb,WR,0,8,1,0,90,0,5,0,4.84,0,44,0,0,58.16,7.12,0,1,0,0,0.77,0,0,0,0,0,0,0,0,5,0,0,3.4,0.55,0,0,0,0.28,0,0,0,15.28,0.74,0,15.4,0,44,65.28,1,0.77,5,3.95,15.4,16.02,0,0.16000000000000014,0,-14.159999999999997,-7.12,0,0.22999999999999998,0,0,0,0,0,1.6,-0.55,0,-0.28,0,0.120000000000001,-0.74,-21.28,0.22999999999999998,1.0499999999999998,-0.6199999999999992,34,34,18,309,309,22,22,22.01,22,175,175,69,250.51,250.52,75.44,2,2,1,1.62,1.61,1.5,0,0,0,0,0,0,12,12,4,11.57,11.57,5.43,1,1,0.88,0.88,0,0,14.73,56.79,16.58,13,51.5,12.899999999999999,-0.010000000000001563,4.440892098500626e-16,-75.50999999999999,-75.52,-6.439999999999999,0.3799999999999999,0.39,-0.5,0,0,0,0.4299999999999997,0.43000000000000027,-1.43,0.12,0.11999999999999995,-1.7300000000000004,-5.289999999999999,-3.6799999999999997,244,325.96000000000004,-81.96,3,3.1100000000000003,-0.10999999999999999,16,17,-0.9999999999999997,64.4,73.37,-8.969999999999999
2026,DAL,1,2026_01_DAL_NYG,00-0037247,George Pickens,WR,0,6,0,0,104,0,3,0,3.03,0,28,0,0,54.6,0,0,0,0,0,0.07,0,0,0,0,0,0,0,0,2,0,0,2,0,0,0,0,0.22,0,0,0,8.92,0,0,5.8,0,28,54.6,0,0.07,2,2,5.8,8.92,0,-0.029999999999999805,0,-26.6,0,0,-0.07,0,0,0,0,0,0,0,0,-0.22,0,-3.12,0,-26.6,-0.07,0,-3.12,34,34,18,309,309,22,22,22.01,22,175,175,69,250.51,250.52,75.44,2,2,1,1.62,1.61,1.5,0,0,0,0,0,0,12,12,4,11.57,11.57,5.43,1,1,0.88,0.88,0,0,14.73,56.79,16.58,13,51.5,12.899999999999999,-0.010000000000001563,4.440892098500626e-16,-75.50999999999999,-75.52,-6.439999999999999,0.3799999999999999,0.39,-0.5,0,0,0,0.4299999999999997,0.43000000000000027,-1.43,0.12,0.11999999999999995,-1.7300000000000004,-5.289999999999999,-3.6799999999999997,244,325.96000000000004,-81.96,3,3.1100000000000003,-0.10999999999999999,16,17,-0.9999999999999997,64.4,73.37,-8.969999999999999
2026,NYG,1,2026_01_DAL_NYG,00-0040691,Jaxson Dart,QB,29,0,11,245,0,23,0,19.96,0,230,0,54,237.9,0,39.76,3,0,0,1.91,0,0.03,0,0,0,0,0,0,14,0,4,11.84,0,3.29,0,0,0.65,0,0,0,15.86,0,4.15,21.2,0,5.4,284,277.66,3,1.94,18,15.129999999999999,26.6,20.009999999999998,3.039999999999999,0,-7.900000000000006,0,14.240000000000002,1.09,0,-0.03,0,0,0,2.16,0,0.71,-0.65,0,5.34,0,1.25,6.339999999999975,1.06,2.870000000000001,6.590000000000003,29,29,37,245,245,23,23,19.96,19.95,230,230,165,237.9,237.9,148.23,3,3,1,1.91,1.9000000000000001,0.87,0,0,0,0,0,0,14,14,11,11.84,11.84,8.58,0,0,0.65,0.65,0,1,15.86,55.2,20.03,21.2,64,20.5,3.039999999999999,3.05,-7.900000000000006,-7.900000000000007,16.770000000000003,1.09,1.0999999999999999,0.13,0,0,0,2.16,2.1599999999999997,2.4199999999999995,-0.65,-0.65,5.34,8.799999999999999,0.4699999999999993,395,386.13,8.869999999999997,4,2.77,1.23,25,20.42,4.579999999999999,84.5,75.23,9.269999999999998
2026,NYG,1,2026_01_DAL_NYG,00-0039337,Malik Nabers,WR,0,9,0,0,103,0,6,0,6.03,0,69,0,0,89.95,0,0,0,0,0,0.1,0,0,0,0,0,0,0,0,3,0,0,4.07,0,0,0,0,0.23,0,0,0,15.64,0,0,12.9,0,69,89.95,0,0.1,3,4.07,12.9,15.64,0,-0.03000000000000025,0,-20.950000000000003,0,0,-0.1,0,0,0,0,0,-1.0700000000000003,0,0,-0.23,0,-2.74,0,-20.950000000000003,-0.1,-1.0700000000000003,-2.74,29,29,37,245,245,23,23,19.96,19.95,230,230,165,237.9,237.9,148.23,3,3,1,1.91,1.9000000000000001,0.87,0,0,0,0,0,0,14,14,11,11.84,11.84,8.58,0,0,0.65,0.65,0,1,15.86,55.2,20.03,21.2,64,20.5,3.039999999999999,3.05,-7.900000000000006,-7.900000000000007,16.770000000000003,1.09,1.0999999999999999,0.13,0,0,0,2.16,2.1599999999999997,2.4199999999999995,-0.65,-0.65,5.34,8.799999999999999,0.4699999999999993,395,386.13,8.869999999999997,4,2.77,1.23,25,20.42,4.579999999999999,84.5,75.23,9.269999999999998
2026,NYG,1,2026_01_DAL_NYG,00-0033376,Patrick Ricard,RB,0,1,0,0,-4,0,0,0,0.87,0,0,0,0,7.97,0,0,0,0,0,0,0,0,0,0,0,0,0,0,0,0,0,0.32,0,0,0,0,0.01,0,0,0,1.68,0,0,0,0,0,7.97,0,0,0,0.32,0,1.68,0,-0.87,0,-7.97,0,0,0,0,0,0,0,0,-0.32,0,0,-0.01,0,-1.68,0,-7.97,0,-0.32,-1.68,29,29,37,245,245,23,23,19.96,19.95,230,230,165,237.9,237.9,148.23,3,3,1,1.91,1.9000000000000001,0.87,0,0,0,0,0,0,14,14,11,11.84,11.84,8.58,0,0,0.65,0.65,0,1,15.86,55.2,20.03,21.2,64,20.5,3.039999999999999,3.05,-7.900000000000006,-7.900000000000007,16.770000000000003,1.09,1.0999999999999999,0.13,0,0,0,2.16,2.1599999999999997,2.4199999999999995,-0.65,-0.65,5.34,8.799999999999999,0.4699999999999993,395,386.13,8.869999999999997,4,2.77,1.23,25,20.42,4.579999999999999,84.5,75.23,9.269999999999998
2026,NYG,1,2026_01_DAL_NYG,00-0037838,Isaiah Likely,TE,0,8,0,0,64,0,8,0,5.25,0,78,0,0,57.01,0,0,2,0,0,1.12,0,0,0,0,0,0,0,0,6,0,0,3.85,0,0,0,0,0.19,0,0,0,17.69,0,0,27.8,0,78,57.01,2,1.12,6,3.85,27.8,17.69,0,2.75,0,20.990000000000002,0,0,0.8799999999999999,0,0,0,0,0,2.15,0,0,-0.19,0,10.11,0,20.990000000000002,0.8799999999999999,2.15,10.11,29,29,37,245,245,23,23,19.96,19.95,230,230,165,237.9,237.9,148.23,3,3,1,1.91,1.9000000000000001,0.87,0,0,0,0,0,0,14,14,11,11.84,11.84,8.58,0,0,0.65,0.65,0,1,15.86,55.2,20.03,21.2,64,20.5,3.039999999999999,3.05,-7.900000000000006,-7.900000000000007,16.770000000000003,1.09,1.0999999999999999,0.13,0,0,0,2.16,2.1599999999999997,2.4199999999999995,-0.65,-0.65,5.34,8.799999999999999,0.4699999999999993,395,386.13,8.869999999999997,4,2.77,1.23,25,20.42,4.579999999999999,84.5,75.23,9.269999999999998
2026,DAL,1,2026_01_DAL_NYG,00-0039530,Brevyn Spann-Ford,TE,0,2,0,0,6,0,2,0,1.59,0,14,0,0,13.21,0,0,0,0,0,0,0,0,0,0,0,0,0,0,0,0,0,0.41,0,0,0,0,0.01,0,0,0,2.94,0,0,3.4,0,14,13.21,0,0,0,0.41,3.4,2.94,0,0.4099999999999999,0,0.7899999999999991,0,0,0,0,0,0,0,0,-0.41,0,0,-0.01,0,0.45999999999999996,0,0.7899999999999991,0,-0.41,0.45999999999999996,34,34,18,309,309,22,22,22.01,22,175,175,69,250.51,250.52,75.44,2,2,1,1.62,1.61,1.5,0,0,0,0,0,0,12,12,4,11.57,11.57,5.43,1,1,0.88,0.88,0,0,14.73,56.79,16.58,13,51.5,12.899999999999999,-0.010000000000001563,4.440892098500626e-16,-75.50999999999999,-75.52,-6.439999999999999,0.3799999999999999,0.39,-0.5,0,0,0,0.4299999999999997,0.43000000000000027,-1.43,0.12,0.11999999999999995,-1.7300000000000004,-5.289999999999999,-3.6799999999999997,244,325.96000000000004,-81.96,3,3.1100000000000003,-0.10999999999999999,16,17,-0.9999999999999997,64.4,73.37,-8.969999999999999
2026,DAL,1,2026_01_DAL_NYG,NA,NA,NA,0,4,0,0,67,0,0,0,1.93,0,0,0,0,38.89,0,0,0,0,0,0.03,0,0,0,0,0,0,0,0,0,0,0,1.45,0,0,1,0,0.14,0,0,0,5.97,0,0,0,0,0,38.89,0,0.03,0,1.45,0,5.97,0,-1.93,0,-38.89,0,0,-0.03,0,0,0,0,0,-1.45,0,0,0.86,0,-5.97,0,-38.89,-0.03,-1.45,-5.97,34,34,18,309,309,22,22,22.01,22,175,175,69,250.51,250.52,75.44,2,2,1,1.62,1.61,1.5,0,0,0,0,0,0,12,12,4,11.57,11.57,5.43,1,1,0.88,0.88,0,0,14.73,56.79,16.58,13,51.5,12.899999999999999,-0.010000000000001563,4.440892098500626e-16,-75.50999999999999,-75.52,-6.439999999999999,0.3799999999999999,0.39,-0.5,0,0,0,0.4299999999999997,0.43000000000000027,-1.43,0.12,0.11999999999999995,-1.7300000000000004,-5.289999999999999,-3.6799999999999997,244,325.96000000000004,-81.96,3,3.1100000000000003,-0.10999999999999999,16,17,-0.9999999999999997,64.4,73.37,-8.969999999999999
2026,DAL,1,2026_01_DAL_NYG,00-0037801,KaVontae Turpin,WR,0,1,0,0,1,0,1,0,0.78,0,8,0,0,4.59,0,0,0,0,0,0.01,0,0,0,0,0,0,0,0,1,0,0,0.27,0,0,0,0,0.01,0,0,0,1.29,0,0,1.8,0,8,4.59,0,0.01,1,0.27,1.8,1.29,0,0.21999999999999997,0,3.41,0,0,-0.01,0,0,0,0,0,0.73,0,0,-0.01,0,0.51,0,3.41,-0.01,0.73,0.51,34,34,18,309,309,22,22,22.01,22,175,175,69,250.51,250.52,75.44,2,2,1,1.62,1.61,1.5,0,0,0,0,0,0,12,12,4,11.57,11.57,5.43,1,1,0.88,0.88,0,0,14.73,56.79,16.58,13,51.5,12.899999999999999,-0.010000000000001563,4.440892098500626e-16,-75.50999999999999,-75.52,-6.439999999999999,0.3799999999999999,0.39,-0.5,0,0,0,0.4299999999999997,0.43000000000000027,-1.43,0.12,0.11999999999999995,-1.7300000000000004,-5.289999999999999,-3.6799999999999997,244,325.96000000000004,-81.96,3,3.1100000000000003,-0.10999999999999999,16,17,-0.9999999999999997,64.4,73.37,-8.969999999999999
2026,DAL,1,2026_01_DAL_NYG,00-0038547,Luke Schoonmaker,TE,0,1,0,0,12,0,1,0,0.67,0,12,0,0,10.3,0,0,0,0,0,0.01,0,0,0,0,0,0,0,0,0,0,0,0.18,0,0,0,0,0.03,0,0,0,1.78,0,0,2.2,0,12,10.3,0,0.01,0,0.18,2.2,1.78,0,0.32999999999999996,0,1.6999999999999993,0,0,-0.01,0,0,0,0,0,-0.18,0,0,-0.03,0,0.42000000000000015,0,1.6999999999999993,-0.01,-0.18,0.42000000000000015,34,34,18,309,309,22,22,22.01,22,175,175,69,250.51,250.52,75.44,2,2,1,1.62,1.61,1.5,0,0,0,0,0,0,12,12,4,11.57,11.57,5.43,1,1,0.88,0.88,0,0,14.73,56.79,16.58,13,51.5,12.899999999999999,-0.010000000000001563,4.440892098500626e-16,-75.50999999999999,-75.52,-6.439999999999999,0.3799999999999999,0.39,-0.5,0,0,0,0.4299999999999997,0.43000000000000027,-1.43,0.12,0.11999999999999995,-1.7300000000000004,-5.289999999999999,-3.6799999999999997,244,325.96000000000004,-81.96,3,3.1100000000000003,-0.10999999999999999,16,17,-0.9999999999999997,64.4,73.37,-8.969999999999999
2026,NYG,1,2026_01_DAL_NYG,00-0041042,Malachi Fields,WR,0,4,0,0,71,0,2,0,2.25,0,25,0,0,35.95,0,0,0,0,0,0.3,0,0,0,0,0,0,0,0,1,0,0,1.28,0,0,0,0,0.12,0,0,0,7.67,0,0,4.5,0,25,35.95,0,0.3,1,1.28,4.5,7.67,0,-0.25,0,-10.950000000000003,0,0,-0.3,0,0,0,0,0,-0.28,0,0,-0.12,0,-3.17,0,-10.950000000000003,-0.3,-0.28,-3.17,29,29,37,245,245,23,23,19.96,19.95,230,230,165,237.9,237.9,148.23,3,3,1,1.91,1.9000000000000001,0.87,0,0,0,0,0,0,14,14,11,11.84,11.84,8.58,0,0,0.65,0.65,0,1,15.86,55.2,20.03,21.2,64,20.5,3.039999999999999,3.05,-7.900000000000006,-7.900000000000007,16.770000000000003,1.09,1.0999999999999999,0.13,0,0,0,2.16,2.1599999999999997,2.4199999999999995,-0.65,-0.65,5.34,8.799999999999999,0.4699999999999993,395,386.13,8.869999999999997,4,2.77,1.23,25,20.42,4.579999999999999,84.5,75.23,9.269999999999998
2026,DAL,1,2026_01_DAL_NYG,00-0039410,Ryan Flournoy,WR,0,4,0,0,23,0,2,0,2.92,0,22,0,0,28.88,0,0,0,0,0,0.01,0,0,0,0,0,0,0,0,1,0,0,1.2,0,0,0,0,0.08,0,0,0,5.9,0,0,4.2,0,22,28.88,0,0.01,1,1.2,4.2,5.9,0,-0.9199999999999999,0,-6.879999999999999,0,0,-0.01,0,0,0,0,0,-0.19999999999999996,0,0,-0.08,0,-1.7000000000000002,0,-6.879999999999999,-0.01,-0.19999999999999996,-1.7000000000000002,34,34,18,309,309,22,22,22.01,22,175,175,69,250.51,250.52,75.44,2,2,1,1.62,1.61,1.5,0,0,0,0,0,0,12,12,4,11.57,11.57,5.43,1,1,0.88,0.88,0,0,14.73,56.79,16.58,13,51.5,12.899999999999999,-0.010000000000001563,4.440892098500626e-16,-75.50999999999999,-75.52,-6.439999999999999,0.3799999999999999,0.39,-0.5,0,0,0,0.4299999999999997,0.43000000000000027,-1.43,0.12,0.11999999999999995,-1.7300000000000004,-5.289999999999999,-3.6799999999999997,244,325.96000000000004,-81.96,3,3.1100000000000003,-0.10999999999999999,16,17,-0.9999999999999997,64.4,73.37,-8.969999999999999
2026,NYG,1,2026_01_DAL_NYG,00-0036309,Darnell Mooney,WR,0,2,0,0,25,0,2,0,1.33,0,27,0,0,19.92,0,0,0,0,0,0.03,0,0,0,0,0,0,0,0,2,0,0,1.05,0,0,0,0,0.06,0,0,0,3.49,0,0,4.7,0,27,19.92,0,0.03,2,1.05,4.7,3.49,0,0.6699999999999999,0,7.079999999999998,0,0,-0.03,0,0,0,0,0,0.95,0,0,-0.06,0,1.21,0,7.079999999999998,-0.03,0.95,1.21,29,29,37,245,245,23,23,19.96,19.95,230,230,165,237.9,237.9,148.23,3,3,1,1.91,1.9000000000000001,0.87,0,0,0,0,0,0,14,14,11,11.84,11.84,8.58,0,0,0.65,0.65,0,1,15.86,55.2,20.03,21.2,64,20.5,3.039999999999999,3.05,-7.900000000000006,-7.900000000000007,16.770000000000003,1.09,1.0999999999999999,0.13,0,0,0,2.16,2.1599999999999997,2.4199999999999995,-0.65,-0.65,5.34,8.799999999999999,0.4699999999999993,395,386.13,8.869999999999997,4,2.77,1.23,25,20.42,4.579999999999999,84.5,75.23,9.269999999999998
2026,DAL,1,2026_01_DAL_NYG,00-0038041,Jake Ferguson,TE,0,2,0,0,6,0,2,0,1.51,0,6,0,0,9.88,0,0,0,0,0,0.59,0,0,0,0,0,0,0,0,0,0,0,0.88,0,0,0,0,0.03,0,0,0,6.04,0,0,2.6,0,6,9.88,0,0.59,0,0.88,2.6,6.04,0,0.49,0,-3.880000000000001,0,0,-0.59,0,0,0,0,0,-0.88,0,0,-0.03,0,-3.44,0,-3.880000000000001,-0.59,-0.88,-3.44,34,34,18,309,309,22,22,22.01,22,175,175,69,250.51,250.52,75.44,2,2,1,1.62,1.61,1.5,0,0,0,0,0,0,12,12,4,11.57,11.57,5.43,1,1,0.88,0.88,0,0,14.73,56.79,16.58,13,51.5,12.899999999999999,-0.010000000000001563,4.440892098500626e-16,-75.50999999999999,-75.52,-6.439999999999999,0.3799999999999999,0.39,-0.5,0,0,0,0.4299999999999997,0.43000000000000027,-1.43,0.12,0.11999999999999995,-1.7300000000000004,-5.289999999999999,-3.6799999999999997,244,325.96000000000004,-81.96,3,3.1100000000000003,-0.10999999999999999,16,17,-0.9999999999999997,64.4,73.37,-8.969999999999999
2026,NYG,1,2026_01_DAL_NYG,00-0039847,Theo Johnson,TE,0,1,0,0,2,0,1,0,0.82,0,9,0,0,7.09,0,0,0,0,0,0,0,0,0,0,0,0,0,0,0,0,0,0.22,0,0,0,0,0.01,0,0,0,1.54,0,0,1.9,0,9,7.09,0,0,0,0.22,1.9,1.54,0,0.18000000000000005,0,1.9100000000000001,0,0,0,0,0,0,0,0,-0.22,0,0,-0.01,0,0.3599999999999999,0,1.9100000000000001,0,-0.22,0.3599999999999999,29,29,37,245,245,23,23,19.96,19.95,230,230,165,237.9,237.9,148.23,3,3,1,1.91,1.9000000000000001,0.87,0,0,0,0,0,0,14,14,11,11.84,11.84,8.58,0,0,0.65,0.65,0,1,15.86,55.2,20.03,21.2,64,20.5,3.039999999999999,3.05,-7.900000000000006,-7.900000000000007,16.770000000000003,1.09,1.0999999999999999,0.13,0,0,0,2.16,2.1599999999999997,2.4199999999999995,-0.65,-0.65,5.34,8.799999999999999,0.4699999999999993,395,386.13,8.869999999999997,4,2.77,1.23,25,20.42,4.579999999999999,84.5,75.23,9.269999999999998
2026,DAL,1,2026_01_DAL_NYG,00-0036997,Javonte Williams,RB,0,5,12,0,-11,0,5,0,4.13,0,31,41,0,23.39,41.4,0,1,1,0,0.12,1.47,0,0,0,0,0,0,0,2,2,0,1.16,3.27,0,0,0,0.04,0,0,0,7.19,12.94,0,14.1,10.1,72,64.78999999999999,2,1.5899999999999999,4,4.43,24.2,20.13,0,0.8700000000000001,0,7.609999999999999,-0.3999999999999986,0,0.88,-0.47,0,0,0,0,0.8400000000000001,-1.27,0,-0.04,0,6.909999999999999,-2.84,7.210000000000008,0.41000000000000014,-0.4299999999999997,4.07,34,34,18,309,309,22,22,22.01,22,175,175,69,250.51,250.52,75.44,2,2,1,1.62,1.61,1.5,0,0,0,0,0,0,12,12,4,11.57,11.57,5.43,1,1,0.88,0.88,0,0,14.73,56.79,16.58,13,51.5,12.899999999999999,-0.010000000000001563,4.440892098500626e-16,-75.50999999999999,-75.52,-6.439999999999999,0.3799999999999999,0.39,-0.5,0,0,0,0.4299999999999997,0.43000000000000027,-1.43,0.12,0.11999999999999995,-1.7300000000000004,-5.289999999999999,-3.6799999999999997,244,325.96000000000004,-81.96,3,3.1100000000000003,-0.10999999999999999,16,17,-0.9999999999999997,64.4,73.37,-8.969999999999999
2026,NYG,1,2026_01_DAL_NYG,00-0035250,Devin Singletary,RB,0,4,6,0,-16,0,4,0,3.4,0,22,16,0,20.01,26.57,0,1,0,0,0.35,0.08,0,0,0,0,0,0,0,2,0,0,1.05,0.79,0,0,0,0.03,0,0,0,7.49,3.13,0,12.2,1.6,38,46.58,1,0.43,2,1.84,13.799999999999999,10.620000000000001,0,0.6000000000000001,0,1.9899999999999984,-10.57,0,0.65,-0.08,0,0,0,0,0.95,-0.79,0,-0.03,0,4.709999999999999,-1.5299999999999998,-8.579999999999998,0.5700000000000001,0.15999999999999992,3.179999999999998,29,29,37,245,245,23,23,19.96,19.95,230,230,165,237.9,237.9,148.23,3,3,1,1.91,1.9000000000000001,0.87,0,0,0,0,0,0,14,14,11,11.84,11.84,8.58,0,0,0.65,0.65,0,1,15.86,55.2,20.03,21.2,64,20.5,3.039999999999999,3.05,-7.900000000000006,-7.900000000000007,16.770000000000003,1.09,1.0999999999999999,0.13,0,0,0,2.16,2.1599999999999997,2.4199999999999995,-0.65,-0.65,5.34,8.799999999999999,0.4699999999999993,395,386.13,8.869999999999997,4,2.77,1.23,25,20.42,4.579999999999999,84.5,75.23,9.269999999999998
2026,DAL,1,2026_01_DAL_NYG,00-0039062,Jonathan Mingo,WR,0,1,0,0,11,0,1,0,0.6,0,10,0,0,8.62,0,0,0,0,0,0,0,0,0,0,0,0,0,0,1,0,0,0.62,0,0,0,0,0.04,0,0,0,1.48,0,0,2,0,10,8.62,0,0,1,0.62,2,1.48,0,0.4,0,1.3800000000000008,0,0,0,0,0,0,0,0,0.38,0,0,-0.04,0,0.52,0,1.3800000000000008,0,0.38,0.52,34,34,18,309,309,22,22,22.01,22,175,175,69,250.51,250.52,75.44,2,2,1,1.62,1.61,1.5,0,0,0,0,0,0,12,12,4,11.57,11.57,5.43,1,1,0.88,0.88,0,0,14.73,56.79,16.58,13,51.5,12.899999999999999,-0.010000000000001563,4.440892098500626e-16,-75.50999999999999,-75.52,-6.439999999999999,0.3799999999999999,0.39,-0.5,0,0,0,0.4299999999999997,0.43000000000000027,-1.43,0.12,0.11999999999999995,-1.7300000000000004,-5.289999999999999,-3.6799999999999997,244,325.96000000000004,-81.96,3,3.1100000000000003,-0.10999999999999999,16,17,-0.9999999999999997,64.4,73.37,-8.969999999999999
2026,DEN,1,2026_01_DEN_KC,00-0039732,Bo Nix,QB,28,0,3,92,0,17,0,20.03,0,131,0,2,154.42,0,6.74,1,0,0,0.45,0,0.05,0,0,0,0,0,0,6,0,0,7.98,0,0.08,1,0,0.46,0,0,0,7.07,0,1,7.24,0,0.2,133,161.16,1,0.5,6,8.06,7.44,8.07,-3.030000000000001,0,-23.419999999999987,0,-4.74,0.55,0,-0.05,0,0,0,-1.9800000000000004,0,-0.08,0.54,0,0.16999999999999993,0,-0.8,-28.159999999999997,0.5,-2.0600000000000005,-0.6299999999999999,28,28,15,92,92,17,17,20.03,20.029999999999998,131,131,61,154.42,154.41,65.72,1,1,0,0.45,0.44,0.08,0,0,0,0,0,0,6,6,2,7.98,7.99,2.56,1,1,0.46,0.46,0,0,7.07,38.18,7.08,7.24,36.1,6.1000000000000005,-3.030000000000001,-3.029999999999999,-23.419999999999987,-23.409999999999997,-4.720000000000001,0.55,0.5599999999999999,-0.08,0,0,0,-1.9800000000000004,-1.9899999999999998,-0.5599999999999999,0.54,0.54,0.16999999999999993,-2.079999999999999,-0.9799999999999999,192,220.13,-28.129999999999995,1,0.52,0.4799999999999999,8,10.55,-2.55,42.2,45.26,-3.059999999999999
2026,DEN,1,2026_01_DEN_KC,00-0034348,Courtland Sutton,WR,0,5,0,0,40,0,2,0,3.34,0,11,0,0,36.07,0,0,0,0,0,0.04,0,0,0,0,0,0,0,0,0,0,0,1.72,0,0,1,0,0.11,0,0,0,7.21,0,0,3.1,0,11,36.07,0,0.04,0,1.72,3.1,7.21,0,-1.3399999999999999,0,-25.07,0,0,-0.04,0,0,0,0,0,-1.72,0,0,0.89,0,-4.109999999999999,0,-25.07,-0.04,-1.72,-4.109999999999999,28,28,15,92,92,17,17,20.03,20.029999999999998,131,131,61,154.42,154.41,65.72,1,1,0,0.45,0.44,0.08,0,0,0,0,0,0,6,6,2,7.98,7.99,2.56,1,1,0.46,0.46,0,0,7.07,38.18,7.08,7.24,36.1,6.1000000000000005,-3.030000000000001,-3.029999999999999,-23.419999999999987,-23.409999999999997,-4.720000000000001,0.55,0.5599999999999999,-0.08,0,0,0,-1.9800000000000004,-1.9899999999999998,-0.5599999999999999,0.54,0.54,0.16999999999999993,-2.079999999999999,-0.9799999999999999,192,220.13,-28.129999999999995,1,0.52,0.4799999999999999,8,10.55,-2.55,42.2,45.26,-3.059999999999999
2026,KC,1,2026_01_DEN_KC,00-0033873,Patrick Mahomes,QB,27,0,7,133,0,15,0,19.78,0,184,0,23,194.82,0,23.32,2,0,1,0.93,0,0.52,0,0,0,0,0,0,7,0,2,10.49,0,1.37,1,0,0.41,0,0,0,10.71,0,5.46,13.36,0,8.3,207,218.14,3,1.4500000000000002,9,11.86,21.66,16.17,-4.780000000000001,0,-10.819999999999993,0,-0.3200000000000003,1.0699999999999998,0,0.48,0,0,0,-3.49,0,0.6299999999999999,0.5900000000000001,0,2.6499999999999986,0,2.8400000000000007,-11.139999999999986,1.5499999999999998,-2.8599999999999994,5.489999999999998,27,27,38,133,133,15,15,19.78,19.76,184,184,220,194.82,194.84,153.77,2,2,2,0.93,0.93,1.3900000000000001,0,0,0,0,0,0,7,7,11,10.49,10.49,10.48,1,1,0.41,0.41,0,0,10.71,44.85,23.68,13.36,45.4,34,-4.780000000000001,-4.760000000000001,-10.819999999999993,-10.839999999999995,66.22999999999999,1.0699999999999998,1.0699999999999998,0.61,0,0,0,-3.49,-3.49,0.52,0.5900000000000001,0.59,2.6499999999999986,0.5500000000000018,10.320000000000002,404,348.61,55.38999999999999,4,2.3200000000000003,1.6799999999999997,18,20.97,-2.97,79.4,68.53,10.870000000000005
2026,KC,1,2026_01_DEN_KC,00-0030506,Travis Kelce,TE,0,5,0,0,29,0,3,0,3.62,0,71,0,0,38.87,0,0,0,0,0,0.05,0,0,0,0,0,0,0,0,2,0,0,2.37,0,0,0,0,0.08,0,0,0,7.8,0,0,10.1,0,71,38.87,0,0.05,2,2.37,10.1,7.8,0,-0.6200000000000001,0,32.13,0,0,-0.05,0,0,0,0,0,-0.3700000000000001,0,0,-0.08,0,2.3,0,32.13,-0.05,-0.3700000000000001,2.3,27,27,38,133,133,15,15,19.78,19.76,184,184,220,194.82,194.84,153.77,2,2,2,0.93,0.93,1.3900000000000001,0,0,0,0,0,0,7,7,11,10.49,10.49,10.48,1,1,0.41,0.41,0,0,10.71,44.85,23.68,13.36,45.4,34,-4.780000000000001,-4.760000000000001,-10.819999999999993,-10.839999999999995,66.22999999999999,1.0699999999999998,1.0699999999999998,0.61,0,0,0,-3.49,-3.49,0.52,0.5900000000000001,0.59,2.6499999999999986,0.5500000000000018,10.320000000000002,404,348.61,55.38999999999999,4,2.3200000000000003,1.6799999999999997,18,20.97,-2.97,79.4,68.53,10.870000000000005
2026,KC,1,2026_01_DEN_KC,00-0039894,Xavier Worthy,WR,0,6,0,0,42,0,3,0,4.32,0,18,0,0,45.61,0,0,0,0,0,0.06,0,0,0,0,0,0,0,0,1,0,0,2.83,0,0,1,0,0.12,0,0,0,9.23,0,0,4.8,0,18,45.61,0,0.06,1,2.83,4.8,9.23,0,-1.3200000000000003,0,-27.61,0,0,-0.06,0,0,0,0,0,-1.83,0,0,0.88,0,-4.430000000000001,0,-27.61,-0.06,-1.83,-4.430000000000001,27,27,38,133,133,15,15,19.78,19.76,184,184,220,194.82,194.84,153.77,2,2,2,0.93,0.93,1.3900000000000001,0,0,0,0,0,0,7,7,11,10.49,10.49,10.48,1,1,0.41,0.41,0,0,10.71,44.85,23.68,13.36,45.4,34,-4.780000000000001,-4.760000000000001,-10.819999999999993,-10.839999999999995,66.22999999999999,1.0699999999999998,1.0699999999999998,0.61,0,0,0,-3.49,-3.49,0.52,0.5900000000000001,0.59,2.6499999999999986,0.5500000000000018,10.320000000000002,404,348.61,55.38999999999999,4,2.3200000000000003,1.6799999999999997,18,20.97,-2.97,79.4,68.53,10.870000000000005
2026,DEN,1,2026_01_DEN_KC,00-0040134,Pat Bryant,WR,0,6,0,0,25,0,4,0,4.52,0,42,0,0,38.47,0,0,0,0,0,0.02,0,0,0,0,0,0,0,0,3,0,0,2.01,0,0,0,0,0.08,0,0,0,8.51,0,0,8.2,0,42,38.47,0,0.02,3,2.01,8.2,8.51,0,-0.5199999999999996,0,3.530000000000001,0,0,-0.02,0,0,0,0,0,0.9900000000000002,0,0,-0.08,0,-0.3100000000000005,0,3.530000000000001,-0.02,0.9900000000000002,-0.3100000000000005,28,28,15,92,92,17,17,20.03,20.029999999999998,131,131,61,154.42,154.41,65.72,1,1,0,0.45,0.44,0.08,0,0,0,0,0,0,6,6,2,7.98,7.99,2.56,1,1,0.46,0.46,0,0,7.07,38.18,7.08,7.24,36.1,6.1000000000000005,-3.030000000000001,-3.029999999999999,-23.419999999999987,-23.409999999999997,-4.720000000000001,0.55,0.5599999999999999,-0.08,0,0,0,-1.9800000000000004,-1.9899999999999998,-0.5599999999999999,0.54,0.54,0.16999999999999993,-2.079999999999999,-0.9799999999999999,192,220.13,-28.129999999999995,1,0.52,0.4799999999999999,8,10.55,-2.55,42.2,45.26,-3.059999999999999
2026,DEN,1,2026_01_DEN_KC,00-0036422,Adam Trautman,TE,0,3,0,0,-1,0,2,0,2.21,0,10,0,0,14.7,0,0,0,0,0,0.01,0,0,0,0,0,0,0,0,0,0,0,0.54,0,0,0,0,0.03,0,0,0,3.74,0,0,3,0,10,14.7,0,0.01,0,0.54,3,3.74,0,-0.20999999999999996,0,-4.699999999999999,0,0,-0.01,0,0,0,0,0,-0.54,0,0,-0.03,0,-0.7400000000000002,0,-4.699999999999999,-0.01,-0.54,-0.7400000000000002,28,28,15,92,92,17,17,20.03,20.029999999999998,131,131,61,154.42,154.41,65.72,1,1,0,0.45,0.44,0.08,0,0,0,0,0,0,6,6,2,7.98,7.99,2.56,1,1,0.46,0.46,0,0,7.07,38.18,7.08,7.24,36.1,6.1000000000000005,-3.030000000000001,-3.029999999999999,-23.419999999999987,-23.409999999999997,-4.720000000000001,0.55,0.5599999999999999,-0.08,0,0,0,-1.9800000000000004,-1.9899999999999998,-0.5599999999999999,0.54,0.54,0.16999999999999993,-2.079999999999999,-0.9799999999999999,192,220.13,-28.129999999999995,1,0.52,0.4799999999999999,8,10.55,-2.55,42.2,45.26,-3.059999999999999
2026,DEN,1,2026_01_DEN_KC,00-0033881,Evan Engram,TE,0,5,0,0,18,0,4,0,3.32,0,43,0,0,22.56,0,0,1,0,0,0.34,0,0,0,0,0,0,0,0,3,0,0,1.31,0,0,0,0,0.07,0,0,0,7.64,0,0,14.3,0,43,22.56,1,0.34,3,1.31,14.3,7.64,0,0.6800000000000002,0,20.44,0,0,0.6599999999999999,0,0,0,0,0,1.69,0,0,-0.07,0,6.660000000000001,0,20.44,0.6599999999999999,1.69,6.660000000000001,28,28,15,92,92,17,17,20.03,20.029999999999998,131,131,61,154.42,154.41,65.72,1,1,0,0.45,0.44,0.08,0,0,0,0,0,0,6,6,2,7.98,7.99,2.56,1,1,0.46,0.46,0,0,7.07,38.18,7.08,7.24,36.1,6.1000000000000005,-3.030000000000001,-3.029999999999999,-23.419999999999987,-23.409999999999997,-4.720000000000001,0.55,0.5599999999999999,-0.08,0,0,0,-1.9800000000000004,-1.9899999999999998,-0.5599999999999999,0.54,0.54,0.16999999999999993,-2.079999999999999,-0.9799999999999999,192,220.13,-28.129999999999995,1,0.52,0.4799999999999999,8,10.55,-2.55,42.2,45.26,-3.059999999999999
2026,KC,1,2026_01_DEN_KC,NA,NA,NA,0,2,0,0,16,0,0,0,1.23,0,0,0,0,17.29,0,0,0,0,0,0.01,0,0,0,0,0,0,0,0,0,0,0,0.82,0,0,0,0,0.06,0,0,0,3.01,0,0,0,0,0,17.29,0,0.01,0,0.82,0,3.01,0,-1.23,0,-17.29,0,0,-0.01,0,0,0,0,0,-0.82,0,0,-0.06,0,-3.01,0,-17.29,-0.01,-0.82,-3.01,27,27,38,133,133,15,15,19.78,19.76,184,184,220,194.82,194.84,153.77,2,2,2,0.93,0.93,1.3900000000000001,0,0,0,0,0,0,7,7,11,10.49,10.49,10.48,1,1,0.41,0.41,0,0,10.71,44.85,23.68,13.36,45.4,34,-4.780000000000001,-4.760000000000001,-10.819999999999993,-10.839999999999995,66.22999999999999,1.0699999999999998,1.0699999999999998,0.61,0,0,0,-3.49,-3.49,0.52,0.5900000000000001,0.59,2.6499999999999986,0.5500000000000018,10.320000000000002,404,348.61,55.38999999999999,4,2.3200000000000003,1.6799999999999997,18,20.97,-2.97,79.4,68.53,10.870000000000005
2026,DEN,1,2026_01_DEN_KC,00-0040730,RJ Harvey,RB,0,4,3,0,-22,0,4,0,3.48,0,23,18,0,18.84,14.66,0,0,0,0,0.01,0.01,0,0,0,0,0,0,0,0,1,0,0.53,1.02,0,0,0,0.02,0,0,0,5.42,1.53,0,6.3,1.8,41,33.5,0,0.02,1,1.55,8.1,6.95,0,0.52,0,4.16,3.34,0,-0.01,-0.01,0,0,0,0,-0.53,-0.020000000000000018,0,-0.02,0,0.8799999999999999,0.27,7.5,-0.02,-0.55,1.1499999999999995,28,28,15,92,92,17,17,20.03,20.029999999999998,131,131,61,154.42,154.41,65.72,1,1,0,0.45,0.44,0.08,0,0,0,0,0,0,6,6,2,7.98,7.99,2.56,1,1,0.46,0.46,0,0,7.07,38.18,7.08,7.24,36.1,6.1000000000000005,-3.030000000000001,-3.029999999999999,-23.419999999999987,-23.409999999999997,-4.720000000000001,0.55,0.5599999999999999,-0.08,0,0,0,-1.9800000000000004,-1.9899999999999998,-0.5599999999999999,0.54,0.54,0.16999999999999993,-2.079999999999999,-0.9799999999999999,192,220.13,-28.129999999999995,1,0.52,0.4799999999999999,8,10.55,-2.55,42.2,45.26,-3.059999999999999
2026,KC,1,2026_01_DEN_KC,00-0038104,Tyquan Thornton,WR,0,1,0,0,36,0,0,0,0.43,0,0,0,0,17.69,0,0,0,0,0,0.05,0,0,0,0,0,0,0,0,0,0,0,0.38,0,0,0,0,0.03,0,0,0,2.53,0,0,0,0,0,17.69,0,0.05,0,0.38,0,2.53,0,-0.43,0,-17.69,0,0,-0.05,0,0,0,0,0,-0.38,0,0,-0.03,0,-2.53,0,-17.69,-0.05,-0.38,-2.53,27,27,38,133,133,15,15,19.78,19.76,184,184,220,194.82,194.84,153.77,2,2,2,0.93,0.93,1.3900000000000001,0,0,0,0,0,0,7,7,11,10.49,10.49,10.48,1,1,0.41,0.41,0,0,10.71,44.85,23.68,13.36,45.4,34,-4.780000000000001,-4.760000000000001,-10.819999999999993,-10.839999999999995,66.22999999999999,1.0699999999999998,1.0699999999999998,0.61,0,0,0,-3.49,-3.49,0.52,0.5900000000000001,0.59,2.6499999999999986,0.5500000000000018,10.320000000000002,404,348.61,55.38999999999999,4,2.3200000000000003,1.6799999999999997,18,20.97,-2.97,79.4,68.53,10.870000000000005
2026,KC,1,2026_01_DEN_KC,00-0038134,Kenneth Walker III,RB,0,6,23,0,-2,0,3,0,4.92,0,18,173,0,34.75,98.7,0,1,1,0,0.66,0.79,0,0,0,0,0,0,0,2,8,0,1.91,7.34,0,0,0,0.05,0,0,0,12.37,14.59,0,10.8,23.3,191,133.45,2,1.4500000000000002,10,9.25,34.1,26.96,0,-1.92,0,-16.75,74.3,0,0.33999999999999997,0.20999999999999996,0,0,0,0,0.09000000000000008,0.6600000000000001,0,-0.05,0,-1.5699999999999985,8.71,57.55000000000001,0.5499999999999998,0.75,7.140000000000001,27,27,38,133,133,15,15,19.78,19.76,184,184,220,194.82,194.84,153.77,2,2,2,0.93,0.93,1.3900000000000001,0,0,0,0,0,0,7,7,11,10.49,10.49,10.48,1,1,0.41,0.41,0,0,10.71,44.85,23.68,13.36,45.4,34,-4.780000000000001,-4.760000000000001,-10.819999999999993,-10.839999999999995,66.22999999999999,1.0699999999999998,1.0699999999999998,0.61,0,0,0,-3.49,-3.49,0.52,0.5900000000000001,0.59,2.6499999999999986,0.5500000000000018,10.320000000000002,404,348.61,55.38999999999999,4,2.3200000000000003,1.6799999999999997,18,20.97,-2.97,79.4,68.53,10.870000000000005
2026,KC,1,2026_01_DEN_KC,00-0040890,Cyrus Allen,WR,0,1,0,0,5,0,0,0,0.68,0,0,0,0,6.09,0,0,0,0,0,0,0,0,0,0,0,0,0,0,0,0,0,0.64,0,0,0,0,0.01,0,0,0,1.31,0,0,0,0,0,6.09,0,0,0,0.64,0,1.31,0,-0.68,0,-6.09,0,0,0,0,0,0,0,0,-0.64,0,0,-0.01,0,-1.31,0,-6.09,0,-0.64,-1.31,27,27,38,133,133,15,15,19.78,19.76,184,184,220,194.82,194.84,153.77,2,2,2,0.93,0.93,1.3900000000000001,0,0,0,0,0,0,7,7,11,10.49,10.49,10.48,1,1,0.41,0.41,0,0,10.71,44.85,23.68,13.36,45.4,34,-4.780000000000001,-4.760000000000001,-10.819999999999993,-10.839999999999995,66.22999999999999,1.0699999999999998,1.0699999999999998,0.61,0,0,0,-3.49,-3.49,0.52,0.5900000000000001,0.59,2.6499999999999986,0.5500000000000018,10.320000000000002,404,348.61,55.38999999999999,4,2.3200000000000003,1.6799999999999997,18,20.97,-2.97,79.4,68.53,10.870000000000005
2026,DEN,1,2026_01_DEN_KC,00-0036613,Jaylen Waddle,WR,0,3,0,0,13,0,1,0,2.15,0,2,0,0,18.41,0,0,0,0,0,0.01,0,0,0,0,0,0,0,0,0,0,0,1.48,0,0,0,0,0.04,0,0,0,4.03,0,0,1.2,0,2,18.41,0,0.01,0,1.48,1.2,4.03,0,-1.15,0,-16.41,0,0,-0.01,0,0,0,0,0,-1.48,0,0,-0.04,0,-2.83,0,-16.41,-0.01,-1.48,-2.83,28,28,15,92,92,17,17,20.03,20.029999999999998,131,131,61,154.42,154.41,65.72,1,1,0,0.45,0.44,0.08,0,0,0,0,0,0,6,6,2,7.98,7.99,2.56,1,1,0.46,0.46,0,0,7.07,38.18,7.08,7.24,36.1,6.1000000000000005,-3.030000000000001,-3.029999999999999,-23.419999999999987,-23.409999999999997,-4.720000000000001,0.55,0.5599999999999999,-0.08,0,0,0,-1.9800000000000004,-1.9899999999999998,-0.5599999999999999,0.54,0.54,0.16999999999999993,-2.079999999999999,-0.9799999999999999,192,220.13,-28.129999999999995,1,0.52,0.4799999999999999,8,10.55,-2.55,42.2,45.26,-3.059999999999999
2026,KC,1,2026_01_DEN_KC,00-0036637,Noah Gray,TE,0,1,0,0,5,0,1,0,0.79,0,5,0,0,7.21,0,0,0,0,0,0.01,0,0,0,0,0,0,0,0,0,0,0,0.53,0,0,0,0,0.01,0,0,0,1.54,0,0,1.5,0,5,7.21,0,0.01,0,0.53,1.5,1.54,0,0.20999999999999996,0,-2.21,0,0,-0.01,0,0,0,0,0,-0.53,0,0,-0.01,0,-0.040000000000000036,0,-2.21,-0.01,-0.53,-0.040000000000000036,27,27,38,133,133,15,15,19.78,19.76,184,184,220,194.82,194.84,153.77,2,2,2,0.93,0.93,1.3900000000000001,0,0,0,0,0,0,7,7,11,10.49,10.49,10.48,1,1,0.41,0.41,0,0,10.71,44.85,23.68,13.36,45.4,34,-4.780000000000001,-4.760000000000001,-10.819999999999993,-10.839999999999995,66.22999999999999,1.0699999999999998,1.0699999999999998,0.61,0,0,0,-3.49,-3.49,0.52,0.5900000000000001,0.59,2.6499999999999986,0.5500000000000018,10.320000000000002,404,348.61,55.38999999999999,4,2.3200000000000003,1.6799999999999997,18,20.97,-2.97,79.4,68.53,10.870000000000005
2026,KC,1,2026_01_DEN_KC,00-0040081,Jake Briningstool,TE,0,1,0,0,4,0,1,0,0.78,0,9,0,0,5.72,0,0,0,0,0,0.01,0,0,0,0,0,0,0,0,0,0,0,0.15,0,0,0,0,0.01,0,0,0,1.41,0,0,1.9,0,9,5.72,0,0.01,0,0.15,1.9,1.41,0,0.21999999999999997,0,3.2800000000000002,0,0,-0.01,0,0,0,0,0,-0.15,0,0,-0.01,0,0.49,0,3.2800000000000002,-0.01,-0.15,0.49,27,27,38,133,133,15,15,19.78,19.76,184,184,220,194.82,194.84,153.77,2,2,2,0.93,0.93,1.3900000000000001,0,0,0,0,0,0,7,7,11,10.49,10.49,10.48,1,1,0.41,0.41,0,0,10.71,44.85,23.68,13.36,45.4,34,-4.780000000000001,-4.760000000000001,-10.819999999999993,-10.839999999999995,66.22999999999999,1.0699999999999998,1.0699999999999998,0.61,0,0,0,-3.49,-3.49,0.52,0.5900000000000001,0.59,2.6499999999999986,0.5500000000000018,10.320000000000002,404,348.61,55.38999999999999,4,2.3200000000000003,1.6799999999999997,18,20.97,-2.97,79.4,68.53,10.870000000000005
2026,KC,1,2026_01_DEN_KC,00-0039067,Rashee Rice,WR,0,2,0,0,6,0,2,0,1.48,0,19,0,0,11.1,0,0,1,0,0,0.05,0,0,0,0,0,0,0,0,1,0,0,0.51,0,0,0,0,0.02,0,0,0,2.92,0,0,9.9,0,19,11.1,1,0.05,1,0.51,9.9,2.92,0,0.52,0,7.9,0,0,0.95,0,0,0,0,0,0.49,0,0,-0.02,0,6.98,0,7.9,0.95,0.49,6.98,27,27,38,133,133,15,15,19.78,19.76,184,184,220,194.82,194.84,153.77,2,2,2,0.93,0.93,1.3900000000000001,0,0,0,0,0,0,7,7,11,10.49,10.49,10.48,1,1,0.41,0.41,0,0,10.71,44.85,23.68,13.36,45.4,34,-4.780000000000001,-4.760000000000001,-10.819999999999993,-10.839999999999995,66.22999999999999,1.0699999999999998,1.0699999999999998,0.61,0,0,0,-3.49,-3.49,0.52,0.5900000000000001,0.59,2.6499999999999986,0.5500000000000018,10.320000000000002,404,348.61,55.38999999999999,4,2.3200000000000003,1.6799999999999997,18,20.97,-2.97,79.4,68.53,10.870000000000005
2026,KC,1,2026_01_DEN_KC,00-0041013,Emmett Johnson,RB,0,2,8,0,-8,0,2,0,1.51,0,44,24,0,10.51,31.75,0,0,0,0,0.03,0.08,0,0,0,0,0,0,0,1,1,0,0.35,1.77,0,0,0,0.02,0,0,0,2.73,3.63,0,6.4,2.4,68,42.26,0,0.11,2,2.12,8.8,6.359999999999999,0,0.49,0,33.49,-7.75,0,-0.03,-0.08,0,0,0,0,0.65,-0.77,0,-0.02,0,3.6700000000000004,-1.23,25.740000000000002,-0.11,-0.1200000000000001,2.4400000000000013,27,27,38,133,133,15,15,19.78,19.76,184,184,220,194.82,194.84,153.77,2,2,2,0.93,0.93,1.3900000000000001,0,0,0,0,0,0,7,7,11,10.49,10.49,10.48,1,1,0.41,0.41,0,0,10.71,44.85,23.68,13.36,45.4,34,-4.780000000000001,-4.760000000000001,-10.819999999999993,-10.839999999999995,66.22999999999999,1.0699999999999998,1.0699999999999998,0.61,0,0,0,-3.49,-3.49,0.52,0.5900000000000001,0.59,2.6499999999999986,0.5500000000000018,10.320000000000002,404,348.61,55.38999999999999,4,2.3200000000000003,1.6799999999999997,18,20.97,-2.97,79.4,68.53,10.870000000000005
2026,DEN,1,2026_01_DEN_KC,NA,NA,NA,0,1,0,0,-12,0,0,0,0.83,0,0,0,0,-0.88,0,0,0,0,0,0,0,0,0,0,0,0,0,0,0,0,0,0.19,0,0,0,0,0.01,0,0,0,0.75,0,0,0,0,0,-0.88,0,0,0,0.19,0,0.75,0,-0.83,0,0.88,0,0,0,0,0,0,0,0,-0.19,0,0,-0.01,0,-0.75,0,0.88,0,-0.19,-0.75,28,28,15,92,92,17,17,20.03,20.029999999999998,131,131,61,154.42,154.41,65.72,1,1,0,0.45,0.44,0.08,0,0,0,0,0,0,6,6,2,7.98,7.99,2.56,1,1,0.46,0.46,0,0,7.07,38.18,7.08,7.24,36.1,6.1000000000000005,-3.030000000000001,-3.029999999999999,-23.419999999999987,-23.409999999999997,-4.720000000000001,0.55,0.5599999999999999,-0.08,0,0,0,-1.9800000000000004,-1.9899999999999998,-0.5599999999999999,0.54,0.54,0.16999999999999993,-2.079999999999999,-0.9799999999999999,192,220.13,-28.129999999999995,1,0.52,0.4799999999999999,8,10.55,-2.55,42.2,45.26,-3.059999999999999
2026,DEN,1,2026_01_DEN_KC,00-0039868,Troy Franklin,WR,0,1,1,0,31,0,0,0,0.18,0,0,5,0,6.24,6.5,0,0,0,0,0.01,0,0,0,0,0,0,0,0,0,0,0,0.21,0.29,0,0,0,0.1,0,0,0,0.88,0.67,0,0,0.5,5,12.74,0,0.01,0,0.5,0.5,1.55,0,-0.18,0,-6.24,-1.5,0,-0.01,0,0,0,0,0,-0.21,-0.29,0,-0.1,0,-0.88,-0.17000000000000004,-7.74,-0.01,-0.5,-1.05,28,28,15,92,92,17,17,20.03,20.029999999999998,131,131,61,154.42,154.41,65.72,1,1,0,0.45,0.44,0.08,0,0,0,0,0,0,6,6,2,7.98,7.99,2.56,1,1,0.46,0.46,0,0,7.07,38.18,7.08,7.24,36.1,6.1000000000000005,-3.030000000000001,-3.029999999999999,-23.419999999999987,-23.409999999999997,-4.720000000000001,0.55,0.5599999999999999,-0.08,0,0,0,-1.9800000000000004,-1.9899999999999998,-0.5599999999999999,0.54,0.54,0.16999999999999993,-2.079999999999999,-0.9799999999999999,192,220.13,-28.129999999999995,1,0.52,0.4799999999999999,8,10.55,-2.55,42.2,45.26,-3.059999999999999
2026,MIN,1,2026_01_GB_MIN,00-0035228,Kyler Murray,QB,5,0,2,35,0,3,0,3.47,0,18,0,9,34.59,0,15.44,0,0,0,0.02,0,0,0,0,0,0,0,0,1,0,0,1.36,0,0.75,1,0,0.08,0,0,0,1.31,0,1.57,-1.28,0,0.9,27,50.03,0,0.02,1,2.1100000000000003,-0.38,2.88,-0.4700000000000002,0,-16.590000000000003,0,-6.4399999999999995,-0.02,0,0,0,0,0,-0.3600000000000001,0,-0.75,0.92,0,-2.59,0,-0.67,-23.03,-0.02,-1.1100000000000003,-3.26,24,24,34,176,176,15,15,16.46,16.47,151,151,107,172.64000000000001,172.64,124,3,3,2,1.07,1.07,1.3299999999999998,1,1,0,0.58,0.58,0,8,8,6,8.83,8.84,9.05,1,1,0.5,0.52,0,0,11.35,41.34,20.44,18.04,50.1,22.7,-1.4600000000000004,-1.4699999999999998,-21.640000000000015,-21.64,-16.999999999999996,1.93,1.9300000000000002,0.67,0.42000000000000004,0.42000000000000004,0,-0.8299999999999998,-0.8400000000000001,-3.05,0.5,0.4799999999999999,6.690000000000001,8.759999999999998,2.2599999999999993,258,296.64,-38.64,5,2.4,2.6,14,17.89,-3.8899999999999997,72.8,61.78,11.019999999999998
2026,MIN,1,2026_01_GB_MIN,00-0036259,Jauan Jennings,WR,0,1,0,0,30,0,0,0,0.27,0,0,0,0,9.03,0,0,0,0,0,0.02,0,0,0,0,0,0,0,0,0,0,0,0.27,0,0,1,0,0.04,0,0,0,1.28,0,0,0,0,0,9.03,0,0.02,0,0.27,0,1.28,0,-0.27,0,-9.03,0,0,-0.02,0,0,0,0,0,-0.27,0,0,0.96,0,-1.28,0,-9.03,-0.02,-0.27,-1.28,24,24,34,176,176,15,15,16.46,16.47,151,151,107,172.64000000000001,172.64,124,3,3,2,1.07,1.07,1.3299999999999998,1,1,0,0.58,0.58,0,8,8,6,8.83,8.84,9.05,1,1,0.5,0.52,0,0,11.35,41.34,20.44,18.04,50.1,22.7,-1.4600000000000004,-1.4699999999999998,-21.640000000000015,-21.64,-16.999999999999996,1.93,1.9300000000000002,0.67,0.42000000000000004,0.42000000000000004,0,-0.8299999999999998,-0.8400000000000001,-3.05,0.5,0.4799999999999999,6.690000000000001,8.759999999999998,2.2599999999999993,258,296.64,-38.64,5,2.4,2.6,14,17.89,-3.8899999999999997,72.8,61.78,11.019999999999998
2026,GB,1,2026_01_GB_MIN,00-0036264,Jordan Love,QB,42,0,1,469,0,21,0,25.38,0,387,0,0,342.28,0,1.7,2,0,0,2.66,0,0.01,0,0,0,0,0,0,16,0,0,18.35,0,0.84,1,0,1.19,0,0,0,21.93,0,0.25,21.48,0,0,387,343.97999999999996,2,2.67,16,19.19,21.48,22.18,-4.379999999999999,0,44.72000000000003,0,-1.7,-0.6600000000000001,0,-0.01,0,0,0,-2.3500000000000014,0,-0.84,-0.18999999999999995,0,-0.4499999999999993,0,-0.25,43.02000000000004,-0.6699999999999999,-3.1900000000000013,-0.6999999999999993,42,42,21,469,469,21,21,25.38,25.39,387,387,66,342.28,342.28000000000003,94.52,2,2,0,2.66,2.65,0.38,0,0,0,0,0,0,16,16,3,18.35,18.369999999999997,4.27,1,1,1.19,1.18,0,0,21.93,75.55,11.75,21.48,71.7,6.6,-4.379999999999999,-4.39,44.72000000000003,44.719999999999985,-28.52,-0.6600000000000001,-0.65,-0.38,0,0,0,-2.3500000000000014,-2.3699999999999988,-1.2699999999999998,-0.18999999999999995,-0.17999999999999997,-0.4499999999999993,-3.849999999999996,-5.15,453,436.8,16.199999999999985,2,3.03,-1.03,19,22.639999999999997,-3.639999999999999,78.3,87.3,-8.999999999999996
2026,GB,1,2026_01_GB_MIN,00-0038996,Tucker Kraft,TE,0,6,0,0,82,0,3,0,3.7,0,65,0,0,64.83,0,0,0,0,0,0.09,0,0,0,0,0,0,0,0,3,0,0,3.44,0,0,0,0,0.18,0,0,0,10.69,0,0,9.5,0,65,64.83,0,0.09,3,3.44,9.5,10.69,0,-0.7000000000000002,0,0.1700000000000017,0,0,-0.09,0,0,0,0,0,-0.43999999999999995,0,0,-0.18,0,-1.1899999999999995,0,0.1700000000000017,-0.09,-0.43999999999999995,-1.1899999999999995,42,42,21,469,469,21,21,25.38,25.39,387,387,66,342.28,342.28000000000003,94.52,2,2,0,2.66,2.65,0.38,0,0,0,0,0,0,16,16,3,18.35,18.369999999999997,4.27,1,1,1.19,1.18,0,0,21.93,75.55,11.75,21.48,71.7,6.6,-4.379999999999999,-4.39,44.72000000000003,44.719999999999985,-28.52,-0.6600000000000001,-0.65,-0.38,0,0,0,-2.3500000000000014,-2.3699999999999988,-1.2699999999999998,-0.18999999999999995,-0.17999999999999997,-0.4499999999999993,-3.849999999999996,-5.15,453,436.8,16.199999999999985,2,3.03,-1.03,19,22.639999999999997,-3.639999999999999,78.3,87.3,-8.999999999999996
2026,GB,1,2026_01_GB_MIN,00-0040667,Matthew Golden,WR,0,12,0,0,137,0,6,0,6.95,0,95,0,0,91.26,0,0,0,0,0,0.99,0,0,0,0,0,0,0,0,4,0,0,5.52,0,0,0,0,0.38,0,0,0,21.99,0,0,15.5,0,95,91.26,0,0.99,4,5.52,15.5,21.99,0,-0.9500000000000002,0,3.739999999999995,0,0,-0.99,0,0,0,0,0,-1.5199999999999996,0,0,-0.38,0,-6.489999999999998,0,3.739999999999995,-0.99,-1.5199999999999996,-6.489999999999998,42,42,21,469,469,21,21,25.38,25.39,387,387,66,342.28,342.28000000000003,94.52,2,2,0,2.66,2.65,0.38,0,0,0,0,0,0,16,16,3,18.35,18.369999999999997,4.27,1,1,1.19,1.18,0,0,21.93,75.55,11.75,21.48,71.7,6.6,-4.379999999999999,-4.39,44.72000000000003,44.719999999999985,-28.52,-0.6600000000000001,-0.65,-0.38,0,0,0,-2.3500000000000014,-2.3699999999999988,-1.2699999999999998,-0.18999999999999995,-0.17999999999999997,-0.4499999999999993,-3.849999999999996,-5.15,453,436.8,16.199999999999985,2,3.03,-1.03,19,22.639999999999997,-3.639999999999999,78.3,87.3,-8.999999999999996
2026,MIN,1,2026_01_GB_MIN,NA,NA,NA,0,1,0,0,4,0,0,0,0.82,0,0,0,0,7.67,0,0,0,0,0,0,0,0,0,0,0,0,0,0,0,0,0,0.28,0,0,0,0,0.01,0,0,0,1.59,0,0,0,0,0,7.67,0,0,0,0.28,0,1.59,0,-0.82,0,-7.67,0,0,0,0,0,0,0,0,-0.28,0,0,-0.01,0,-1.59,0,-7.67,0,-0.28,-1.59,24,24,34,176,176,15,15,16.46,16.47,151,151,107,172.64000000000001,172.64,124,3,3,2,1.07,1.07,1.3299999999999998,1,1,0,0.58,0.58,0,8,8,6,8.83,8.84,9.05,1,1,0.5,0.52,0,0,11.35,41.34,20.44,18.04,50.1,22.7,-1.4600000000000004,-1.4699999999999998,-21.640000000000015,-21.64,-16.999999999999996,1.93,1.9300000000000002,0.67,0.42000000000000004,0.42000000000000004,0,-0.8299999999999998,-0.8400000000000001,-3.05,0.5,0.4799999999999999,6.690000000000001,8.759999999999998,2.2599999999999993,258,296.64,-38.64,5,2.4,2.6,14,17.89,-3.8899999999999997,72.8,61.78,11.019999999999998
2026,MIN,1,2026_01_GB_MIN,00-0036322,Justin Jefferson,WR,0,9,0,0,80,0,8,0,6.22,0,92,0,0,69.17,0,0,2,0,0,0.57,0,0,1,0,0,0.58,0,0,5,0,0,3.94,0,0,0,0,0.2,0,0,0,17.69,0,0,31.2,0,92,69.17,2,0.57,5,3.94,31.2,17.69,0,1.7800000000000002,0,22.83,0,0,1.4300000000000002,0,0,0.42000000000000004,0,0,1.06,0,0,-0.2,0,13.509999999999998,0,22.83,1.4300000000000002,1.06,13.509999999999998,24,24,34,176,176,15,15,16.46,16.47,151,151,107,172.64000000000001,172.64,124,3,3,2,1.07,1.07,1.3299999999999998,1,1,0,0.58,0.58,0,8,8,6,8.83,8.84,9.05,1,1,0.5,0.52,0,0,11.35,41.34,20.44,18.04,50.1,22.7,-1.4600000000000004,-1.4699999999999998,-21.640000000000015,-21.64,-16.999999999999996,1.93,1.9300000000000002,0.67,0.42000000000000004,0.42000000000000004,0,-0.8299999999999998,-0.8400000000000001,-3.05,0.5,0.4799999999999999,6.690000000000001,8.759999999999998,2.2599999999999993,258,296.64,-38.64,5,2.4,2.6,14,17.89,-3.8899999999999997,72.8,61.78,11.019999999999998
2026,MIN,1,2026_01_GB_MIN,00-0035229,T.J. Hockenson,TE,0,5,0,0,17,0,4,0,3.62,0,36,0,0,29.33,0,0,1,0,0,0.4,0,0,0,0,0,0,0,0,2,0,0,1.4,0,0,0,0,0.13,0,0,0,8.94,0,0,13.6,0,36,29.33,1,0.4,2,1.4,13.6,8.94,0,0.3799999999999999,0,6.670000000000002,0,0,0.6,0,0,0,0,0,0.6000000000000001,0,0,-0.13,0,4.66,0,6.670000000000002,0.6,0.6000000000000001,4.66,24,24,34,176,176,15,15,16.46,16.47,151,151,107,172.64000000000001,172.64,124,3,3,2,1.07,1.07,1.3299999999999998,1,1,0,0.58,0.58,0,8,8,6,8.83,8.84,9.05,1,1,0.5,0.52,0,0,11.35,41.34,20.44,18.04,50.1,22.7,-1.4600000000000004,-1.4699999999999998,-21.640000000000015,-21.64,-16.999999999999996,1.93,1.9300000000000002,0.67,0.42000000000000004,0.42000000000000004,0,-0.8299999999999998,-0.8400000000000001,-3.05,0.5,0.4799999999999999,6.690000000000001,8.759999999999998,2.2599999999999993,258,296.64,-38.64,5,2.4,2.6,14,17.89,-3.8899999999999997,72.8,61.78,11.019999999999998
2026,GB,1,2026_01_GB_MIN,00-0033858,Jonnu Smith,TE,0,3,0,0,24,0,2,0,2.19,0,50,0,0,26.1,0,0,0,0,0,0.03,0,0,0,0,0,0,0,0,2,0,0,1.38,0,0,0,0,0.05,0,0,0,4.98,0,0,7,0,50,26.1,0,0.03,2,1.38,7,4.98,0,-0.18999999999999995,0,23.9,0,0,-0.03,0,0,0,0,0,0.6200000000000001,0,0,-0.05,0,2.0199999999999996,0,23.9,-0.03,0.6200000000000001,2.0199999999999996,42,42,21,469,469,21,21,25.38,25.39,387,387,66,342.28,342.28000000000003,94.52,2,2,0,2.66,2.65,0.38,0,0,0,0,0,0,16,16,3,18.35,18.369999999999997,4.27,1,1,1.19,1.18,0,0,21.93,75.55,11.75,21.48,71.7,6.6,-4.379999999999999,-4.39,44.72000000000003,44.719999999999985,-28.52,-0.6600000000000001,-0.65,-0.38,0,0,0,-2.3500000000000014,-2.3699999999999988,-1.2699999999999998,-0.18999999999999995,-0.17999999999999997,-0.4499999999999993,-3.849999999999996,-5.15,453,436.8,16.199999999999985,2,3.03,-1.03,19,22.639999999999997,-3.639999999999999,78.3,87.3,-8.999999999999996
2026,GB,1,2026_01_GB_MIN,00-0038124,Christian Watson,WR,0,8,0,0,127,0,6,0,4.6,0,147,0,0,71.59,0,0,2,0,0,0.8,0,0,0,0,0,0,0,0,5,0,0,4.06,0,0,1,0,0.22,0,0,0,16.57,0,0,32.7,0,147,71.59,2,0.8,5,4.06,32.7,16.57,0,1.4000000000000004,0,75.41,0,0,1.2,0,0,0,0,0,0.9400000000000004,0,0,0.78,0,16.130000000000003,0,75.41,1.2,0.9400000000000004,16.130000000000003,42,42,21,469,469,21,21,25.38,25.39,387,387,66,342.28,342.28000000000003,94.52,2,2,0,2.66,2.65,0.38,0,0,0,0,0,0,16,16,3,18.35,18.369999999999997,4.27,1,1,1.19,1.18,0,0,21.93,75.55,11.75,21.48,71.7,6.6,-4.379999999999999,-4.39,44.72000000000003,44.719999999999985,-28.52,-0.6600000000000001,-0.65,-0.38,0,0,0,-2.3500000000000014,-2.3699999999999988,-1.2699999999999998,-0.18999999999999995,-0.17999999999999997,-0.4499999999999993,-3.849999999999996,-5.15,453,436.8,16.199999999999985,2,3.03,-1.03,19,22.639999999999997,-3.639999999999999,78.3,87.3,-8.999999999999996
2026,MIN,1,2026_01_GB_MIN,00-0032950,Carson Wentz,QB,19,0,5,141,0,12,0,12.99,0,133,0,-1,138.05,0,5.22,3,0,0,1.05,0,0.05,1,0,0,0.58,0,0,7,0,1,7.47,0,1.45,0,0,0.42,0,0,0,10.04,0,0.83,19.32,0,-0.1,132,143.27,3,1.1,8,8.92,19.22,10.87,-0.9900000000000002,0,-5.050000000000011,0,-6.22,1.95,0,-0.05,0.42000000000000004,0,0,-0.46999999999999975,0,-0.44999999999999996,-0.42,0,9.280000000000001,0,-0.9299999999999999,-11.27000000000001,1.9,-0.9199999999999999,8.35,24,24,34,176,176,15,15,16.46,16.47,151,151,107,172.64000000000001,172.64,124,3,3,2,1.07,1.07,1.3299999999999998,1,1,0,0.58,0.58,0,8,8,6,8.83,8.84,9.05,1,1,0.5,0.52,0,0,11.35,41.34,20.44,18.04,50.1,22.7,-1.4600000000000004,-1.4699999999999998,-21.640000000000015,-21.64,-16.999999999999996,1.93,1.9300000000000002,0.67,0.42000000000000004,0.42000000000000004,0,-0.8299999999999998,-0.8400000000000001,-3.05,0.5,0.4799999999999999,6.690000000000001,8.759999999999998,2.2599999999999993,258,296.64,-38.64,5,2.4,2.6,14,17.89,-3.8899999999999997,72.8,61.78,11.019999999999998
2026,MIN,1,2026_01_GB_MIN,00-0038994,Jordan Addison,WR,0,2,0,0,27,0,0,0,1.05,0,0,0,0,17.79,0,0,0,0,0,0.06,0,0,0,0,0,0,0,0,0,0,0,1.06,0,0,0,0,0.07,0,0,0,3.22,0,0,0,0,0,17.79,0,0.06,0,1.06,0,3.22,0,-1.05,0,-17.79,0,0,-0.06,0,0,0,0,0,-1.06,0,0,-0.07,0,-3.22,0,-17.79,-0.06,-1.06,-3.22,24,24,34,176,176,15,15,16.46,16.47,151,151,107,172.64000000000001,172.64,124,3,3,2,1.07,1.07,1.3299999999999998,1,1,0,0.58,0.58,0,8,8,6,8.83,8.84,9.05,1,1,0.5,0.52,0,0,11.35,41.34,20.44,18.04,50.1,22.7,-1.4600000000000004,-1.4699999999999998,-21.640000000000015,-21.64,-16.999999999999996,1.93,1.9300000000000002,0.67,0.42000000000000004,0.42000000000000004,0,-0.8299999999999998,-0.8400000000000001,-3.05,0.5,0.4799999999999999,6.690000000000001,8.759999999999998,2.2599999999999993,258,296.64,-38.64,5,2.4,2.6,14,17.89,-3.8899999999999997,72.8,61.78,11.019999999999998
2026,MIN,1,2026_01_GB_MIN,00-0033293,Aaron Jones,RB,0,1,12,0,4,0,0,0,0.8,0,0,40,0,7.4,46.29,0,0,1,0,0,0.57,0,0,0,0,0,0,0,0,3,0,0.27,3.27,0,0,0,0.01,0,0,0,1.56,8.06,0,0,10,40,53.69,1,0.57,3,3.54,10,9.620000000000001,0,-0.8,0,-7.4,-6.289999999999999,0,0,0.43000000000000005,0,0,0,0,-0.27,-0.27,0,-0.01,0,-1.56,1.9399999999999995,-13.689999999999998,0.43000000000000005,-0.54,0.379999999999999,24,24,34,176,176,15,15,16.46,16.47,151,151,107,172.64000000000001,172.64,124,3,3,2,1.07,1.07,1.3299999999999998,1,1,0,0.58,0.58,0,8,8,6,8.83,8.84,9.05,1,1,0.5,0.52,0,0,11.35,41.34,20.44,18.04,50.1,22.7,-1.4600000000000004,-1.4699999999999998,-21.640000000000015,-21.64,-16.999999999999996,1.93,1.9300000000000002,0.67,0.42000000000000004,0.42000000000000004,0,-0.8299999999999998,-0.8400000000000001,-3.05,0.5,0.4799999999999999,6.690000000000001,8.759999999999998,2.2599999999999993,258,296.64,-38.64,5,2.4,2.6,14,17.89,-3.8899999999999997,72.8,61.78,11.019999999999998
2026,MIN,1,2026_01_GB_MIN,00-0036425,DeeJay Dallas,RB,0,1,0,0,1,0,1,0,0.75,0,1,0,0,5.77,0,0,0,0,0,0,0,0,0,0,0,0,0,0,0,0,0,0.25,0,0,0,0,0.01,0,0,0,1.35,0,0,1.1,0,1,5.77,0,0,0,0.25,1.1,1.35,0,0.25,0,-4.77,0,0,0,0,0,0,0,0,-0.25,0,0,-0.01,0,-0.25,0,-4.77,0,-0.25,-0.25,24,24,34,176,176,15,15,16.46,16.47,151,151,107,172.64000000000001,172.64,124,3,3,2,1.07,1.07,1.3299999999999998,1,1,0,0.58,0.58,0,8,8,6,8.83,8.84,9.05,1,1,0.5,0.52,0,0,11.35,41.34,20.44,18.04,50.1,22.7,-1.4600000000000004,-1.4699999999999998,-21.640000000000015,-21.64,-16.999999999999996,1.93,1.9300000000000002,0.67,0.42000000000000004,0.42000000000000004,0,-0.8299999999999998,-0.8400000000000001,-3.05,0.5,0.4799999999999999,6.690000000000001,8.759999999999998,2.2599999999999993,258,296.64,-38.64,5,2.4,2.6,14,17.89,-3.8899999999999997,72.8,61.78,11.019999999999998
2026,GB,1,2026_01_GB_MIN,00-0039146,Jayden Reed,WR,0,7,0,0,50,0,3,0,4.97,0,20,0,0,53.95,0,0,0,0,0,0.17,0,0,0,0,0,0,0,0,1,0,0,2.34,0,0,0,0,0.12,0,0,0,11.4,0,0,5,0,20,53.95,0,0.17,1,2.34,5,11.4,0,-1.9699999999999998,0,-33.95,0,0,-0.17,0,0,0,0,0,-1.3399999999999999,0,0,-0.12,0,-6.4,0,-33.95,-0.17,-1.3399999999999999,-6.4,42,42,21,469,469,21,21,25.38,25.39,387,387,66,342.28,342.28000000000003,94.52,2,2,0,2.66,2.65,0.38,0,0,0,0,0,0,16,16,3,18.35,18.369999999999997,4.27,1,1,1.19,1.18,0,0,21.93,75.55,11.75,21.48,71.7,6.6,-4.379999999999999,-4.39,44.72000000000003,44.719999999999985,-28.52,-0.6600000000000001,-0.65,-0.38,0,0,0,-2.3500000000000014,-2.3699999999999988,-1.2699999999999998,-0.18999999999999995,-0.17999999999999997,-0.4499999999999993,-3.849999999999996,-5.15,453,436.8,16.199999999999985,2,3.03,-1.03,19,22.639999999999997,-3.639999999999999,78.3,87.3,-8.999999999999996
2026,GB,1,2026_01_GB_MIN,NA,NA,NA,0,2,0,0,15,0,0,0,1.21,0,0,0,0,15.96,0,0,0,0,0,0.03,0,0,0,0,0,0,0,0,0,0,0,0.61,0,0,0,0,0.05,0,0,0,3.01,0,0,0,0,0,15.96,0,0.03,0,0.61,0,3.01,0,-1.21,0,-15.96,0,0,-0.03,0,0,0,0,0,-0.61,0,0,-0.05,0,-3.01,0,-15.96,-0.03,-0.61,-3.01,42,42,21,469,469,21,21,25.38,25.39,387,387,66,342.28,342.28000000000003,94.52,2,2,0,2.66,2.65,0.38,0,0,0,0,0,0,16,16,3,18.35,18.369999999999997,4.27,1,1,1.19,1.18,0,0,21.93,75.55,11.75,21.48,71.7,6.6,-4.379999999999999,-4.39,44.72000000000003,44.719999999999985,-28.52,-0.6600000000000001,-0.65,-0.38,0,0,0,-2.3500000000000014,-2.3699999999999988,-1.2699999999999998,-0.18999999999999995,-0.17999999999999997,-0.4499999999999993,-3.849999999999996,-5.15,453,436.8,16.199999999999985,2,3.03,-1.03,19,22.639999999999997,-3.639999999999999,78.3,87.3,-8.999999999999996
2026,GB,1,2026_01_GB_MIN,00-0038685,Chris Brooks,RB,0,1,7,0,-6,0,0,0,0.68,0,0,29,0,3.04,32.24,0,0,0,0,0,0.16,0,0,0,0,0,0,0,0,1,0,0.04,0.82,0,0,0,0.01,0,0,0,1,4.2,0,0,2.9,29,35.28,0,0.16,1,0.86,2.9,5.2,0,-0.68,0,-3.04,-3.240000000000002,0,0,-0.16,0,0,0,0,-0.04,0.18000000000000005,0,-0.01,0,-1,-1.3000000000000003,-6.280000000000001,-0.16,0.14,-2.3000000000000003,42,42,21,469,469,21,21,25.38,25.39,387,387,66,342.28,342.28000000000003,94.52,2,2,0,2.66,2.65,0.38,0,0,0,0,0,0,16,16,3,18.35,18.369999999999997,4.27,1,1,1.19,1.18,0,0,21.93,75.55,11.75,21.48,71.7,6.6,-4.379999999999999,-4.39,44.72000000000003,44.719999999999985,-28.52,-0.6600000000000001,-0.65,-0.38,0,0,0,-2.3500000000000014,-2.3699999999999988,-1.2699999999999998,-0.18999999999999995,-0.17999999999999997,-0.4499999999999993,-3.849999999999996,-5.15,453,436.8,16.199999999999985,2,3.03,-1.03,19,22.639999999999997,-3.639999999999999,78.3,87.3,-8.999999999999996
2026,MIN,1,2026_01_GB_MIN,00-0035249,Josh Oliver,TE,0,4,0,0,13,0,2,0,2.94,0,22,0,0,26.48,0,0,0,0,0,0.02,0,0,0,0,0,0,0,0,1,0,0,1.37,0,0,0,0,0.05,0,0,0,5.71,0,0,4.2,0,22,26.48,0,0.02,1,1.37,4.2,5.71,0,-0.94,0,-4.48,0,0,-0.02,0,0,0,0,0,-0.3700000000000001,0,0,-0.05,0,-1.5099999999999998,0,-4.48,-0.02,-0.3700000000000001,-1.5099999999999998,24,24,34,176,176,15,15,16.46,16.47,151,151,107,172.64000000000001,172.64,124,3,3,2,1.07,1.07,1.3299999999999998,1,1,0,0.58,0.58,0,8,8,6,8.83,8.84,9.05,1,1,0.5,0.52,0,0,11.35,41.34,20.44,18.04,50.1,22.7,-1.4600000000000004,-1.4699999999999998,-21.640000000000015,-21.64,-16.999999999999996,1.93,1.9300000000000002,0.67,0.42000000000000004,0.42000000000000004,0,-0.8299999999999998,-0.8400000000000001,-3.05,0.5,0.4799999999999999,6.690000000000001,8.759999999999998,2.2599999999999993,258,296.64,-38.64,5,2.4,2.6,14,17.89,-3.8899999999999997,72.8,61.78,11.019999999999998
2026,GB,1,2026_01_GB_MIN,00-0037091,Bo Melton,WR,0,1,0,0,10,0,1,0,0.45,0,10,0,0,5.92,0,0,0,0,0,0,0,0,0,0,0,0,0,0,1,0,0,0.34,0,0,0,0,0.02,0,0,0,1.06,0,0,2,0,10,5.92,0,0,1,0.34,2,1.06,0,0.55,0,4.08,0,0,0,0,0,0,0,0,0.6599999999999999,0,0,-0.02,0,0.94,0,4.08,0,0.6599999999999999,0.94,42,42,21,469,469,21,21,25.38,25.39,387,387,66,342.28,342.28000000000003,94.52,2,2,0,2.66,2.65,0.38,0,0,0,0,0,0,16,16,3,18.35,18.369999999999997,4.27,1,1,1.19,1.18,0,0,21.93,75.55,11.75,21.48,71.7,6.6,-4.379999999999999,-4.39,44.72000000000003,44.719999999999985,-28.52,-0.6600000000000001,-0.65,-0.38,0,0,0,-2.3500000000000014,-2.3699999999999988,-1.2699999999999998,-0.18999999999999995,-0.17999999999999997,-0.4499999999999993,-3.849999999999996,-5.15,453,436.8,16.199999999999985,2,3.03,-1.03,19,22.639999999999997,-3.639999999999999,78.3,87.3,-8.999999999999996
2026,GB,1,2026_01_GB_MIN,00-0039811,MarShawn Lloyd,RB,0,1,13,0,18,0,0,0,0.27,0,0,37,0,5.14,60.58,0,0,0,0,0.17,0.21,0,0,0,0,0,0,0,0,2,0,0.23,2.61,0,0,0,0.06,0,0,0,1.8,7.3,0,0,3.7,37,65.72,0,0.38,2,2.84,3.7,9.1,0,-0.27,0,-5.14,-23.58,0,-0.17,-0.21,0,0,0,0,-0.23,-0.6099999999999999,0,-0.06,0,-1.8,-3.5999999999999996,-28.72,-0.38,-0.8399999999999999,-5.3999999999999995,42,42,21,469,469,21,21,25.38,25.39,387,387,66,342.28,342.28000000000003,94.52,2,2,0,2.66,2.65,0.38,0,0,0,0,0,0,16,16,3,18.35,18.369999999999997,4.27,1,1,1.19,1.18,0,0,21.93,75.55,11.75,21.48,71.7,6.6,-4.379999999999999,-4.39,44.72000000000003,44.719999999999985,-28.52,-0.6600000000000001,-0.65,-0.38,0,0,0,-2.3500000000000014,-2.3699999999999988,-1.2699999999999998,-0.18999999999999995,-0.17999999999999997,-0.4499999999999993,-3.849999999999996,-5.15,453,436.8,16.199999999999985,2,3.03,-1.03,19,22.639999999999997,-3.639999999999999,78.3,87.3,-8.999999999999996
2026,GB,1,2026_01_GB_MIN,00-0038090,Skyy Moore,WR,0,1,0,0,12,0,0,0,0.37,0,0,0,0,4.49,0,0,0,0,0,0.37,0,0,0,0,0,0,0,0,0,0,0,0.41,0,0,0,0,0.09,0,0,0,3.05,0,0,0,0,0,4.49,0,0.37,0,0.41,0,3.05,0,-0.37,0,-4.49,0,0,-0.37,0,0,0,0,0,-0.41,0,0,-0.09,0,-3.05,0,-4.49,-0.37,-0.41,-3.05,42,42,21,469,469,21,21,25.38,25.39,387,387,66,342.28,342.28000000000003,94.52,2,2,0,2.66,2.65,0.38,0,0,0,0,0,0,16,16,3,18.35,18.369999999999997,4.27,1,1,1.19,1.18,0,0,21.93,75.55,11.75,21.48,71.7,6.6,-4.379999999999999,-4.39,44.72000000000003,44.719999999999985,-28.52,-0.6600000000000001,-0.65,-0.38,0,0,0,-2.3500000000000014,-2.3699999999999988,-1.2699999999999998,-0.18999999999999995,-0.17999999999999997,-0.4499999999999993,-3.849999999999996,-5.15,453,436.8,16.199999999999985,2,3.03,-1.03,19,22.639999999999997,-3.639999999999999,78.3,87.3,-8.999999999999996
2026,MIA,1,2026_01_MIA_LV,00-0038128,Malik Willis,QB,27,0,6,309,0,15,0,16.41,0,220,0,39,226.97,0,44.26,0,0,1,0.24,0,0.13,0,0,0,0,0,0,7,0,2,9.23,0,1.83,1,0,1.14,0,0,0,7.76,0,5.2,6.8,0,9.9,259,271.23,1,0.37,9,11.06,16.7,12.96,-1.4100000000000001,0,-6.969999999999999,0,-5.259999999999998,-0.24,0,0.87,0,0,0,-2.2300000000000004,0,0.16999999999999993,-0.1399999999999999,0,-0.96,0,4.7,-12.230000000000018,0.63,-2.0600000000000005,3.7399999999999984,27,27,18,309,309,15,15,16.41,16.41,220,220,74,226.97,226.97,96.65,0,0,1,0.24,0.24,0.23,0,0,0,0,0,0,7,7,4,9.23,9.219999999999999,4.12,1,1,1.14,1.1400000000000001,1,0,7.76,40.55,11.08,6.8,35,13.4,-1.4100000000000001,-1.4100000000000001,-6.969999999999999,-6.970000000000005,-22.65,-0.24,-0.24,0.77,0,0,0,-2.2300000000000004,-2.2199999999999998,-0.12,-0.1399999999999999,-0.1400000000000001,-0.96,-5.549999999999999,2.3200000000000003,294,323.62,-29.620000000000005,1,0.47,0.53,11,13.34,-2.34,48.4,51.629999999999995,-3.2299999999999986
2026,MIA,1,2026_01_MIA_LV,00-0039040,De'Von Achane,RB,0,5,11,0,4,0,4,0,3.53,0,30,36,0,27.03,46.67,0,0,0,0,0.02,0.1,0,0,0,0,0,0,0,1,2,0,0.98,2.15,0,0,0,0.07,0,0,0,6.34,5.29,0,7,3.6,66,73.7,0,0.12000000000000001,3,3.13,10.6,11.629999999999999,0,0.4700000000000002,0,2.969999999999999,-10.670000000000002,0,-0.02,-0.1,0,0,0,0,0.020000000000000018,-0.1499999999999999,0,-0.07,0,0.6600000000000001,-1.69,-7.700000000000003,-0.12000000000000001,-0.1299999999999999,-1.0299999999999994,27,27,18,309,309,15,15,16.41,16.41,220,220,74,226.97,226.97,96.65,0,0,1,0.24,0.24,0.23,0,0,0,0,0,0,7,7,4,9.23,9.219999999999999,4.12,1,1,1.14,1.1400000000000001,1,0,7.76,40.55,11.08,6.8,35,13.4,-1.4100000000000001,-1.4100000000000001,-6.969999999999999,-6.970000000000005,-22.65,-0.24,-0.24,0.77,0,0,0,-2.2300000000000004,-2.2199999999999998,-0.12,-0.1399999999999999,-0.1400000000000001,-0.96,-5.549999999999999,2.3200000000000003,294,323.62,-29.620000000000005,1,0.47,0.53,11,13.34,-2.34,48.4,51.629999999999995,-3.2299999999999986
2026,MIA,1,2026_01_MIA_LV,00-0039880,Malik Washington,WR,0,8,0,0,135,0,3,0,4.16,0,53,0,0,79.06,0,0,0,0,0,0.1,0,0,0,0,0,0,0,0,1,0,0,3.32,0,0,0,0,0.45,1,0,0,12.67,0,0,6.3,0,53,79.06,0,0.1,1,3.32,6.3,12.67,0,-1.1600000000000001,0,-26.060000000000002,0,0,-0.1,0,0,0,0,0,-2.32,0,0,-0.45,0,-6.37,0,-26.060000000000002,-0.1,-2.32,-6.37,27,27,18,309,309,15,15,16.41,16.41,220,220,74,226.97,226.97,96.65,0,0,1,0.24,0.24,0.23,0,0,0,0,0,0,7,7,4,9.23,9.219999999999999,4.12,1,1,1.14,1.1400000000000001,1,0,7.76,40.55,11.08,6.8,35,13.4,-1.4100000000000001,-1.4100000000000001,-6.969999999999999,-6.970000000000005,-22.65,-0.24,-0.24,0.77,0,0,0,-2.2300000000000004,-2.2199999999999998,-0.12,-0.1399999999999999,-0.1400000000000001,-0.96,-5.549999999999999,2.3200000000000003,294,323.62,-29.620000000000005,1,0.47,0.53,11,13.34,-2.34,48.4,51.629999999999995,-3.2299999999999986
2026,LV,1,2026_01_MIA_LV,00-0029604,Kirk Cousins,QB,30,0,5,226,0,21,0,20.75,0,160,0,-6,230.35,0,8.91,3,0,0,1.54,0,0.08,0,0,0,0,0,0,10,0,0,11.82,0,0.35,2,0,0.61,0,0,0,14.17,0,1.36,14.4,0,-0.6,154,239.26,3,1.62,10,12.17,13.8,15.53,0.25,0,-70.35,0,-14.91,1.46,0,-0.08,0,0,0,-1.8200000000000003,0,-0.35,1.3900000000000001,0,0.23000000000000043,0,-1.96,-85.25999999999999,1.38,-2.17,-1.7299999999999986,30,30,37,226,226,21,21,20.75,20.74,160,160,130,230.35,230.34,156.65,3,3,0,1.54,1.54,0.67,0,0,0,0,0,0,10,10,9,11.82,11.82,9.21,2,2,0.61,0.61,0,0,14.17,53.04,19.71,14.4,55,12.999999999999998,0.25,0.2600000000000001,-70.35,-70.34,-26.649999999999995,1.46,1.46,-0.67,0,0,0,-1.8200000000000003,-1.8200000000000003,-0.21000000000000013,1.3900000000000001,1.39,0.23000000000000043,1.9600000000000013,-6.710000000000002,290,386.99,-96.99,3,2.21,0.7899999999999999,19,21.03,-2.0300000000000002,68,72.75,-4.75
2026,LV,1,2026_01_MIA_LV,00-0037291,Jalen Nailor,WR,0,5,0,0,64,0,3,0,3.15,0,27,0,0,47.3,0,0,0,0,0,0.07,0,0,0,0,0,0,0,0,3,0,0,2.89,0,0,1,0,0.13,0,0,0,8.32,0,0,5.7,0,27,47.3,0,0.07,3,2.89,5.7,8.32,0,-0.1499999999999999,0,-20.299999999999997,0,0,-0.07,0,0,0,0,0,0.10999999999999988,0,0,0.87,0,-2.62,0,-20.299999999999997,-0.07,0.10999999999999988,-2.62,30,30,37,226,226,21,21,20.75,20.74,160,160,130,230.35,230.34,156.65,3,3,0,1.54,1.54,0.67,0,0,0,0,0,0,10,10,9,11.82,11.82,9.21,2,2,0.61,0.61,0,0,14.17,53.04,19.71,14.4,55,12.999999999999998,0.25,0.2600000000000001,-70.35,-70.34,-26.649999999999995,1.46,1.46,-0.67,0,0,0,-1.8200000000000003,-1.8200000000000003,-0.21000000000000013,1.3900000000000001,1.39,0.23000000000000043,1.9600000000000013,-6.710000000000002,290,386.99,-96.99,3,2.21,0.7899999999999999,19,21.03,-2.0300000000000002,68,72.75,-4.75
2026,LV,1,2026_01_MIA_LV,00-0040894,Malik Benson,WR,0,2,1,0,31,0,1,0,1.29,0,6,-8,0,20.9,7.74,0,0,0,0,0.04,0.01,0,0,0,0,0,0,0,0,0,0,0.61,0.44,0,0,0,0.04,0,0,0,3.63,0.81,0,1.6,-0.8,-2,28.64,0,0.05,0,1.05,0.8,4.4399999999999995,0,-0.29000000000000004,0,-14.899999999999999,-15.74,0,-0.04,-0.01,0,0,0,0,-0.61,-0.44,0,-0.04,0,-2.03,-1.61,-30.64,-0.05,-1.05,-3.6399999999999997,30,30,37,226,226,21,21,20.75,20.74,160,160,130,230.35,230.34,156.65,3,3,0,1.54,1.54,0.67,0,0,0,0,0,0,10,10,9,11.82,11.82,9.21,2,2,0.61,0.61,0,0,14.17,53.04,19.71,14.4,55,12.999999999999998,0.25,0.2600000000000001,-70.35,-70.34,-26.649999999999995,1.46,1.46,-0.67,0,0,0,-1.8200000000000003,-1.8200000000000003,-0.21000000000000013,1.3900000000000001,1.39,0.23000000000000043,1.9600000000000013,-6.710000000000002,290,386.99,-96.99,3,2.21,0.7899999999999999,19,21.03,-2.0300000000000002,68,72.75,-4.75
2026,LV,1,2026_01_MIA_LV,00-0039066,Michael Mayer,TE,0,7,0,0,28,0,6,0,5.24,0,32,0,0,48.35,0,0,0,0,0,0.48,0,0,0,0,0,0,0,0,3,0,0,2.87,0,0,0,0,0.12,0,0,0,12.94,0,0,9.2,0,32,48.35,0,0.48,3,2.87,9.2,12.94,0,0.7599999999999998,0,-16.35,0,0,-0.48,0,0,0,0,0,0.1299999999999999,0,0,-0.12,0,-3.74,0,-16.35,-0.48,0.1299999999999999,-3.74,30,30,37,226,226,21,21,20.75,20.74,160,160,130,230.35,230.34,156.65,3,3,0,1.54,1.54,0.67,0,0,0,0,0,0,10,10,9,11.82,11.82,9.21,2,2,0.61,0.61,0,0,14.17,53.04,19.71,14.4,55,12.999999999999998,0.25,0.2600000000000001,-70.35,-70.34,-26.649999999999995,1.46,1.46,-0.67,0,0,0,-1.8200000000000003,-1.8200000000000003,-0.21000000000000013,1.3900000000000001,1.39,0.23000000000000043,1.9600000000000013,-6.710000000000002,290,386.99,-96.99,3,2.21,0.7899999999999999,19,21.03,-2.0300000000000002,68,72.75,-4.75
2026,LV,1,2026_01_MIA_LV,00-0038563,Tre Tucker,WR,0,4,0,0,50,0,2,0,2.44,0,27,0,0,34.17,0,0,0,0,0,0.21,0,0,0,0,0,0,0,0,1,0,0,1.31,0,0,0,0,0.14,0,0,0,7.13,0,0,4.7,0,27,34.17,0,0.21,1,1.31,4.7,7.13,0,-0.43999999999999995,0,-7.170000000000002,0,0,-0.21,0,0,0,0,0,-0.31000000000000005,0,0,-0.14,0,-2.4299999999999997,0,-7.170000000000002,-0.21,-0.31000000000000005,-2.4299999999999997,30,30,37,226,226,21,21,20.75,20.74,160,160,130,230.35,230.34,156.65,3,3,0,1.54,1.54,0.67,0,0,0,0,0,0,10,10,9,11.82,11.82,9.21,2,2,0.61,0.61,0,0,14.17,53.04,19.71,14.4,55,12.999999999999998,0.25,0.2600000000000001,-70.35,-70.34,-26.649999999999995,1.46,1.46,-0.67,0,0,0,-1.8200000000000003,-1.8200000000000003,-0.21000000000000013,1.3900000000000001,1.39,0.23000000000000043,1.9600000000000013,-6.710000000000002,290,386.99,-96.99,3,2.21,0.7899999999999999,19,21.03,-2.0300000000000002,68,72.75,-4.75
2026,LV,1,2026_01_MIA_LV,00-0040122,Ashton Jeanty,RB,0,6,23,0,18,0,6,0,4.34,0,45,102,0,36.97,105.71,0,2,0,0,0.56,0.4,0,0,0,0,0,0,0,2,7,0,1.84,6.2,0,0,0,0.1,0,0,0,11.37,12.99,0,22.5,10.2,147,142.68,2,0.9600000000000001,9,8.040000000000001,32.7,24.36,0,1.6600000000000001,0,8.030000000000001,-3.7099999999999937,0,1.44,-0.4,0,0,0,0,0.15999999999999992,0.7999999999999998,0,-0.1,0,11.13,-2.790000000000001,4.319999999999993,1.04,0.9599999999999991,8.340000000000003,30,30,37,226,226,21,21,20.75,20.74,160,160,130,230.35,230.34,156.65,3,3,0,1.54,1.54,0.67,0,0,0,0,0,0,10,10,9,11.82,11.82,9.21,2,2,0.61,0.61,0,0,14.17,53.04,19.71,14.4,55,12.999999999999998,0.25,0.2600000000000001,-70.35,-70.34,-26.649999999999995,1.46,1.46,-0.67,0,0,0,-1.8200000000000003,-1.8200000000000003,-0.21000000000000013,1.3900000000000001,1.39,0.23000000000000043,1.9600000000000013,-6.710000000000002,290,386.99,-96.99,3,2.21,0.7899999999999999,19,21.03,-2.0300000000000002,68,72.75,-4.75
2026,LV,1,2026_01_MIA_LV,00-0040729,Jack Bech,WR,0,4,0,0,32,0,3,0,2.88,0,23,0,0,31.87,0,0,1,0,0,0.17,0,0,0,0,0,0,0,0,1,0,0,1.76,0,0,1,0,0.06,0,0,0,7.11,0,0,11.3,0,23,31.87,1,0.17,1,1.76,11.3,7.11,0,0.1200000000000001,0,-8.870000000000001,0,0,0.83,0,0,0,0,0,-0.76,0,0,0.94,0,4.19,0,-8.870000000000001,0.83,-0.76,4.19,30,30,37,226,226,21,21,20.75,20.74,160,160,130,230.35,230.34,156.65,3,3,0,1.54,1.54,0.67,0,0,0,0,0,0,10,10,9,11.82,11.82,9.21,2,2,0.61,0.61,0,0,14.17,53.04,19.71,14.4,55,12.999999999999998,0.25,0.2600000000000001,-70.35,-70.34,-26.649999999999995,1.46,1.46,-0.67,0,0,0,-1.8200000000000003,-1.8200000000000003,-0.21000000000000013,1.3900000000000001,1.39,0.23000000000000043,1.9600000000000013,-6.710000000000002,290,386.99,-96.99,3,2.21,0.7899999999999999,19,21.03,-2.0300000000000002,68,72.75,-4.75
2026,MIA,1,2026_01_MIA_LV,00-0041523,Caleb Douglas,WR,0,7,0,0,97,0,5,0,4.41,0,94,0,0,65.89,0,0,0,0,0,0.09,0,0,0,0,0,0,0,0,3,0,0,2.65,0,0,1,0,0.33,0,0,0,11.54,0,0,14.4,0,94,65.89,0,0.09,3,2.65,14.4,11.54,0,0.5899999999999999,0,28.11,0,0,-0.09,0,0,0,0,0,0.3500000000000001,0,0,0.6699999999999999,0,2.860000000000001,0,28.11,-0.09,0.3500000000000001,2.860000000000001,27,27,18,309,309,15,15,16.41,16.41,220,220,74,226.97,226.97,96.65,0,0,1,0.24,0.24,0.23,0,0,0,0,0,0,7,7,4,9.23,9.219999999999999,4.12,1,1,1.14,1.1400000000000001,1,0,7.76,40.55,11.08,6.8,35,13.4,-1.4100000000000001,-1.4100000000000001,-6.969999999999999,-6.970000000000005,-22.65,-0.24,-0.24,0.77,0,0,0,-2.2300000000000004,-2.2199999999999998,-0.12,-0.1399999999999999,-0.1400000000000001,-0.96,-5.549999999999999,2.3200000000000003,294,323.62,-29.620000000000005,1,0.47,0.53,11,13.34,-2.34,48.4,51.629999999999995,-3.2299999999999986
2026,LV,1,2026_01_MIA_LV,00-0035891,Cody White,WR,0,1,0,0,3,0,0,0,0.81,0,0,0,0,6.37,0,0,0,0,0,0.01,0,0,0,0,0,0,0,0,0,0,0,0.41,0,0,0,0,0.01,0,0,0,1.49,0,0,0,0,0,6.37,0,0.01,0,0.41,0,1.49,0,-0.81,0,-6.37,0,0,-0.01,0,0,0,0,0,-0.41,0,0,-0.01,0,-1.49,0,-6.37,-0.01,-0.41,-1.49,30,30,37,226,226,21,21,20.75,20.74,160,160,130,230.35,230.34,156.65,3,3,0,1.54,1.54,0.67,0,0,0,0,0,0,10,10,9,11.82,11.82,9.21,2,2,0.61,0.61,0,0,14.17,53.04,19.71,14.4,55,12.999999999999998,0.25,0.2600000000000001,-70.35,-70.34,-26.649999999999995,1.46,1.46,-0.67,0,0,0,-1.8200000000000003,-1.8200000000000003,-0.21000000000000013,1.3900000000000001,1.39,0.23000000000000043,1.9600000000000013,-6.710000000000002,290,386.99,-96.99,3,2.21,0.7899999999999999,19,21.03,-2.0300000000000002,68,72.75,-4.75
2026,MIA,1,2026_01_MIA_LV,00-0037252,Greg Dulcich,TE,0,2,0,0,1,0,2,0,1.66,0,18,0,0,11.86,0,0,0,0,0,0.01,0,0,0,0,0,0,0,0,1,0,0,0.48,0,0,0,0,0.01,0,0,0,2.89,0,0,3.8,0,18,11.86,0,0.01,1,0.48,3.8,2.89,0,0.3400000000000001,0,6.140000000000001,0,0,-0.01,0,0,0,0,0,0.52,0,0,-0.01,0,0.9099999999999997,0,6.140000000000001,-0.01,0.52,0.9099999999999997,27,27,18,309,309,15,15,16.41,16.41,220,220,74,226.97,226.97,96.65,0,0,1,0.24,0.24,0.23,0,0,0,0,0,0,7,7,4,9.23,9.219999999999999,4.12,1,1,1.14,1.1400000000000001,1,0,7.76,40.55,11.08,6.8,35,13.4,-1.4100000000000001,-1.4100000000000001,-6.969999999999999,-6.970000000000005,-22.65,-0.24,-0.24,0.77,0,0,0,-2.2300000000000004,-2.2199999999999998,-0.12,-0.1399999999999999,-0.1400000000000001,-0.96,-5.549999999999999,2.3200000000000003,294,323.62,-29.620000000000005,1,0.47,0.53,11,13.34,-2.34,48.4,51.629999999999995,-3.2299999999999986
2026,MIA,1,2026_01_MIA_LV,00-0041525,Chris Bell,WR,0,2,0,0,42,0,1,0,0.86,0,25,0,0,20.62,0,0,0,0,0,0.01,0,0,0,0,0,0,0,0,1,0,0,0.85,0,0,0,0,0.14,0,0,0,2.99,0,0,3.5,0,25,20.62,0,0.01,1,0.85,3.5,2.99,0,0.14,0,4.379999999999999,0,0,-0.01,0,0,0,0,0,0.15000000000000002,0,0,-0.14,0,0.5099999999999998,0,4.379999999999999,-0.01,0.15000000000000002,0.5099999999999998,27,27,18,309,309,15,15,16.41,16.41,220,220,74,226.97,226.97,96.65,0,0,1,0.24,0.24,0.23,0,0,0,0,0,0,7,7,4,9.23,9.219999999999999,4.12,1,1,1.14,1.1400000000000001,1,0,7.76,40.55,11.08,6.8,35,13.4,-1.4100000000000001,-1.4100000000000001,-6.969999999999999,-6.970000000000005,-22.65,-0.24,-0.24,0.77,0,0,0,-2.2300000000000004,-2.2199999999999998,-0.12,-0.1399999999999999,-0.1400000000000001,-0.96,-5.549999999999999,2.3200000000000003,294,323.62,-29.620000000000005,1,0.47,0.53,11,13.34,-2.34,48.4,51.629999999999995,-3.2299999999999986
2026,MIA,1,2026_01_MIA_LV,00-0041524,Will Kacmarek,TE,0,1,0,0,6,0,0,0,0.79,0,0,0,0,7.63,0,0,0,0,0,0,0,0,0,0,0,0,0,0,0,0,0,0.24,0,0,0,0,0.01,0,0,0,1.56,0,0,0,0,0,7.63,0,0,0,0.24,0,1.56,0,-0.79,0,-7.63,0,0,0,0,0,0,0,0,-0.24,0,0,-0.01,0,-1.56,0,-7.63,0,-0.24,-1.56,27,27,18,309,309,15,15,16.41,16.41,220,220,74,226.97,226.97,96.65,0,0,1,0.24,0.24,0.23,0,0,0,0,0,0,7,7,4,9.23,9.219999999999999,4.12,1,1,1.14,1.1400000000000001,1,0,7.76,40.55,11.08,6.8,35,13.4,-1.4100000000000001,-1.4100000000000001,-6.969999999999999,-6.970000000000005,-22.65,-0.24,-0.24,0.77,0,0,0,-2.2300000000000004,-2.2199999999999998,-0.12,-0.1399999999999999,-0.1400000000000001,-0.96,-5.549999999999999,2.3200000000000003,294,323.62,-29.620000000000005,1,0.47,0.53,11,13.34,-2.34,48.4,51.629999999999995,-3.2299999999999986
2026,LV,1,2026_01_MIA_LV,NA,NA,NA,0,1,0,0,0,0,0,0,0.59,0,0,0,0,4.41,0,0,0,0,0,0,0,0,0,0,0,0,0,0,0,0,0,0.13,0,0,0,0,0.01,0,0,0,1.05,0,0,0,0,0,4.41,0,0,0,0.13,0,1.05,0,-0.59,0,-4.41,0,0,0,0,0,0,0,0,-0.13,0,0,-0.01,0,-1.05,0,-4.41,0,-0.13,-1.05,30,30,37,226,226,21,21,20.75,20.74,160,160,130,230.35,230.34,156.65,3,3,0,1.54,1.54,0.67,0,0,0,0,0,0,10,10,9,11.82,11.82,9.21,2,2,0.61,0.61,0,0,14.17,53.04,19.71,14.4,55,12.999999999999998,0.25,0.2600000000000001,-70.35,-70.34,-26.649999999999995,1.46,1.46,-0.67,0,0,0,-1.8200000000000003,-1.8200000000000003,-0.21000000000000013,1.3900000000000001,1.39,0.23000000000000043,1.9600000000000013,-6.710000000000002,290,386.99,-96.99,3,2.21,0.7899999999999999,19,21.03,-2.0300000000000002,68,72.75,-4.75
2026,MIA,1,2026_01_MIA_LV,00-0041529,Kevin Coleman Jr.,WR,0,2,0,0,24,0,0,0,1,0,0,0,0,14.88,0,0,0,0,0,0.01,0,0,0,0,0,0,0,0,0,0,0,0.7,0,0,0,0,0.13,0,0,0,2.56,0,0,0,0,0,14.88,0,0.01,0,0.7,0,2.56,0,-1,0,-14.88,0,0,-0.01,0,0,0,0,0,-0.7,0,0,-0.13,0,-2.56,0,-14.88,-0.01,-0.7,-2.56,27,27,18,309,309,15,15,16.41,16.41,220,220,74,226.97,226.97,96.65,0,0,1,0.24,0.24,0.23,0,0,0,0,0,0,7,7,4,9.23,9.219999999999999,4.12,1,1,1.14,1.1400000000000001,1,0,7.76,40.55,11.08,6.8,35,13.4,-1.4100000000000001,-1.4100000000000001,-6.969999999999999,-6.970000000000005,-22.65,-0.24,-0.24,0.77,0,0,0,-2.2300000000000004,-2.2199999999999998,-0.12,-0.1399999999999999,-0.1400000000000001,-0.96,-5.549999999999999,2.3200000000000003,294,323.62,-29.620000000000005,1,0.47,0.53,11,13.34,-2.34,48.4,51.629999999999995,-3.2299999999999986
2026,SEA,1,2026_01_NE_SEA,00-0034869,Sam Darnold,QB,2,0,0,15,0,1,0,1.47,0,13,0,0,17.35,0,0,0,0,0,0.01,0,0,0,0,0,0,0,0,1,0,0,1.15,0,0,0,0,0.03,0,0,0,0.68,0,0,0.52,0,0,13,17.35,0,0.01,1,1.15,0.52,0.68,-0.47,0,-4.350000000000001,0,0,-0.01,0,0,0,0,0,-0.1499999999999999,0,0,-0.03,0,-0.16000000000000003,0,0,-4.350000000000001,-0.01,-0.1499999999999999,-0.16000000000000003,24,24,22,154,154,17,17,16.55,16.55,200,200,97,168.28,168.29,99.57000000000001,1,1,0,0.7,0.69,0.26,0,0,0,0,0,0,9,9,4,9.26,9.25,5.81,0,0,0.56,0.55,0,0,8.4,37.56,11.48,12,43,9.7,0.44999999999999996,0.44999999999999996,31.71999999999999,31.709999999999997,-2.570000000000004,0.30000000000000004,0.31000000000000005,-0.26,0,0,0,-0.25999999999999934,-0.25000000000000044,-1.8099999999999998,-0.56,-0.55,3.6000000000000005,5.439999999999998,-1.7799999999999994,297,267.86,29.139999999999993,1,0.95,0.050000000000000044,13,15.059999999999999,-2.0600000000000005,52.7,49.040000000000006,3.6599999999999984
2026,SEA,1,2026_01_NE_SEA,00-0038543,Jaxon Smith-Njigba,WR,0,11,0,0,76,0,8,0,7.53,0,122,0,0,75.84,0,0,1,0,0,0.58,0,0,0,0,0,0,0,0,5,0,0,4.44,0,0,0,0,0.27,0,0,0,18.62,0,0,26.2,0,122,75.84,1,0.58,5,4.44,26.2,18.62,0,0.46999999999999975,0,46.16,0,0,0.42000000000000004,0,0,0,0,0,0.5599999999999996,0,0,-0.27,0,7.579999999999998,0,46.16,0.42000000000000004,0.5599999999999996,7.579999999999998,24,24,22,154,154,17,17,16.55,16.55,200,200,97,168.28,168.29,99.57000000000001,1,1,0,0.7,0.69,0.26,0,0,0,0,0,0,9,9,4,9.26,9.25,5.81,0,0,0.56,0.55,0,0,8.4,37.56,11.48,12,43,9.7,0.44999999999999996,0.44999999999999996,31.71999999999999,31.709999999999997,-2.570000000000004,0.30000000000000004,0.31000000000000005,-0.26,0,0,0,-0.25999999999999934,-0.25000000000000044,-1.8099999999999998,-0.56,-0.55,3.6000000000000005,5.439999999999998,-1.7799999999999994,297,267.86,29.139999999999993,1,0.95,0.050000000000000044,13,15.059999999999999,-2.0600000000000005,52.7,49.040000000000006,3.6599999999999984
2026,SEA,1,2026_01_NE_SEA,00-0037545,Rashid Shaheed,WR,0,3,0,0,19,0,1,0,2,0,4,0,0,21.59,0,0,0,0,0,0.01,0,0,0,0,0,0,0,0,0,0,0,1.34,0,0,0,0,0.09,0,0,0,4.23,0,0,1.4,0,4,21.59,0,0.01,0,1.34,1.4,4.23,0,-1,0,-17.59,0,0,-0.01,0,0,0,0,0,-1.34,0,0,-0.09,0,-2.8300000000000005,0,-17.59,-0.01,-1.34,-2.8300000000000005,24,24,22,154,154,17,17,16.55,16.55,200,200,97,168.28,168.29,99.57000000000001,1,1,0,0.7,0.69,0.26,0,0,0,0,0,0,9,9,4,9.26,9.25,5.81,0,0,0.56,0.55,0,0,8.4,37.56,11.48,12,43,9.7,0.44999999999999996,0.44999999999999996,31.71999999999999,31.709999999999997,-2.570000000000004,0.30000000000000004,0.31000000000000005,-0.26,0,0,0,-0.25999999999999934,-0.25000000000000044,-1.8099999999999998,-0.56,-0.55,3.6000000000000005,5.439999999999998,-1.7799999999999994,297,267.86,29.139999999999993,1,0.95,0.050000000000000044,13,15.059999999999999,-2.0600000000000005,52.7,49.040000000000006,3.6599999999999984
2026,NE,1,2026_01_NE_SEA,00-0039851,Drake Maye,QB,33,0,7,221,0,23,0,22.74,0,178,0,47,240.28,0,43.83,1,0,0,1.17,0,0.05,0,0,0,0,0,0,9,0,5,11.05,0,4.34,3,0,0.77,0,0,0,12.77,0,4.66,5.12,0,4.7,225,284.11,1,1.22,14,15.39,9.82,17.43,0.26000000000000156,0,-62.28,0,3.1700000000000017,-0.16999999999999993,0,-0.05,0,0,0,-2.0500000000000007,0,0.6600000000000001,2.23,0,-7.6499999999999995,0,0.040000000000000036,-59.110000000000014,-0.21999999999999997,-1.3900000000000006,-7.609999999999999,33,33,31,221,221,23,23,22.74,22.73,178,178,109,240.28,240.27,151.85,1,1,0,1.17,1.17,0.13,0,0,0,0,0,0,9,9,7,11.05,11.05,9.74,3,3,0.77,0.76,0,0,12.77,53.81,15.95,5.12,46.8,10.9,0.26000000000000156,0.27000000000000035,-62.28,-62.27,-42.85,-0.16999999999999993,-0.16999999999999996,-0.13,0,0,0,-2.0500000000000007,-2.05,-2.74,2.23,2.24,-7.6499999999999995,-7.010000000000002,-5.05,287,392.12,-105.12,1,1.2999999999999998,-0.29999999999999993,16,20.79,-4.79,57.699999999999996,69.76,-12.060000000000002
2026,NE,1,2026_01_NE_SEA,NA,NA,NA,0,2,0,0,16,0,0,0,1.16,0,0,0,0,12.26,0,0,0,0,0,0.01,0,0,0,0,0,0,0,0,0,0,0,0.52,0,0,0,0,0.04,0,0,0,2.45,0,0,0,0,0,12.26,0,0.01,0,0.52,0,2.45,0,-1.16,0,-12.26,0,0,-0.01,0,0,0,0,0,-0.52,0,0,-0.04,0,-2.45,0,-12.26,-0.01,-0.52,-2.45,33,33,31,221,221,23,23,22.74,22.73,178,178,109,240.28,240.27,151.85,1,1,0,1.17,1.17,0.13,0,0,0,0,0,0,9,9,7,11.05,11.05,9.74,3,3,0.77,0.76,0,0,12.77,53.81,15.95,5.12,46.8,10.9,0.26000000000000156,0.27000000000000035,-62.28,-62.27,-42.85,-0.16999999999999993,-0.16999999999999996,-0.13,0,0,0,-2.0500000000000007,-2.05,-2.74,2.23,2.24,-7.6499999999999995,-7.010000000000002,-5.05,287,392.12,-105.12,1,1.2999999999999998,-0.29999999999999993,16,20.79,-4.79,57.699999999999996,69.76,-12.060000000000002
2026,SEA,1,2026_01_NE_SEA,00-0035704,Drew Lock,QB,22,0,2,139,0,16,0,15.08,0,187,0,13,150.93,0,5.99,1,0,0,0.69,0,0.07,0,0,0,0,0,0,8,0,0,8.11,0,0.16,0,0,0.53,0,0,0,7.72,0,1,11.48,0,1.3,200,156.92000000000002,1,0.76,8,8.27,12.780000000000001,8.719999999999999,0.9199999999999999,0,36.06999999999999,0,7.01,0.31000000000000005,0,-0.07,0,0,0,-0.10999999999999943,0,-0.16,-0.53,0,3.7600000000000007,0,0.30000000000000004,43.079999999999984,0.24,-0.2699999999999996,4.060000000000002,24,24,22,154,154,17,17,16.55,16.55,200,200,97,168.28,168.29,99.57000000000001,1,1,0,0.7,0.69,0.26,0,0,0,0,0,0,9,9,4,9.26,9.25,5.81,0,0,0.56,0.55,0,0,8.4,37.56,11.48,12,43,9.7,0.44999999999999996,0.44999999999999996,31.71999999999999,31.709999999999997,-2.570000000000004,0.30000000000000004,0.31000000000000005,-0.26,0,0,0,-0.25999999999999934,-0.25000000000000044,-1.8099999999999998,-0.56,-0.55,3.6000000000000005,5.439999999999998,-1.7799999999999994,297,267.86,29.139999999999993,1,0.95,0.050000000000000044,13,15.059999999999999,-2.0600000000000005,52.7,49.040000000000006,3.6599999999999984
2026,NE,1,2026_01_NE_SEA,00-0033555,Mack Hollins,WR,0,5,0,0,62,0,4,0,2.85,0,51,0,0,41.8,0,0,0,0,0,0.24,0,0,0,0,0,0,0,0,1,0,0,1.26,0,0,1,0,0.25,0,0,0,8.49,0,0,9.1,0,51,41.8,0,0.24,1,1.26,9.1,8.49,0,1.15,0,9.200000000000003,0,0,-0.24,0,0,0,0,0,-0.26,0,0,0.75,0,0.6099999999999994,0,9.200000000000003,-0.24,-0.26,0.6099999999999994,33,33,31,221,221,23,23,22.74,22.73,178,178,109,240.28,240.27,151.85,1,1,0,1.17,1.17,0.13,0,0,0,0,0,0,9,9,7,11.05,11.05,9.74,3,3,0.77,0.76,0,0,12.77,53.81,15.95,5.12,46.8,10.9,0.26000000000000156,0.27000000000000035,-62.28,-62.27,-42.85,-0.16999999999999993,-0.16999999999999996,-0.13,0,0,0,-2.0500000000000007,-2.05,-2.74,2.23,2.24,-7.6499999999999995,-7.010000000000002,-5.05,287,392.12,-105.12,1,1.2999999999999998,-0.29999999999999993,16,20.79,-4.79,57.699999999999996,69.76,-12.060000000000002
2026,NE,1,2026_01_NE_SEA,00-0035676,A.J. Brown,WR,0,4,0,0,19,0,3,0,2.88,0,26,0,0,27.06,0,0,0,0,0,0.01,0,0,0,0,0,0,0,0,2,0,0,2.21,0,0,0,0,0.05,0,0,0,5.67,0,0,5.6,0,26,27.06,0,0.01,2,2.21,5.6,5.67,0,0.1200000000000001,0,-1.0599999999999987,0,0,-0.01,0,0,0,0,0,-0.20999999999999996,0,0,-0.05,0,-0.07000000000000028,0,-1.0599999999999987,-0.01,-0.20999999999999996,-0.07000000000000028,33,33,31,221,221,23,23,22.74,22.73,178,178,109,240.28,240.27,151.85,1,1,0,1.17,1.17,0.13,0,0,0,0,0,0,9,9,7,11.05,11.05,9.74,3,3,0.77,0.76,0,0,12.77,53.81,15.95,5.12,46.8,10.9,0.26000000000000156,0.27000000000000035,-62.28,-62.27,-42.85,-0.16999999999999993,-0.16999999999999996,-0.13,0,0,0,-2.0500000000000007,-2.05,-2.74,2.23,2.24,-7.6499999999999995,-7.010000000000002,-5.05,287,392.12,-105.12,1,1.2999999999999998,-0.29999999999999993,16,20.79,-4.79,57.699999999999996,69.76,-12.060000000000002
2026,SEA,1,2026_01_NE_SEA,00-0033908,Cooper Kupp,WR,0,3,0,0,49,0,2,0,1.44,0,35,0,0,25.89,0,0,0,0,0,0.07,0,0,0,0,0,0,0,0,2,0,0,1.06,0,0,0,0,0.12,0,0,0,4.45,0,0,5.5,0,35,25.89,0,0.07,2,1.06,5.5,4.45,0,0.56,0,9.11,0,0,-0.07,0,0,0,0,0,0.94,0,0,-0.12,0,1.0499999999999998,0,9.11,-0.07,0.94,1.0499999999999998,24,24,22,154,154,17,17,16.55,16.55,200,200,97,168.28,168.29,99.57000000000001,1,1,0,0.7,0.69,0.26,0,0,0,0,0,0,9,9,4,9.26,9.25,5.81,0,0,0.56,0.55,0,0,8.4,37.56,11.48,12,43,9.7,0.44999999999999996,0.44999999999999996,31.71999999999999,31.709999999999997,-2.570000000000004,0.30000000000000004,0.31000000000000005,-0.26,0,0,0,-0.25999999999999934,-0.25000000000000044,-1.8099999999999998,-0.56,-0.55,3.6000000000000005,5.439999999999998,-1.7799999999999994,297,267.86,29.139999999999993,1,0.95,0.050000000000000044,13,15.059999999999999,-2.0600000000000005,52.7,49.040000000000006,3.6599999999999984
2026,NE,1,2026_01_NE_SEA,00-0038621,DeMario Douglas,WR,0,7,0,0,44,0,5,0,4.85,0,20,0,0,47.36,0,0,0,0,0,0.06,0,0,0,0,0,0,0,0,2,0,0,2.73,0,0,1,0,0.2,0,0,0,9.92,0,0,7,0,20,47.36,0,0.06,2,2.73,7,9.92,0,0.15000000000000036,0,-27.36,0,0,-0.06,0,0,0,0,0,-0.73,0,0,0.8,0,-2.92,0,-27.36,-0.06,-0.73,-2.92,33,33,31,221,221,23,23,22.74,22.73,178,178,109,240.28,240.27,151.85,1,1,0,1.17,1.17,0.13,0,0,0,0,0,0,9,9,7,11.05,11.05,9.74,3,3,0.77,0.76,0,0,12.77,53.81,15.95,5.12,46.8,10.9,0.26000000000000156,0.27000000000000035,-62.28,-62.27,-42.85,-0.16999999999999993,-0.16999999999999996,-0.13,0,0,0,-2.0500000000000007,-2.05,-2.74,2.23,2.24,-7.6499999999999995,-7.010000000000002,-5.05,287,392.12,-105.12,1,1.2999999999999998,-0.29999999999999993,16,20.79,-4.79,57.699999999999996,69.76,-12.060000000000002
2026,NE,1,2026_01_NE_SEA,00-0040568,Lan Larison,RB,0,2,0,0,-3,0,2,0,1.65,0,9,0,0,11.83,0,0,0,0,0,0,0,0,0,0,0,0,0,0,1,0,0,0.32,0,0,0,0,0.01,0,0,0,2.86,0,0,2.9,0,9,11.83,0,0,1,0.32,2.9,2.86,0,0.3500000000000001,0,-2.83,0,0,0,0,0,0,0,0,0.6799999999999999,0,0,-0.01,0,0.040000000000000036,0,-2.83,0,0.6799999999999999,0.040000000000000036,33,33,31,221,221,23,23,22.74,22.73,178,178,109,240.28,240.27,151.85,1,1,0,1.17,1.17,0.13,0,0,0,0,0,0,9,9,7,11.05,11.05,9.74,3,3,0.77,0.76,0,0,12.77,53.81,15.95,5.12,46.8,10.9,0.26000000000000156,0.27000000000000035,-62.28,-62.27,-42.85,-0.16999999999999993,-0.16999999999999996,-0.13,0,0,0,-2.0500000000000007,-2.05,-2.74,2.23,2.24,-7.6499999999999995,-7.010000000000002,-5.05,287,392.12,-105.12,1,1.2999999999999998,-0.29999999999999993,16,20.79,-4.79,57.699999999999996,69.76,-12.060000000000002
2026,NE,1,2026_01_NE_SEA,00-0041395,Eli Raridon,TE,0,1,0,0,2,0,1,0,0.58,0,2,0,0,1.17,0,0,1,0,0,0.58,0,0,0,0,0,0,0,0,1,0,0,0.66,0,0,0,0,0.02,0,0,0,4.2,0,0,7.2,0,2,1.17,1,0.58,1,0.66,7.2,4.2,0,0.42000000000000004,0,0.8300000000000001,0,0,0.42000000000000004,0,0,0,0,0,0.33999999999999997,0,0,-0.02,0,3,0,0.8300000000000001,0.42000000000000004,0.33999999999999997,3,33,33,31,221,221,23,23,22.74,22.73,178,178,109,240.28,240.27,151.85,1,1,0,1.17,1.17,0.13,0,0,0,0,0,0,9,9,7,11.05,11.05,9.74,3,3,0.77,0.76,0,0,12.77,53.81,15.95,5.12,46.8,10.9,0.26000000000000156,0.27000000000000035,-62.28,-62.27,-42.85,-0.16999999999999993,-0.16999999999999996,-0.13,0,0,0,-2.0500000000000007,-2.05,-2.74,2.23,2.24,-7.6499999999999995,-7.010000000000002,-5.05,287,392.12,-105.12,1,1.2999999999999998,-0.29999999999999993,16,20.79,-4.79,57.699999999999996,69.76,-12.060000000000002
2026,SEA,1,2026_01_NE_SEA,00-0038488,Brady Russell,RB,0,2,0,0,6,0,2,0,1.56,0,20,0,0,15.36,0,0,0,0,0,0,0,0,0,0,0,0,0,0,1,0,0,0.59,0,0,0,0,0.02,0,0,0,3.12,0,0,4,0,20,15.36,0,0,1,0.59,4,3.12,0,0.43999999999999995,0,4.640000000000001,0,0,0,0,0,0,0,0,0.41000000000000003,0,0,-0.02,0,0.8799999999999999,0,4.640000000000001,0,0.41000000000000003,0.8799999999999999,24,24,22,154,154,17,17,16.55,16.55,200,200,97,168.28,168.29,99.57000000000001,1,1,0,0.7,0.69,0.26,0,0,0,0,0,0,9,9,4,9.26,9.25,5.81,0,0,0.56,0.55,0,0,8.4,37.56,11.48,12,43,9.7,0.44999999999999996,0.44999999999999996,31.71999999999999,31.709999999999997,-2.570000000000004,0.30000000000000004,0.31000000000000005,-0.26,0,0,0,-0.25999999999999934,-0.25000000000000044,-1.8099999999999998,-0.56,-0.55,3.6000000000000005,5.439999999999998,-1.7799999999999994,297,267.86,29.139999999999993,1,0.95,0.050000000000000044,13,15.059999999999999,-2.0600000000000005,52.7,49.040000000000006,3.6599999999999984
2026,NE,1,2026_01_NE_SEA,00-0033090,Hunter Henry,TE,0,3,0,0,12,0,3,0,2.36,0,26,0,0,24.6,0,0,0,0,0,0.01,0,0,0,0,0,0,0,0,1,0,0,1.05,0,0,0,0,0.03,0,0,0,4.86,0,0,5.6,0,26,24.6,0,0.01,1,1.05,5.6,4.86,0,0.6400000000000001,0,1.3999999999999986,0,0,-0.01,0,0,0,0,0,-0.050000000000000044,0,0,-0.03,0,0.7399999999999993,0,1.3999999999999986,-0.01,-0.050000000000000044,0.7399999999999993,33,33,31,221,221,23,23,22.74,22.73,178,178,109,240.28,240.27,151.85,1,1,0,1.17,1.17,0.13,0,0,0,0,0,0,9,9,7,11.05,11.05,9.74,3,3,0.77,0.76,0,0,12.77,53.81,15.95,5.12,46.8,10.9,0.26000000000000156,0.27000000000000035,-62.28,-62.27,-42.85,-0.16999999999999993,-0.16999999999999996,-0.13,0,0,0,-2.0500000000000007,-2.05,-2.74,2.23,2.24,-7.6499999999999995,-7.010000000000002,-5.05,287,392.12,-105.12,1,1.2999999999999998,-0.29999999999999993,16,20.79,-4.79,57.699999999999996,69.76,-12.060000000000002
2026,NE,1,2026_01_NE_SEA,00-0036875,Rhamondre Stevenson,RB,0,6,18,0,-6,0,5,0,4.98,0,44,51,0,38.7,80.81,0,0,0,0,0.04,0.06,0,0,0,0,0,0,0,1,2,0,0.86,4.15,0,0,0,0.05,0,0,0,9.07,8.44,0,9.4,5.1,95,119.51,0,0.1,3,5.010000000000001,14.5,17.509999999999998,0,0.019999999999999574,0,5.299999999999997,-29.810000000000002,0,-0.04,-0.06,0,0,0,0,0.14,-2.1500000000000004,0,-0.05,0,0.33000000000000007,-3.34,-24.510000000000005,-0.1,-2.0100000000000007,-3.009999999999998,33,33,31,221,221,23,23,22.74,22.73,178,178,109,240.28,240.27,151.85,1,1,0,1.17,1.17,0.13,0,0,0,0,0,0,9,9,7,11.05,11.05,9.74,3,3,0.77,0.76,0,0,12.77,53.81,15.95,5.12,46.8,10.9,0.26000000000000156,0.27000000000000035,-62.28,-62.27,-42.85,-0.16999999999999993,-0.16999999999999996,-0.13,0,0,0,-2.0500000000000007,-2.05,-2.74,2.23,2.24,-7.6499999999999995,-7.010000000000002,-5.05,287,392.12,-105.12,1,1.2999999999999998,-0.29999999999999993,16,20.79,-4.79,57.699999999999996,69.76,-12.060000000000002
2026,SEA,1,2026_01_NE_SEA,00-0039793,AJ Barner,TE,0,2,0,0,-1,0,2,0,1.68,0,13,0,0,11.02,0,0,0,0,0,0.01,0,0,0,0,0,0,0,0,1,0,0,0.62,0,0,0,0,0.02,0,0,0,2.83,0,0,3.3,0,13,11.02,0,0.01,1,0.62,3.3,2.83,0,0.32000000000000006,0,1.9800000000000004,0,0,-0.01,0,0,0,0,0,0.38,0,0,-0.02,0,0.46999999999999975,0,1.9800000000000004,-0.01,0.38,0.46999999999999975,24,24,22,154,154,17,17,16.55,16.55,200,200,97,168.28,168.29,99.57000000000001,1,1,0,0.7,0.69,0.26,0,0,0,0,0,0,9,9,4,9.26,9.25,5.81,0,0,0.56,0.55,0,0,8.4,37.56,11.48,12,43,9.7,0.44999999999999996,0.44999999999999996,31.71999999999999,31.709999999999997,-2.570000000000004,0.30000000000000004,0.31000000000000005,-0.26,0,0,0,-0.25999999999999934,-0.25000000000000044,-1.8099999999999998,-0.56,-0.55,3.6000000000000005,5.439999999999998,-1.7799999999999994,297,267.86,29.139999999999993,1,0.95,0.050000000000000044,13,15.059999999999999,-2.0600000000000005,52.7,49.040000000000006,3.6599999999999984
2026,SEA,1,2026_01_NE_SEA,00-0039299,George Holani,RB,0,1,8,0,6,0,0,0,0.71,0,0,29,0,7.64,39.45,0,0,0,0,0,0.16,0,0,0,0,0,0,0,0,0,0,0.69,1.95,0,0,0,0.01,0,0,0,1.49,4.88,0,0,2.9,29,47.09,0,0.16,0,2.6399999999999997,2.9,6.37,0,-0.71,0,-7.64,-10.450000000000003,0,0,-0.16,0,0,0,0,-0.69,-1.95,0,-0.01,0,-1.49,-1.98,-18.090000000000003,-0.16,-2.6399999999999997,-3.47,24,24,22,154,154,17,17,16.55,16.55,200,200,97,168.28,168.29,99.57000000000001,1,1,0,0.7,0.69,0.26,0,0,0,0,0,0,9,9,4,9.26,9.25,5.81,0,0,0.56,0.55,0,0,8.4,37.56,11.48,12,43,9.7,0.44999999999999996,0.44999999999999996,31.71999999999999,31.709999999999997,-2.570000000000004,0.30000000000000004,0.31000000000000005,-0.26,0,0,0,-0.25999999999999934,-0.25000000000000044,-1.8099999999999998,-0.56,-0.55,3.6000000000000005,5.439999999999998,-1.7799999999999994,297,267.86,29.139999999999993,1,0.95,0.050000000000000044,13,15.059999999999999,-2.0600000000000005,52.7,49.040000000000006,3.6599999999999984
2026,SEA,1,2026_01_NE_SEA,00-0041512,Jadarian Price,RB,0,2,10,0,-1,0,2,0,1.63,0,6,52,0,10.95,46.78,0,0,0,0,0.02,0.03,0,0,0,0,0,0,0,0,4,0,0.51,2.94,0,0,0,0.02,0,0,0,2.82,4.85,0,2.6,5.2,58,57.730000000000004,0,0.05,4,3.45,7.800000000000001,7.67,0,0.3700000000000001,0,-4.949999999999999,5.219999999999999,0,-0.02,-0.03,0,0,0,0,-0.51,1.06,0,-0.02,0,-0.21999999999999975,0.35000000000000053,0.269999999999996,-0.05,0.5499999999999998,0.13000000000000078,24,24,22,154,154,17,17,16.55,16.55,200,200,97,168.28,168.29,99.57000000000001,1,1,0,0.7,0.69,0.26,0,0,0,0,0,0,9,9,4,9.26,9.25,5.81,0,0,0.56,0.55,0,0,8.4,37.56,11.48,12,43,9.7,0.44999999999999996,0.44999999999999996,31.71999999999999,31.709999999999997,-2.570000000000004,0.30000000000000004,0.31000000000000005,-0.26,0,0,0,-0.25999999999999934,-0.25000000000000044,-1.8099999999999998,-0.56,-0.55,3.6000000000000005,5.439999999999998,-1.7799999999999994,297,267.86,29.139999999999993,1,0.95,0.050000000000000044,13,15.059999999999999,-2.0600000000000005,52.7,49.040000000000006,3.6599999999999984
2026,NE,1,2026_01_NE_SEA,00-0037816,Romeo Doubs,WR,0,3,0,0,75,0,0,0,1.42,0,0,0,0,35.49,0,0,0,0,0,0.22,0,0,0,0,0,0,0,0,0,0,0,1.44,0,0,1,0,0.11,0,0,0,6.29,0,0,0,0,0,35.49,0,0.22,0,1.44,0,6.29,0,-1.42,0,-35.49,0,0,-0.22,0,0,0,0,0,-1.44,0,0,0.89,0,-6.29,0,-35.49,-0.22,-1.44,-6.29,33,33,31,221,221,23,23,22.74,22.73,178,178,109,240.28,240.27,151.85,1,1,0,1.17,1.17,0.13,0,0,0,0,0,0,9,9,7,11.05,11.05,9.74,3,3,0.77,0.76,0,0,12.77,53.81,15.95,5.12,46.8,10.9,0.26000000000000156,0.27000000000000035,-62.28,-62.27,-42.85,-0.16999999999999993,-0.16999999999999996,-0.13,0,0,0,-2.0500000000000007,-2.05,-2.74,2.23,2.24,-7.6499999999999995,-7.010000000000002,-5.05,287,392.12,-105.12,1,1.2999999999999998,-0.29999999999999993,16,20.79,-4.79,57.699999999999996,69.76,-12.060000000000002
2026,DET,1,2026_01_NO_DET,00-0033106,Jared Goff,QB,39,0,2,207,0,26,0,28,0,206,0,2,278.37,0,8.14,2,0,0,2.83,0,0,0,0,0,0,0,0,10,0,0,14.52,0,0.44,0,0,0.62,0,0,0,21.2,0,0.83,16.24,0,0.2,208,286.51,2,2.83,10,14.959999999999999,16.439999999999998,22.029999999999998,-2,0,-72.37,0,-6.140000000000001,-0.8300000000000001,0,0,0,0,0,-4.52,0,-0.44,-0.62,0,-4.960000000000001,0,-0.6299999999999999,-78.50999999999999,-0.8300000000000001,-4.959999999999999,-5.59,39,39,33,207,207,26,26,28,28.01,206,206,165,278.37,278.36,130.93,2,2,2,2.83,2.83,2.3,0,0,0,0,0,0,10,10,14,14.52,14.53,9.15,0,0,0.62,0.63,1,0,21.2,72.81,26.91,16.24,56.6,28.5,-2,-2.01,-72.37,-72.36,34.07000000000001,-0.8300000000000001,-0.83,-0.29999999999999977,0,0,0,-4.52,-4.529999999999999,4.8500000000000005,-0.62,-0.63,-4.960000000000001,-16.21,1.5900000000000023,371,409.29,-38.28999999999999,4,5.13,-1.1299999999999997,24,23.68,0.3200000000000012,85.1,99.72,-14.62
2026,DET,1,2026_01_NO_DET,00-0036963,Amon-Ra St. Brown,WR,0,14,0,0,70,0,10,0,9.88,0,67,0,0,91.14,0,0,2,0,0,1.18,0,0,0,0,0,0,0,0,4,0,0,5.41,0,0,0,0,0.22,0,0,0,26.07,0,0,28.7,0,67,91.14,2,1.18,4,5.41,28.7,26.07,0,0.11999999999999922,0,-24.14,0,0,0.8200000000000001,0,0,0,0,0,-1.4100000000000001,0,0,-0.22,0,2.629999999999999,0,-24.14,0.8200000000000001,-1.4100000000000001,2.629999999999999,39,39,33,207,207,26,26,28,28.01,206,206,165,278.37,278.36,130.93,2,2,2,2.83,2.83,2.3,0,0,0,0,0,0,10,10,14,14.52,14.53,9.15,0,0,0.62,0.63,1,0,21.2,72.81,26.91,16.24,56.6,28.5,-2,-2.01,-72.37,-72.36,34.07000000000001,-0.8300000000000001,-0.83,-0.29999999999999977,0,0,0,-4.52,-4.529999999999999,4.8500000000000005,-0.62,-0.63,-4.960000000000001,-16.21,1.5900000000000023,371,409.29,-38.28999999999999,4,5.13,-1.1299999999999997,24,23.68,0.3200000000000012,85.1,99.72,-14.62
2026,NO,1,2026_01_NO_DET,00-0040743,Tyler Shough,QB,56,0,4,483,0,35,0,36.98,0,410,0,8,413.27,0,17.55,3,0,0,2.58,0,0.13,0,0,0,0.55,0,0,19,0,1,18.71,0,1.5,2,0,1.1,0,0,0,25.76,0,2.51,24.4,0,0.8,418,430.82,3,2.71,20,20.21,25.2,28.270000000000003,-1.9799999999999969,0,-3.269999999999982,0,-9.55,0.41999999999999993,0,-0.13,-0.55,0,0,0.28999999999999915,0,-0.5,0.8999999999999999,0,-1.360000000000003,0,-1.7099999999999997,-12.819999999999993,0.29000000000000004,-0.21000000000000085,-3.070000000000004,56,56,25,483,483,35,35,36.98,36.98,410,410,91,413.27,413.25,109.05,3,3,1,2.58,2.6,0.49,0,0,0,0.55,0.55,0,19,19,7,18.71,18.72,7.17,2,2,1.1,1.0999999999999999,0,0,25.76,94.91,13.86,24.4,94,15.1,-1.9799999999999969,-1.9799999999999995,-3.269999999999982,-3.2500000000000053,-18.05,0.41999999999999993,0.4000000000000001,0.51,-0.55,-0.55,0,0.28999999999999915,0.2799999999999997,-0.1700000000000001,0.8999999999999999,0.8999999999999999,-1.360000000000003,-0.9100000000000017,1.2399999999999998,501,522.3,-21.300000000000004,4,3.09,0.9100000000000001,26,25.89,0.1099999999999996,109.1,108.77,0.3299999999999981
2026,NO,1,2026_01_NO_DET,00-0039424,Devaughn Vele,WR,0,9,0,0,63,0,7,0,6.42,0,69,0,0,57.5,0,0,1,0,0,0.64,0,0,0,0,0,0,0,0,3,0,0,2.41,0,0,0,0,0.12,0,0,0,16.02,0,0,19.9,0,69,57.5,1,0.64,3,2.41,19.9,16.02,0,0.5800000000000001,0,11.5,0,0,0.36,0,0,0,0,0,0.5899999999999999,0,0,-0.12,0,3.879999999999999,0,11.5,0.36,0.5899999999999999,3.879999999999999,56,56,25,483,483,35,35,36.98,36.98,410,410,91,413.27,413.25,109.05,3,3,1,2.58,2.6,0.49,0,0,0,0.55,0.55,0,19,19,7,18.71,18.72,7.17,2,2,1.1,1.0999999999999999,0,0,25.76,94.91,13.86,24.4,94,15.1,-1.9799999999999969,-1.9799999999999995,-3.269999999999982,-3.2500000000000053,-18.05,0.41999999999999993,0.4000000000000001,0.51,-0.55,-0.55,0,0.28999999999999915,0.2799999999999997,-0.1700000000000001,0.8999999999999999,0.8999999999999999,-1.360000000000003,-0.9100000000000017,1.2399999999999998,501,522.3,-21.300000000000004,4,3.09,0.9100000000000001,26,25.89,0.1099999999999996,109.1,108.77,0.3299999999999981
2026,NO,1,2026_01_NO_DET,00-0035644,Noah Fant,TE,0,8,0,0,48,0,4,0,5.75,0,33,0,0,56.2,0,0,1,0,0,0.45,0,0,0,0,0,0,0,0,2,0,0,3,0,0,2,0,0.09,0,0,0,14.07,0,0,13.3,0,33,56.2,1,0.45,2,3,13.3,14.07,0,-1.75,0,-23.200000000000003,0,0,0.55,0,0,0,0,0,-1,0,0,1.91,0,-0.7699999999999996,0,-23.200000000000003,0.55,-1,-0.7699999999999996,56,56,25,483,483,35,35,36.98,36.98,410,410,91,413.27,413.25,109.05,3,3,1,2.58,2.6,0.49,0,0,0,0.55,0.55,0,19,19,7,18.71,18.72,7.17,2,2,1.1,1.0999999999999999,0,0,25.76,94.91,13.86,24.4,94,15.1,-1.9799999999999969,-1.9799999999999995,-3.269999999999982,-3.2500000000000053,-18.05,0.41999999999999993,0.4000000000000001,0.51,-0.55,-0.55,0,0.28999999999999915,0.2799999999999997,-0.1700000000000001,0.8999999999999999,0.8999999999999999,-1.360000000000003,-0.9100000000000017,1.2399999999999998,501,522.3,-21.300000000000004,4,3.09,0.9100000000000001,26,25.89,0.1099999999999996,109.1,108.77,0.3299999999999981
2026,DET,1,2026_01_NO_DET,00-0039065,Sam LaPorta,TE,0,8,0,0,7,0,5,0,5.81,0,48,0,0,39.67,0,0,0,0,0,0.91,0,0,0,0,0,0,0,0,2,0,0,2.26,0,0,0,0,0.11,0,0,0,15.23,0,0,9.8,0,48,39.67,0,0.91,2,2.26,9.8,15.23,0,-0.8099999999999996,0,8.329999999999998,0,0,-0.91,0,0,0,0,0,-0.2599999999999998,0,0,-0.11,0,-5.43,0,8.329999999999998,-0.91,-0.2599999999999998,-5.43,39,39,33,207,207,26,26,28,28.01,206,206,165,278.37,278.36,130.93,2,2,2,2.83,2.83,2.3,0,0,0,0,0,0,10,10,14,14.52,14.53,9.15,0,0,0.62,0.63,1,0,21.2,72.81,26.91,16.24,56.6,28.5,-2,-2.01,-72.37,-72.36,34.07000000000001,-0.8300000000000001,-0.83,-0.29999999999999977,0,0,0,-4.52,-4.529999999999999,4.8500000000000005,-0.62,-0.63,-4.960000000000001,-16.21,1.5900000000000023,371,409.29,-38.28999999999999,4,5.13,-1.1299999999999997,24,23.68,0.3200000000000012,85.1,99.72,-14.62
2026,DET,1,2026_01_NO_DET,00-0039139,Jahmyr Gibbs,RB,0,5,29,0,-4,0,5,0,4.02,0,30,156,0,32.97,114.57,0,0,2,0,0.04,2.26,0,0,0,0,0,0,0,1,14,0,1.26,8.52,0,0,0,0.05,1,0,0,7.52,25.04,0,6,27.6,186,147.54,2,2.3,15,9.78,33.6,32.56,0,0.9800000000000004,0,-2.969999999999999,41.43000000000001,0,-0.04,-0.2599999999999998,0,0,0,0,-0.26,5.48,0,-0.05,0,-1.5199999999999996,2.5600000000000023,38.46000000000001,-0.2999999999999998,5.220000000000001,1.0399999999999991,39,39,33,207,207,26,26,28,28.01,206,206,165,278.37,278.36,130.93,2,2,2,2.83,2.83,2.3,0,0,0,0,0,0,10,10,14,14.52,14.53,9.15,0,0,0.62,0.63,1,0,21.2,72.81,26.91,16.24,56.6,28.5,-2,-2.01,-72.37,-72.36,34.07000000000001,-0.8300000000000001,-0.83,-0.29999999999999977,0,0,0,-4.52,-4.529999999999999,4.8500000000000005,-0.62,-0.63,-4.960000000000001,-16.21,1.5900000000000023,371,409.29,-38.28999999999999,4,5.13,-1.1299999999999997,24,23.68,0.3200000000000012,85.1,99.72,-14.62
2026,DET,1,2026_01_NO_DET,00-0040669,Isaac TeSlaa,WR,0,1,0,0,3,0,0,0,0.83,0,0,0,0,6.97,0,0,0,0,0,0,0,0,0,0,0,0,0,0,0,0,0,0.24,0,0,0,0,0.01,0,0,0,1.54,0,0,0,0,0,6.97,0,0,0,0.24,0,1.54,0,-0.83,0,-6.97,0,0,0,0,0,0,0,0,-0.24,0,0,-0.01,0,-1.54,0,-6.97,0,-0.24,-1.54,39,39,33,207,207,26,26,28,28.01,206,206,165,278.37,278.36,130.93,2,2,2,2.83,2.83,2.3,0,0,0,0,0,0,10,10,14,14.52,14.53,9.15,0,0,0.62,0.63,1,0,21.2,72.81,26.91,16.24,56.6,28.5,-2,-2.01,-72.37,-72.36,34.07000000000001,-0.8300000000000001,-0.83,-0.29999999999999977,0,0,0,-4.52,-4.529999999999999,4.8500000000000005,-0.62,-0.63,-4.960000000000001,-16.21,1.5900000000000023,371,409.29,-38.28999999999999,4,5.13,-1.1299999999999997,24,23.68,0.3200000000000012,85.1,99.72,-14.62
2026,DET,1,2026_01_NO_DET,00-0037240,Jameson Williams,WR,0,9,0,0,127,0,4,0,5.83,0,45,0,0,93.23,0,0,0,0,0,0.69,0,0,0,0,0,0,0,0,2,0,0,4.85,0,0,0,0,0.23,0,0,0,19.29,0,0,8.5,0,45,93.23,0,0.69,2,4.85,8.5,19.29,0,-1.83,0,-48.230000000000004,0,0,-0.69,0,0,0,0,0,-2.8499999999999996,0,0,-0.23,0,-10.79,0,-48.230000000000004,-0.69,-2.8499999999999996,-10.79,39,39,33,207,207,26,26,28,28.01,206,206,165,278.37,278.36,130.93,2,2,2,2.83,2.83,2.3,0,0,0,0,0,0,10,10,14,14.52,14.53,9.15,0,0,0.62,0.63,1,0,21.2,72.81,26.91,16.24,56.6,28.5,-2,-2.01,-72.37,-72.36,34.07000000000001,-0.8300000000000001,-0.83,-0.29999999999999977,0,0,0,-4.52,-4.529999999999999,4.8500000000000005,-0.62,-0.63,-4.960000000000001,-16.21,1.5900000000000023,371,409.29,-38.28999999999999,4,5.13,-1.1299999999999997,24,23.68,0.3200000000000012,85.1,99.72,-14.62
2026,NO,1,2026_01_NO_DET,00-0036040,Juwan Johnson,TE,0,7,0,0,77,0,3,0,3.87,0,54,0,0,51.75,0,0,1,0,0,0.94,0,0,0,0,0,0,0,0,3,0,0,2.79,0,0,0,0,0.18,0,0,0,14.65,0,0,14.4,0,54,51.75,1,0.94,3,2.79,14.4,14.65,0,-0.8700000000000001,0,2.25,0,0,0.06000000000000005,0,0,0,0,0,0.20999999999999996,0,0,-0.18,0,-0.25,0,2.25,0.06000000000000005,0.20999999999999996,-0.25,56,56,25,483,483,35,35,36.98,36.98,410,410,91,413.27,413.25,109.05,3,3,1,2.58,2.6,0.49,0,0,0,0.55,0.55,0,19,19,7,18.71,18.72,7.17,2,2,1.1,1.0999999999999999,0,0,25.76,94.91,13.86,24.4,94,15.1,-1.9799999999999969,-1.9799999999999995,-3.269999999999982,-3.2500000000000053,-18.05,0.41999999999999993,0.4000000000000001,0.51,-0.55,-0.55,0,0.28999999999999915,0.2799999999999997,-0.1700000000000001,0.8999999999999999,0.8999999999999999,-1.360000000000003,-0.9100000000000017,1.2399999999999998,501,522.3,-21.300000000000004,4,3.09,0.9100000000000001,26,25.89,0.1099999999999996,109.1,108.77,0.3299999999999981
2026,NO,1,2026_01_NO_DET,00-0037239,Chris Olave,WR,0,13,0,0,234,0,10,0,7.52,0,182,0,0,128.87,0,0,0,0,0,0.26,0,0,0,0,0,0,0,0,7,0,0,4.45,0,0,0,0,0.48,0,0,0,21.95,0,0,28.2,0,182,128.87,0,0.26,7,4.45,28.2,21.95,0,2.4800000000000004,0,53.129999999999995,0,0,-0.26,0,0,0,0,0,2.55,0,0,-0.48,0,6.25,0,53.129999999999995,-0.26,2.55,6.25,56,56,25,483,483,35,35,36.98,36.98,410,410,91,413.27,413.25,109.05,3,3,1,2.58,2.6,0.49,0,0,0,0.55,0.55,0,19,19,7,18.71,18.72,7.17,2,2,1.1,1.0999999999999999,0,0,25.76,94.91,13.86,24.4,94,15.1,-1.9799999999999969,-1.9799999999999995,-3.269999999999982,-3.2500000000000053,-18.05,0.41999999999999993,0.4000000000000001,0.51,-0.55,-0.55,0,0.28999999999999915,0.2799999999999997,-0.1700000000000001,0.8999999999999999,0.8999999999999999,-1.360000000000003,-0.9100000000000017,1.2399999999999998,501,522.3,-21.300000000000004,4,3.09,0.9100000000000001,26,25.89,0.1099999999999996,109.1,108.77,0.3299999999999981
2026,NO,1,2026_01_NO_DET,00-0036973,Travis Etienne,RB,0,9,9,0,-2,0,7,0,7.25,0,32,46,0,50.19,41.9,0,0,0,0,0.26,0.07,0,0,0,0,0,0,0,2,2,0,2.82,1.92,0,0,0,0.06,0,0,0,13.8,4.62,0,10.2,4.6,78,92.09,0,0.33,4,4.74,14.799999999999999,18.42,0,-0.25,0,-18.189999999999998,4.100000000000001,0,-0.26,-0.07,0,0,0,0,-0.8199999999999998,0.08000000000000007,0,-0.06,0,-3.6000000000000014,-0.020000000000000462,-14.090000000000003,-0.33,-0.7400000000000002,-3.6200000000000028,56,56,25,483,483,35,35,36.98,36.98,410,410,91,413.27,413.25,109.05,3,3,1,2.58,2.6,0.49,0,0,0,0.55,0.55,0,19,19,7,18.71,18.72,7.17,2,2,1.1,1.0999999999999999,0,0,25.76,94.91,13.86,24.4,94,15.1,-1.9799999999999969,-1.9799999999999995,-3.269999999999982,-3.2500000000000053,-18.05,0.41999999999999993,0.4000000000000001,0.51,-0.55,-0.55,0,0.28999999999999915,0.2799999999999997,-0.1700000000000001,0.8999999999999999,0.8999999999999999,-1.360000000000003,-0.9100000000000017,1.2399999999999998,501,522.3,-21.300000000000004,4,3.09,0.9100000000000001,26,25.89,0.1099999999999996,109.1,108.77,0.3299999999999981
2026,NO,1,2026_01_NO_DET,00-0041326,CJ Donaldson,RB,0,2,2,0,5,0,1,0,1.25,0,-2,4,0,11.51,5.72,0,0,0,0,0.01,0,0,0,0,0,0,0,0,0,2,0,0.62,1.35,0,0,0,0.03,0,0,0,2.45,0.59,0,0.8,0.4,2,17.23,0,0.01,2,1.9700000000000002,1.2000000000000002,3.04,0,-0.25,0,-13.51,-1.7199999999999998,0,-0.01,0,0,0,0,0,-0.62,0.6499999999999999,0,-0.03,0,-1.6500000000000001,-0.18999999999999995,-15.23,-0.01,0.029999999999999805,-1.8399999999999999,56,56,25,483,483,35,35,36.98,36.98,410,410,91,413.27,413.25,109.05,3,3,1,2.58,2.6,0.49,0,0,0,0.55,0.55,0,19,19,7,18.71,18.72,7.17,2,2,1.1,1.0999999999999999,0,0,25.76,94.91,13.86,24.4,94,15.1,-1.9799999999999969,-1.9799999999999995,-3.269999999999982,-3.2500000000000053,-18.05,0.41999999999999993,0.4000000000000001,0.51,-0.55,-0.55,0,0.28999999999999915,0.2799999999999997,-0.1700000000000001,0.8999999999999999,0.8999999999999999,-1.360000000000003,-0.9100000000000017,1.2399999999999998,501,522.3,-21.300000000000004,4,3.09,0.9100000000000001,26,25.89,0.1099999999999996,109.1,108.77,0.3299999999999981
2026,NO,1,2026_01_NO_DET,NA,NA,NA,0,4,0,0,18,0,0,0,2.15,0,0,0,0,21.73,0,0,0,0,0,0.01,0,0,0,0,0,0,0,0,0,0,0,1.02,0,0,0,0,0.05,0,0,0,4.38,0,0,0,0,0,21.73,0,0.01,0,1.02,0,4.38,0,-2.15,0,-21.73,0,0,-0.01,0,0,0,0,0,-1.02,0,0,-0.05,0,-4.38,0,-21.73,-0.01,-1.02,-4.38,56,56,25,483,483,35,35,36.98,36.98,410,410,91,413.27,413.25,109.05,3,3,1,2.58,2.6,0.49,0,0,0,0.55,0.55,0,19,19,7,18.71,18.72,7.17,2,2,1.1,1.0999999999999999,0,0,25.76,94.91,13.86,24.4,94,15.1,-1.9799999999999969,-1.9799999999999995,-3.269999999999982,-3.2500000000000053,-18.05,0.41999999999999993,0.4000000000000001,0.51,-0.55,-0.55,0,0.28999999999999915,0.2799999999999997,-0.1700000000000001,0.8999999999999999,0.8999999999999999,-1.360000000000003,-0.9100000000000017,1.2399999999999998,501,522.3,-21.300000000000004,4,3.09,0.9100000000000001,26,25.89,0.1099999999999996,109.1,108.77,0.3299999999999981
2026,NO,1,2026_01_NO_DET,00-0041067,Bryce Lance,WR,0,4,0,0,40,0,3,0,2.77,0,42,0,0,35.5,0,0,0,0,0,0.03,0,0,0,0,0,0.55,0,0,2,0,0,1.61,0,0,0,0,0.09,0,0,0,7.59,0,0,7.2,0,42,35.5,0,0.03,2,1.61,7.2,7.59,0,0.22999999999999998,0,6.5,0,0,-0.03,0,0,-0.55,0,0,0.3899999999999999,0,0,-0.09,0,-0.3899999999999997,0,6.5,-0.03,0.3899999999999999,-0.3899999999999997,56,56,25,483,483,35,35,36.98,36.98,410,410,91,413.27,413.25,109.05,3,3,1,2.58,2.6,0.49,0,0,0,0.55,0.55,0,19,19,7,18.71,18.72,7.17,2,2,1.1,1.0999999999999999,0,0,25.76,94.91,13.86,24.4,94,15.1,-1.9799999999999969,-1.9799999999999995,-3.269999999999982,-3.2500000000000053,-18.05,0.41999999999999993,0.4000000000000001,0.51,-0.55,-0.55,0,0.28999999999999915,0.2799999999999997,-0.1700000000000001,0.8999999999999999,0.8999999999999999,-1.360000000000003,-0.9100000000000017,1.2399999999999998,501,522.3,-21.300000000000004,4,3.09,0.9100000000000001,26,25.89,0.1099999999999996,109.1,108.77,0.3299999999999981
2026,DET,1,2026_01_NO_DET,00-0039364,Sione Vaki,RB,0,1,2,0,2,0,1,0,0.81,0,11,7,0,7.23,8.22,0,0,0,0,0.01,0.04,0,0,0,0,0,0,0,1,0,0,0.27,0.19,0,0,0,0,0,0,0,1.59,1.04,0,2.1,0.7,18,15.450000000000001,0,0.05,1,0.46,2.8,2.63,0,0.18999999999999995,0,3.7699999999999996,-1.2200000000000006,0,-0.01,-0.04,0,0,0,0,0.73,-0.19,0,0,0,0.51,-0.3400000000000001,2.549999999999999,-0.05,0.54,0.16999999999999993,39,39,33,207,207,26,26,28,28.01,206,206,165,278.37,278.36,130.93,2,2,2,2.83,2.83,2.3,0,0,0,0,0,0,10,10,14,14.52,14.53,9.15,0,0,0.62,0.63,1,0,21.2,72.81,26.91,16.24,56.6,28.5,-2,-2.01,-72.37,-72.36,34.07000000000001,-0.8300000000000001,-0.83,-0.29999999999999977,0,0,0,-4.52,-4.529999999999999,4.8500000000000005,-0.62,-0.63,-4.960000000000001,-16.21,1.5900000000000023,371,409.29,-38.28999999999999,4,5.13,-1.1299999999999997,24,23.68,0.3200000000000012,85.1,99.72,-14.62
2026,DET,1,2026_01_NO_DET,00-0036754,Brock Wright,TE,0,1,0,0,2,0,1,0,0.83,0,5,0,0,7.15,0,0,0,0,0,0,0,0,0,0,0,0,0,0,0,0,0,0.24,0,0,0,0,0.01,0,0,0,1.57,0,0,1.5,0,5,7.15,0,0,0,0.24,1.5,1.57,0,0.17000000000000004,0,-2.1500000000000004,0,0,0,0,0,0,0,0,-0.24,0,0,-0.01,0,-0.07000000000000006,0,-2.1500000000000004,0,-0.24,-0.07000000000000006,39,39,33,207,207,26,26,28,28.01,206,206,165,278.37,278.36,130.93,2,2,2,2.83,2.83,2.3,0,0,0,0,0,0,10,10,14,14.52,14.53,9.15,0,0,0.62,0.63,1,0,21.2,72.81,26.91,16.24,56.6,28.5,-2,-2.01,-72.37,-72.36,34.07000000000001,-0.8300000000000001,-0.83,-0.29999999999999977,0,0,0,-4.52,-4.529999999999999,4.8500000000000005,-0.62,-0.63,-4.960000000000001,-16.21,1.5900000000000023,371,409.29,-38.28999999999999,4,5.13,-1.1299999999999997,24,23.68,0.3200000000000012,85.1,99.72,-14.62
2026,NYJ,1,2026_01_NYJ_TEN,00-0030565,Geno Smith,QB,24,0,6,168,0,19,0,17,0,215,0,7,191.39,0,9.45,0,0,0,0.4,0,0.18,0,0,0,0,0,0,7,0,0,8.26,0,0.85,0,0,0.4,0,0,0,8.43,0,2.05,8.6,0,0.7,222,200.83999999999997,0,0.5800000000000001,7,9.11,9.299999999999999,10.48,2,0,23.610000000000014,0,-2.4499999999999993,-0.4,0,-0.18,0,0,0,-1.2599999999999998,0,-0.85,-0.4,0,0.16999999999999993,0,-1.3499999999999999,21.160000000000025,-0.5800000000000001,-2.1099999999999994,-1.1800000000000015,24,24,39,168,168,19,19,17,17.01,215,215,152,191.39,191.39000000000001,141.01,0,0,2,0.4,0.4,1.54,0,0,0,0,0,0,7,7,11,8.26,8.25,9.1,0,0,0.4,0.4,0,0,8.43,38.52,23.42,8.6,40.5,27.2,2,1.9900000000000002,23.610000000000014,23.609999999999992,10.989999999999998,-0.4,-0.4,0.45999999999999996,0,0,0,-1.2599999999999998,-1.2500000000000002,1.9,-0.4,-0.4,0.16999999999999993,1.9799999999999989,3.7799999999999994,367,332.4,34.599999999999994,2,1.94,0.05999999999999994,18,17.35,0.6499999999999997,67.7,61.940000000000005,5.759999999999998
2026,NYJ,1,2026_01_NYJ_TEN,00-0041032,Kenyon Sadiq,TE,0,3,1,0,0,0,3,0,2.39,0,21,3,0,17.68,1.39,0,0,1,0,0.02,0.56,0,0,0,0,0,0,0,0,1,0,0.68,0.51,0,0,0,0.02,0,0,0,4.26,3.51,0,5.1,6.3,24,19.07,1,0.5800000000000001,1,1.19,11.399999999999999,7.77,0,0.6099999999999999,0,3.3200000000000003,1.61,0,-0.02,0.43999999999999995,0,0,0,0,-0.68,0.49,0,-0.02,0,0.8399999999999999,2.79,4.93,0.41999999999999993,-0.18999999999999995,3.629999999999999,24,24,39,168,168,19,19,17,17.01,215,215,152,191.39,191.39000000000001,141.01,0,0,2,0.4,0.4,1.54,0,0,0,0,0,0,7,7,11,8.26,8.25,9.1,0,0,0.4,0.4,0,0,8.43,38.52,23.42,8.6,40.5,27.2,2,1.9900000000000002,23.610000000000014,23.609999999999992,10.989999999999998,-0.4,-0.4,0.45999999999999996,0,0,0,-1.2599999999999998,-1.2500000000000002,1.9,-0.4,-0.4,0.16999999999999993,1.9799999999999989,3.7799999999999994,367,332.4,34.599999999999994,2,1.94,0.05999999999999994,18,17.35,0.6499999999999997,67.7,61.940000000000005,5.759999999999998
2026,NYJ,1,2026_01_NYJ_TEN,00-0037740,Garrett Wilson,WR,0,7,0,0,77,0,6,0,4.71,0,79,0,0,69.29,0,0,0,0,0,0.14,0,0,0,0,0,0,0,0,3,0,0,3.37,0,0,0,0,0.13,0,0,0,12.46,0,0,13.9,0,79,69.29,0,0.14,3,3.37,13.9,12.46,0,1.29,0,9.709999999999994,0,0,-0.14,0,0,0,0,0,-0.3700000000000001,0,0,-0.13,0,1.4399999999999995,0,9.709999999999994,-0.14,-0.3700000000000001,1.4399999999999995,24,24,39,168,168,19,19,17,17.01,215,215,152,191.39,191.39000000000001,141.01,0,0,2,0.4,0.4,1.54,0,0,0,0,0,0,7,7,11,8.26,8.25,9.1,0,0,0.4,0.4,0,0,8.43,38.52,23.42,8.6,40.5,27.2,2,1.9900000000000002,23.610000000000014,23.609999999999992,10.989999999999998,-0.4,-0.4,0.45999999999999996,0,0,0,-1.2599999999999998,-1.2500000000000002,1.9,-0.4,-0.4,0.16999999999999993,1.9799999999999989,3.7799999999999994,367,332.4,34.599999999999994,2,1.94,0.05999999999999994,18,17.35,0.6499999999999997,67.7,61.940000000000005,5.759999999999998
2026,NYJ,1,2026_01_NYJ_TEN,00-0041511,Omar Cooper Jr.,WR,0,1,0,0,4,0,1,0,0.72,0,30,0,0,5.6,0,0,0,0,0,0.01,0,0,0,0,0,0,0,0,1,0,0,0.18,0,0,0,0,0.02,0,0,0,1.33,0,0,4,0,30,5.6,0,0.01,1,0.18,4,1.33,0,0.28,0,24.4,0,0,-0.01,0,0,0,0,0,0.8200000000000001,0,0,-0.02,0,2.67,0,24.4,-0.01,0.8200000000000001,2.67,24,24,39,168,168,19,19,17,17.01,215,215,152,191.39,191.39000000000001,141.01,0,0,2,0.4,0.4,1.54,0,0,0,0,0,0,7,7,11,8.26,8.25,9.1,0,0,0.4,0.4,0,0,8.43,38.52,23.42,8.6,40.5,27.2,2,1.9900000000000002,23.610000000000014,23.609999999999992,10.989999999999998,-0.4,-0.4,0.45999999999999996,0,0,0,-1.2599999999999998,-1.2500000000000002,1.9,-0.4,-0.4,0.16999999999999993,1.9799999999999989,3.7799999999999994,367,332.4,34.599999999999994,2,1.94,0.05999999999999994,18,17.35,0.6499999999999997,67.7,61.940000000000005,5.759999999999998
2026,TEN,1,2026_01_NYJ_TEN,00-0040676,Cam Ward,QB,32,0,4,190,0,19,0,20.9,0,140,0,21,204.51,0,27.4,1,0,0,1.2,0,0.02,0,0,0,0,0,0,6,0,2,11.67,0,1.99,0,0,0.82,0,0,0,11.34,0,2.83,9.6,0,2.1,161,231.91,1,1.22,8,13.66,11.7,14.17,-1.8999999999999986,0,-64.50999999999999,0,-6.399999999999999,-0.19999999999999996,0,-0.02,0,0,0,-5.67,0,0.010000000000000009,-0.82,0,-1.7400000000000002,0,-0.73,-70.91,-0.21999999999999997,-5.66,-2.4700000000000006,32,32,14,190,190,19,19,20.9,20.91,140,140,68,204.51,204.51,74.13,1,1,0,1.2,1.19,0.09,0,0,0,0,0,0,6,6,4,11.67,11.66,3.95,0,0,0.82,0.82,0,0,11.34,48.57,7.93,9.6,39,6.8,-1.8999999999999986,-1.91,-64.50999999999999,-64.51,-6.1299999999999955,-0.19999999999999996,-0.19000000000000003,-0.09,0,0,0,-5.67,-5.66,0.050000000000000044,-0.82,-0.82,-1.7400000000000002,-9.569999999999999,-1.13,208,278.64,-70.64,1,1.28,-0.28,10,15.61,-5.61,45.8,56.5,-10.7
2026,TEN,1,2026_01_NYJ_TEN,00-0040705,Chimere Dike,WR,0,1,0,0,3,0,1,0,0.77,0,7,0,0,5.66,0,0,0,0,0,0,0,0,0,0,0,0,0,0,0,0,0,0.16,0,0,0,0,0.01,0,0,0,1.36,0,0,1.7,0,7,5.66,0,0,0,0.16,1.7,1.36,0,0.22999999999999998,0,1.3399999999999999,0,0,0,0,0,0,0,0,-0.16,0,0,-0.01,0,0.33999999999999986,0,1.3399999999999999,0,-0.16,0.33999999999999986,32,32,14,190,190,19,19,20.9,20.91,140,140,68,204.51,204.51,74.13,1,1,0,1.2,1.19,0.09,0,0,0,0,0,0,6,6,4,11.67,11.66,3.95,0,0,0.82,0.82,0,0,11.34,48.57,7.93,9.6,39,6.8,-1.8999999999999986,-1.91,-64.50999999999999,-64.51,-6.1299999999999955,-0.19999999999999996,-0.19000000000000003,-0.09,0,0,0,-5.67,-5.66,0.050000000000000044,-0.82,-0.82,-1.7400000000000002,-9.569999999999999,-1.13,208,278.64,-70.64,1,1.28,-0.28,10,15.61,-5.61,45.8,56.5,-10.7
2026,TEN,1,2026_01_NYJ_TEN,00-0038117,Wan'Dale Robinson,WR,0,6,0,0,23,0,5,0,4.38,0,38,0,0,37.53,0,0,0,0,0,0.02,0,0,0,0,0,0,0,0,3,0,0,2.66,0,0,0,0,0.11,0,0,0,8.27,0,0,8.8,0,38,37.53,0,0.02,3,2.66,8.8,8.27,0,0.6200000000000001,0,0.46999999999999886,0,0,-0.02,0,0,0,0,0,0.33999999999999986,0,0,-0.11,0,0.5300000000000011,0,0.46999999999999886,-0.02,0.33999999999999986,0.5300000000000011,32,32,14,190,190,19,19,20.9,20.91,140,140,68,204.51,204.51,74.13,1,1,0,1.2,1.19,0.09,0,0,0,0,0,0,6,6,4,11.67,11.66,3.95,0,0,0.82,0.82,0,0,11.34,48.57,7.93,9.6,39,6.8,-1.8999999999999986,-1.91,-64.50999999999999,-64.51,-6.1299999999999955,-0.19999999999999996,-0.19000000000000003,-0.09,0,0,0,-5.67,-5.66,0.050000000000000044,-0.82,-0.82,-1.7400000000000002,-9.569999999999999,-1.13,208,278.64,-70.64,1,1.28,-0.28,10,15.61,-5.61,45.8,56.5,-10.7
2026,TEN,1,2026_01_NYJ_TEN,00-0041438,Carnell Tate,WR,0,6,0,0,67,0,4,0,3.67,0,38,0,0,50.58,0,0,0,0,0,0.05,0,0,0,0,0,0,0,0,1,0,0,2.32,0,0,0,0,0.21,0,0,0,9.02,0,0,7.8,0,38,50.58,0,0.05,1,2.32,7.8,9.02,0,0.33000000000000007,0,-12.579999999999998,0,0,-0.05,0,0,0,0,0,-1.3199999999999998,0,0,-0.21,0,-1.2199999999999998,0,-12.579999999999998,-0.05,-1.3199999999999998,-1.2199999999999998,32,32,14,190,190,19,19,20.9,20.91,140,140,68,204.51,204.51,74.13,1,1,0,1.2,1.19,0.09,0,0,0,0,0,0,6,6,4,11.67,11.66,3.95,0,0,0.82,0.82,0,0,11.34,48.57,7.93,9.6,39,6.8,-1.8999999999999986,-1.91,-64.50999999999999,-64.51,-6.1299999999999955,-0.19999999999999996,-0.19000000000000003,-0.09,0,0,0,-5.67,-5.66,0.050000000000000044,-0.82,-0.82,-1.7400000000000002,-9.569999999999999,-1.13,208,278.64,-70.64,1,1.28,-0.28,10,15.61,-5.61,45.8,56.5,-10.7
2026,TEN,1,2026_01_NYJ_TEN,00-0035261,Tony Pollard,RB,0,2,7,0,24,0,1,0,1.13,0,-1,35,0,14.11,32.37,0,0,0,0,0.17,0.02,0,0,0,0,0,0,0,0,1,0,0.85,0.95,0,0,0,0.03,0,0,0,3.58,3.34,0,0.9,3.5,34,46.48,0,0.19,1,1.7999999999999998,4.4,6.92,0,-0.1299999999999999,0,-15.11,2.6300000000000026,0,-0.17,-0.02,0,0,0,0,-0.85,0.050000000000000044,0,-0.03,0,-2.68,0.16000000000000014,-12.479999999999997,-0.19,-0.7999999999999998,-2.5199999999999996,32,32,14,190,190,19,19,20.9,20.91,140,140,68,204.51,204.51,74.13,1,1,0,1.2,1.19,0.09,0,0,0,0,0,0,6,6,4,11.67,11.66,3.95,0,0,0.82,0.82,0,0,11.34,48.57,7.93,9.6,39,6.8,-1.8999999999999986,-1.91,-64.50999999999999,-64.51,-6.1299999999999955,-0.19999999999999996,-0.19000000000000003,-0.09,0,0,0,-5.67,-5.66,0.050000000000000044,-0.82,-0.82,-1.7400000000000002,-9.569999999999999,-1.13,208,278.64,-70.64,1,1.28,-0.28,10,15.61,-5.61,45.8,56.5,-10.7
2026,TEN,1,2026_01_NYJ_TEN,00-0038115,Daniel Bellinger,TE,0,1,0,0,1,0,1,0,0.73,0,7,0,0,4.72,0,0,0,0,0,0.01,0,0,0,0,0,0,0,0,0,0,0,0.14,0,0,0,0,0.01,0,0,0,1.26,0,0,1.7,0,7,4.72,0,0.01,0,0.14,1.7,1.26,0,0.27,0,2.2800000000000002,0,0,-0.01,0,0,0,0,0,-0.14,0,0,-0.01,0,0.43999999999999995,0,2.2800000000000002,-0.01,-0.14,0.43999999999999995,32,32,14,190,190,19,19,20.9,20.91,140,140,68,204.51,204.51,74.13,1,1,0,1.2,1.19,0.09,0,0,0,0,0,0,6,6,4,11.67,11.66,3.95,0,0,0.82,0.82,0,0,11.34,48.57,7.93,9.6,39,6.8,-1.8999999999999986,-1.91,-64.50999999999999,-64.51,-6.1299999999999955,-0.19999999999999996,-0.19000000000000003,-0.09,0,0,0,-5.67,-5.66,0.050000000000000044,-0.82,-0.82,-1.7400000000000002,-9.569999999999999,-1.13,208,278.64,-70.64,1,1.28,-0.28,10,15.61,-5.61,45.8,56.5,-10.7
2026,NYJ,1,2026_01_NYJ_TEN,00-0040736,Mason Taylor,TE,0,3,0,0,1,0,2,0,2.51,0,-2,0,0,20.32,0,0,0,0,0,0.02,0,0,0,0,0,0,0,0,0,0,0,0.78,0,0,0,0,0.03,0,0,0,4.67,0,0,1.8,0,-2,20.32,0,0.02,0,0.78,1.8,4.67,0,-0.5099999999999998,0,-22.32,0,0,-0.02,0,0,0,0,0,-0.78,0,0,-0.03,0,-2.87,0,-22.32,-0.02,-0.78,-2.87,24,24,39,168,168,19,19,17,17.01,215,215,152,191.39,191.39000000000001,141.01,0,0,2,0.4,0.4,1.54,0,0,0,0,0,0,7,7,11,8.26,8.25,9.1,0,0,0.4,0.4,0,0,8.43,38.52,23.42,8.6,40.5,27.2,2,1.9900000000000002,23.610000000000014,23.609999999999992,10.989999999999998,-0.4,-0.4,0.45999999999999996,0,0,0,-1.2599999999999998,-1.2500000000000002,1.9,-0.4,-0.4,0.16999999999999993,1.9799999999999989,3.7799999999999994,367,332.4,34.599999999999994,2,1.94,0.05999999999999994,18,17.35,0.6499999999999997,67.7,61.940000000000005,5.759999999999998
2026,TEN,1,2026_01_NYJ_TEN,NA,NA,NA,0,4,0,0,26,0,0,0,2.5,0,0,0,0,28.17,0,0,0,0,0,0.01,0,0,0,0,0,0,0,0,0,0,0,1.84,0,0,0,0,0.15,0,0,0,5.39,0,0,0,0,0,28.17,0,0.01,0,1.84,0,5.39,0,-2.5,0,-28.17,0,0,-0.01,0,0,0,0,0,-1.84,0,0,-0.15,0,-5.39,0,-28.17,-0.01,-1.84,-5.39,32,32,14,190,190,19,19,20.9,20.91,140,140,68,204.51,204.51,74.13,1,1,0,1.2,1.19,0.09,0,0,0,0,0,0,6,6,4,11.67,11.66,3.95,0,0,0.82,0.82,0,0,11.34,48.57,7.93,9.6,39,6.8,-1.8999999999999986,-1.91,-64.50999999999999,-64.51,-6.1299999999999955,-0.19999999999999996,-0.19000000000000003,-0.09,0,0,0,-5.67,-5.66,0.050000000000000044,-0.82,-0.82,-1.7400000000000002,-9.569999999999999,-1.13,208,278.64,-70.64,1,1.28,-0.28,10,15.61,-5.61,45.8,56.5,-10.7
2026,TEN,1,2026_01_NYJ_TEN,00-0040584,Gunnar Helm,TE,0,5,0,0,17,0,4,0,3.35,0,28,0,0,25.09,0,0,0,0,0,0.28,0,0,0,0,0,0,0,0,1,0,0,1.1,0,0,0,0,0.12,0,0,0,7.56,0,0,6.8,0,28,25.09,0,0.28,1,1.1,6.8,7.56,0,0.6499999999999999,0,2.91,0,0,-0.28,0,0,0,0,0,-0.10000000000000009,0,0,-0.12,0,-0.7599999999999998,0,2.91,-0.28,-0.10000000000000009,-0.7599999999999998,32,32,14,190,190,19,19,20.9,20.91,140,140,68,204.51,204.51,74.13,1,1,0,1.2,1.19,0.09,0,0,0,0,0,0,6,6,4,11.67,11.66,3.95,0,0,0.82,0.82,0,0,11.34,48.57,7.93,9.6,39,6.8,-1.8999999999999986,-1.91,-64.50999999999999,-64.51,-6.1299999999999955,-0.19999999999999996,-0.19000000000000003,-0.09,0,0,0,-5.67,-5.66,0.050000000000000044,-0.82,-0.82,-1.7400000000000002,-9.569999999999999,-1.13,208,278.64,-70.64,1,1.28,-0.28,10,15.61,-5.61,45.8,56.5,-10.7
2026,NYJ,1,2026_01_NYJ_TEN,00-0038120,Breece Hall,RB,0,2,22,0,3,0,2,0,1.55,0,16,102,0,13.57,88.09,0,0,1,0,0.02,0.72,0,0,0,0,0,0,0,0,7,0,0.43,4.79,0,0,0,0.01,0,0,0,3.03,13.15,0,3.6,16.2,118,101.66,1,0.74,7,5.22,19.8,16.18,0,0.44999999999999996,0,2.4299999999999997,13.909999999999997,0,-0.02,0.28,0,0,0,0,-0.43,2.21,0,-0.01,0,0.5700000000000003,3.049999999999999,16.340000000000003,0.26,1.7800000000000002,3.620000000000001,24,24,39,168,168,19,19,17,17.01,215,215,152,191.39,191.39000000000001,141.01,0,0,2,0.4,0.4,1.54,0,0,0,0,0,0,7,7,11,8.26,8.25,9.1,0,0,0.4,0.4,0,0,8.43,38.52,23.42,8.6,40.5,27.2,2,1.9900000000000002,23.610000000000014,23.609999999999992,10.989999999999998,-0.4,-0.4,0.45999999999999996,0,0,0,-1.2599999999999998,-1.2500000000000002,1.9,-0.4,-0.4,0.16999999999999993,1.9799999999999989,3.7799999999999994,367,332.4,34.599999999999994,2,1.94,0.05999999999999994,18,17.35,0.6499999999999997,67.7,61.940000000000005,5.759999999999998
2026,NYJ,1,2026_01_NYJ_TEN,00-0039794,Braelon Allen,RB,0,1,10,0,0,0,0,0,0.74,0,0,40,0,4.23,42.08,0,0,0,0,0.09,0.08,0,0,0,0,0,0,0,0,3,0,0.34,2.95,0,0,0,0.01,0,0,0,1.68,4.71,0,0,4,40,46.31,0,0.16999999999999998,3,3.29,4,6.39,0,-0.74,0,-4.23,-2.0799999999999983,0,-0.09,-0.08,0,0,0,0,-0.34,0.04999999999999982,0,-0.01,0,-1.68,-0.71,-6.310000000000002,-0.16999999999999998,-0.29000000000000004,-2.3899999999999997,24,24,39,168,168,19,19,17,17.01,215,215,152,191.39,191.39000000000001,141.01,0,0,2,0.4,0.4,1.54,0,0,0,0,0,0,7,7,11,8.26,8.25,9.1,0,0,0.4,0.4,0,0,8.43,38.52,23.42,8.6,40.5,27.2,2,1.9900000000000002,23.610000000000014,23.609999999999992,10.989999999999998,-0.4,-0.4,0.45999999999999996,0,0,0,-1.2599999999999998,-1.2500000000000002,1.9,-0.4,-0.4,0.16999999999999993,1.9799999999999989,3.7799999999999994,367,332.4,34.599999999999994,2,1.94,0.05999999999999994,18,17.35,0.6499999999999997,67.7,61.940000000000005,5.759999999999998
2026,NYJ,1,2026_01_NYJ_TEN,00-0039451,Isaiah Williams,WR,0,1,0,0,7,0,1,0,0.7,0,7,0,0,7.78,0,0,0,0,0,0,0,0,0,0,0,0,0,0,1,0,0,0.72,0,0,0,0,0.02,0,0,0,1.5,0,0,1.7,0,7,7.78,0,0,1,0.72,1.7,1.5,0,0.30000000000000004,0,-0.7800000000000002,0,0,0,0,0,0,0,0,0.28,0,0,-0.02,0,0.19999999999999996,0,-0.7800000000000002,0,0.28,0.19999999999999996,24,24,39,168,168,19,19,17,17.01,215,215,152,191.39,191.39000000000001,141.01,0,0,2,0.4,0.4,1.54,0,0,0,0,0,0,7,7,11,8.26,8.25,9.1,0,0,0.4,0.4,0,0,8.43,38.52,23.42,8.6,40.5,27.2,2,1.9900000000000002,23.610000000000014,23.609999999999992,10.989999999999998,-0.4,-0.4,0.45999999999999996,0,0,0,-1.2599999999999998,-1.2500000000000002,1.9,-0.4,-0.4,0.16999999999999993,1.9799999999999989,3.7799999999999994,367,332.4,34.599999999999994,2,1.94,0.05999999999999994,18,17.35,0.6499999999999997,67.7,61.940000000000005,5.759999999999998
2026,NYJ,1,2026_01_NYJ_TEN,NA,NA,NA,0,1,0,0,12,0,0,0,0.38,0,0,0,0,6.03,0,0,0,0,0,0,0,0,0,0,0,0,0,0,0,0,0,0.36,0,0,0,0,0.03,0,0,0,0.99,0,0,0,0,0,6.03,0,0,0,0.36,0,0.99,0,-0.38,0,-6.03,0,0,0,0,0,0,0,0,-0.36,0,0,-0.03,0,-0.99,0,-6.03,0,-0.36,-0.99,24,24,39,168,168,19,19,17,17.01,215,215,152,191.39,191.39000000000001,141.01,0,0,2,0.4,0.4,1.54,0,0,0,0,0,0,7,7,11,8.26,8.25,9.1,0,0,0.4,0.4,0,0,8.43,38.52,23.42,8.6,40.5,27.2,2,1.9900000000000002,23.610000000000014,23.609999999999992,10.989999999999998,-0.4,-0.4,0.45999999999999996,0,0,0,-1.2599999999999998,-1.2500000000000002,1.9,-0.4,-0.4,0.16999999999999993,1.9799999999999989,3.7799999999999994,367,332.4,34.599999999999994,2,1.94,0.05999999999999994,18,17.35,0.6499999999999997,67.7,61.940000000000005,5.759999999999998
2026,NYJ,1,2026_01_NYJ_TEN,00-0039890,Adonai Mitchell,WR,0,3,0,0,59,0,3,0,1.69,0,60,0,0,32.55,0,0,0,0,0,0.09,0,0,0,0,0,0,0,0,2,0,0,1.1,0,0,0,0,0.12,0,0,0,5.48,0,0,9,0,60,32.55,0,0.09,2,1.1,9,5.48,0,1.31,0,27.450000000000003,0,0,-0.09,0,0,0,0,0,0.8999999999999999,0,0,-0.12,0,3.5199999999999996,0,27.450000000000003,-0.09,0.8999999999999999,3.5199999999999996,24,24,39,168,168,19,19,17,17.01,215,215,152,191.39,191.39000000000001,141.01,0,0,2,0.4,0.4,1.54,0,0,0,0,0,0,7,7,11,8.26,8.25,9.1,0,0,0.4,0.4,0,0,8.43,38.52,23.42,8.6,40.5,27.2,2,1.9900000000000002,23.610000000000014,23.609999999999992,10.989999999999998,-0.4,-0.4,0.45999999999999996,0,0,0,-1.2599999999999998,-1.2500000000000002,1.9,-0.4,-0.4,0.16999999999999993,1.9799999999999989,3.7799999999999994,367,332.4,34.599999999999994,2,1.94,0.05999999999999994,18,17.35,0.6499999999999997,67.7,61.940000000000005,5.759999999999998
2026,TEN,1,2026_01_NYJ_TEN,00-0040170,Elic Ayomanor,WR,0,3,0,0,41,0,1,0,1.16,0,11,0,0,18.01,0,0,1,0,0,0.61,0,0,0,0,0,0,0,0,1,0,0,1.28,0,0,0,0,0.14,0,0,0,6.63,0,0,8.1,0,11,18.01,1,0.61,1,1.28,8.1,6.63,0,-0.15999999999999992,0,-7.010000000000002,0,0,0.39,0,0,0,0,0,-0.28,0,0,-0.14,0,1.4699999999999998,0,-7.010000000000002,0.39,-0.28,1.4699999999999998,32,32,14,190,190,19,19,20.9,20.91,140,140,68,204.51,204.51,74.13,1,1,0,1.2,1.19,0.09,0,0,0,0,0,0,6,6,4,11.67,11.66,3.95,0,0,0.82,0.82,0,0,11.34,48.57,7.93,9.6,39,6.8,-1.8999999999999986,-1.91,-64.50999999999999,-64.51,-6.1299999999999955,-0.19999999999999996,-0.19000000000000003,-0.09,0,0,0,-5.67,-5.66,0.050000000000000044,-0.82,-0.82,-1.7400000000000002,-9.569999999999999,-1.13,208,278.64,-70.64,1,1.28,-0.28,10,15.61,-5.61,45.8,56.5,-10.7
2026,TEN,1,2026_01_NYJ_TEN,00-0039032,Tyjae Spears,RB,0,4,3,0,-12,0,2,0,3.22,0,12,12,0,20.64,14.36,0,0,0,0,0.04,0.05,0,0,0,0,0,0,0,0,1,0,1.31,1.01,0,0,0,0.04,0,0,0,5.5,1.76,0,3.2,1.2,24,35,0,0.09,1,2.3200000000000003,4.4,7.26,0,-1.2200000000000002,0,-8.64,-2.3599999999999994,0,-0.04,-0.05,0,0,0,0,-1.31,-0.010000000000000009,0,-0.04,0,-2.3,-0.56,-11,-0.09,-1.3200000000000003,-2.8599999999999994,32,32,14,190,190,19,19,20.9,20.91,140,140,68,204.51,204.51,74.13,1,1,0,1.2,1.19,0.09,0,0,0,0,0,0,6,6,4,11.67,11.66,3.95,0,0,0.82,0.82,0,0,11.34,48.57,7.93,9.6,39,6.8,-1.8999999999999986,-1.91,-64.50999999999999,-64.51,-6.1299999999999955,-0.19999999999999996,-0.19000000000000003,-0.09,0,0,0,-5.67,-5.66,0.050000000000000044,-0.82,-0.82,-1.7400000000000002,-9.569999999999999,-1.13,208,278.64,-70.64,1,1.28,-0.28,10,15.61,-5.61,45.8,56.5,-10.7
2026,NYJ,1,2026_01_NYJ_TEN,00-0040582,Arian Smith,WR,0,1,0,0,4,0,0,0,0.81,0,0,0,0,7.21,0,0,0,0,0,0.01,0,0,0,0,0,0,0,0,0,0,0,0.07,0,0,0,0,0.01,0,0,0,1.58,0,0,0,0,0,7.21,0,0.01,0,0.07,0,1.58,0,-0.81,0,-7.21,0,0,-0.01,0,0,0,0,0,-0.07,0,0,-0.01,0,-1.58,0,-7.21,-0.01,-0.07,-1.58,24,24,39,168,168,19,19,17,17.01,215,215,152,191.39,191.39000000000001,141.01,0,0,2,0.4,0.4,1.54,0,0,0,0,0,0,7,7,11,8.26,8.25,9.1,0,0,0.4,0.4,0,0,8.43,38.52,23.42,8.6,40.5,27.2,2,1.9900000000000002,23.610000000000014,23.609999999999992,10.989999999999998,-0.4,-0.4,0.45999999999999996,0,0,0,-1.2599999999999998,-1.2500000000000002,1.9,-0.4,-0.4,0.16999999999999993,1.9799999999999989,3.7799999999999994,367,332.4,34.599999999999994,2,1.94,0.05999999999999994,18,17.35,0.6499999999999997,67.7,61.940000000000005,5.759999999999998
2026,NYJ,1,2026_01_NYJ_TEN,00-0037805,Jeremy Ruckert,TE,0,1,0,0,1,0,1,0,0.81,0,4,0,0,7.13,0,0,0,0,0,0,0,0,0,0,0,0,0,0,0,0,0,0.22,0,0,0,0,0,0,0,0,1.54,0,0,1.4,0,4,7.13,0,0,0,0.22,1.4,1.54,0,0.18999999999999995,0,-3.13,0,0,0,0,0,0,0,0,-0.22,0,0,0,0,-0.14000000000000012,0,-3.13,0,-0.22,-0.14000000000000012,24,24,39,168,168,19,19,17,17.01,215,215,152,191.39,191.39000000000001,141.01,0,0,2,0.4,0.4,1.54,0,0,0,0,0,0,7,7,11,8.26,8.25,9.1,0,0,0.4,0.4,0,0,8.43,38.52,23.42,8.6,40.5,27.2,2,1.9900000000000002,23.610000000000014,23.609999999999992,10.989999999999998,-0.4,-0.4,0.45999999999999996,0,0,0,-1.2599999999999998,-1.2500000000000002,1.9,-0.4,-0.4,0.16999999999999993,1.9799999999999989,3.7799999999999994,367,332.4,34.599999999999994,2,1.94,0.05999999999999994,18,17.35,0.6499999999999997,67.7,61.940000000000005,5.759999999999998
2026,LA,1,2026_01_SF_LA,00-0026498,Matthew Stafford,QB,25,0,2,232,0,15,0,16.09,0,155,0,-1,189.35,0,-0.46,0,0,0,1.01,0,0.6,0,0,0,0,0,0,5,0,0,9.44,0,0.71,1,0,0.62,0,0,0,10.4,0,3.54,4.2,0,-0.1,154,188.89,0,1.6099999999999999,5,10.149999999999999,4.1000000000000005,13.940000000000001,-1.0899999999999999,0,-34.349999999999994,0,-0.54,-1.01,0,-0.6,0,0,0,-4.4399999999999995,0,-0.71,0.38,0,-6.2,0,-3.64,-34.889999999999986,-1.6099999999999999,-5.149999999999999,-9.84,28,28,29,255,255,17,17,18.13,18.12,168,168,122,212.42,212.42000000000002,121.7,0,0,1,1.05,1.04,1.56,0,0,0,0,0,0,6,6,7,11.28,11.290000000000001,8.81,1,1,0.71,0.73,1,0,11.290000000000001,45.68,21.48,4.720000000000001,31.8,18.2,-1.13,-1.1199999999999997,-44.419999999999995,-44.42000000000001,0.3000000000000016,-1.05,-1.04,-0.5599999999999999,0,0,0,-5.279999999999999,-5.29,-1.8099999999999998,0.29000000000000004,0.27,-6.57,-13.879999999999999,-3.2799999999999994,290,334.12,-44.120000000000005,1,2.6,-1.6,13,20.1,-7.1,50,67.16,-17.159999999999997
2026,LA,1,2026_01_SF_LA,00-0039075,Puka Nacua,WR,0,9,0,0,115,0,5,0,5.52,0,74,0,0,80.42,0,0,0,0,0,0.71,0,0,0,0,0,0,0,0,2,0,0,4.23,0,0,1,0,0.26,0,0,0,17.84,0,0,12.4,0,74,80.42,0,0.71,2,4.23,12.4,17.84,0,-0.5199999999999996,0,-6.420000000000002,0,0,-0.71,0,0,0,0,0,-2.2300000000000004,0,0,0.74,0,-5.4399999999999995,0,-6.420000000000002,-0.71,-2.2300000000000004,-5.4399999999999995,28,28,29,255,255,17,17,18.13,18.12,168,168,122,212.42,212.42000000000002,121.7,0,0,1,1.05,1.04,1.56,0,0,0,0,0,0,6,6,7,11.28,11.290000000000001,8.81,1,1,0.71,0.73,1,0,11.290000000000001,45.68,21.48,4.720000000000001,31.8,18.2,-1.13,-1.1199999999999997,-44.419999999999995,-44.42000000000001,0.3000000000000016,-1.05,-1.04,-0.5599999999999999,0,0,0,-5.279999999999999,-5.29,-1.8099999999999998,0.29000000000000004,0.27,-6.57,-13.879999999999999,-3.2799999999999994,290,334.12,-44.120000000000005,1,2.6,-1.6,13,20.1,-7.1,50,67.16,-17.159999999999997
2026,SF,1,2026_01_SF_LA,00-0037834,Brock Purdy,QB,34,0,5,149,0,25,0,24.83,0,205,0,29,222.71,0,20.34,3,0,0,3.3,0,0.04,0,0,0,0,0,0,12,0,4,14.69,0,2.72,1,0,0.44,0,0,0,21.22,0,2.28,18.2,0,2.9,234,243.05,3,3.34,16,17.41,21.099999999999998,23.5,0.1700000000000017,0,-17.710000000000008,0,8.66,-0.2999999999999998,0,-0.04,0,0,0,-2.6899999999999995,0,1.2799999999999998,0.56,0,-3.0199999999999996,0,0.6200000000000001,-9.050000000000011,-0.33999999999999986,-1.4100000000000001,-2.400000000000002,34,34,30,149,149,25,25,24.83,24.84,205,205,174,222.71,222.70000000000002,126.32000000000001,3,3,0,3.3,3.29,0.29000000000000004,0,0,0,0,0,0,12,12,10,14.69,14.68,7.15,1,1,0.44,0.43,0,0,21.22,66.87,14.39,18.2,63.5,17.4,0.1700000000000017,0.16000000000000014,-17.710000000000008,-17.700000000000006,47.67999999999999,-0.2999999999999998,-0.2899999999999999,-0.29000000000000004,0,0,0,-2.6899999999999995,-2.6799999999999997,2.8499999999999996,0.56,0.57,-3.0199999999999996,-3.370000000000002,3.01,379,349.02000000000004,29.979999999999986,3,3.58,-0.58,22,21.83,0.16999999999999993,80.9,81.26,-0.3600000000000021
2026,SF,1,2026_01_SF_LA,00-0033288,George Kittle,TE,0,5,0,0,38,0,2,0,3.55,0,12,0,0,38.65,0,0,0,0,0,0.64,0,0,0,0,0,0,0,0,0,0,0,2.09,0,0,1,0,0.07,0,0,0,11.25,0,0,3.2,0,12,38.65,0,0.64,0,2.09,3.2,11.25,0,-1.5499999999999998,0,-26.65,0,0,-0.64,0,0,0,0,0,-2.09,0,0,0.9299999999999999,0,-8.05,0,-26.65,-0.64,-2.09,-8.05,34,34,30,149,149,25,25,24.83,24.84,205,205,174,222.71,222.70000000000002,126.32000000000001,3,3,0,3.3,3.29,0.29000000000000004,0,0,0,0,0,0,12,12,10,14.69,14.68,7.15,1,1,0.44,0.43,0,0,21.22,66.87,14.39,18.2,63.5,17.4,0.1700000000000017,0.16000000000000014,-17.710000000000008,-17.700000000000006,47.67999999999999,-0.2999999999999998,-0.2899999999999999,-0.29000000000000004,0,0,0,-2.6899999999999995,-2.6799999999999997,2.8499999999999996,0.56,0.57,-3.0199999999999996,-3.370000000000002,3.01,379,349.02000000000004,29.979999999999986,3,3.58,-0.58,22,21.83,0.16999999999999993,80.9,81.26,-0.3600000000000021
2026,SF,1,2026_01_SF_LA,00-0031408,Mike Evans,WR,0,7,0,0,55,0,6,0,4.58,0,49,0,0,50.31,0,0,1,0,0,0.67,0,0,0,0,0,0,0,0,6,0,0,4.21,0,0,0,0,0.11,0,0,0,13.65,0,0,16.9,0,49,50.31,1,0.67,6,4.21,16.9,13.65,0,1.42,0,-1.3100000000000023,0,0,0.32999999999999996,0,0,0,0,0,1.79,0,0,-0.11,0,3.2499999999999982,0,-1.3100000000000023,0.32999999999999996,1.79,3.2499999999999982,34,34,30,149,149,25,25,24.83,24.84,205,205,174,222.71,222.70000000000002,126.32000000000001,3,3,0,3.3,3.29,0.29000000000000004,0,0,0,0,0,0,12,12,10,14.69,14.68,7.15,1,1,0.44,0.43,0,0,21.22,66.87,14.39,18.2,63.5,17.4,0.1700000000000017,0.16000000000000014,-17.710000000000008,-17.700000000000006,47.67999999999999,-0.2999999999999998,-0.2899999999999999,-0.29000000000000004,0,0,0,-2.6899999999999995,-2.6799999999999997,2.8499999999999996,0.56,0.57,-3.0199999999999996,-3.370000000000002,3.01,379,349.02000000000004,29.979999999999986,3,3.58,-0.58,22,21.83,0.16999999999999993,80.9,81.26,-0.3600000000000021
2026,SF,1,2026_01_SF_LA,00-0035719,Deebo Samuel Sr.,WR,0,7,1,0,17,0,6,0,5.51,0,48,12,0,39.85,4.75,0,1,0,0,1.13,0,0,0,0,0,0,0,0,3,1,0,3.03,0.07,0,0,0,0.06,0,0,0,16.28,0.49,0,16.8,1.2,60,44.6,1,1.13,4,3.0999999999999996,18,16.77,0,0.4900000000000002,0,8.149999999999999,7.25,0,-0.1299999999999999,0,0,0,0,0,-0.029999999999999805,0.9299999999999999,0,-0.06,0,0.5199999999999996,0.71,15.399999999999999,-0.1299999999999999,0.9000000000000004,1.2300000000000004,34,34,30,149,149,25,25,24.83,24.84,205,205,174,222.71,222.70000000000002,126.32000000000001,3,3,0,3.3,3.29,0.29000000000000004,0,0,0,0,0,0,12,12,10,14.69,14.68,7.15,1,1,0.44,0.43,0,0,21.22,66.87,14.39,18.2,63.5,17.4,0.1700000000000017,0.16000000000000014,-17.710000000000008,-17.700000000000006,47.67999999999999,-0.2999999999999998,-0.2899999999999999,-0.29000000000000004,0,0,0,-2.6899999999999995,-2.6799999999999997,2.8499999999999996,0.56,0.57,-3.0199999999999996,-3.370000000000002,3.01,379,349.02000000000004,29.979999999999986,3,3.58,-0.58,22,21.83,0.16999999999999993,80.9,81.26,-0.3600000000000021
2026,SF,1,2026_01_SF_LA,00-0041052,Kaelon Black,RB,0,1,14,0,-5,0,1,0,0.66,0,5,65,0,4.25,60.02,0,0,0,0,0.01,0.08,0,0,0,0,0,0,0,0,3,0,0.23,3,0,0,0,0.01,0,0,0,1.14,6.49,0,1.5,6.5,70,64.27000000000001,0,0.09,3,3.23,8,7.63,0,0.33999999999999997,0,0.75,4.979999999999997,0,-0.01,-0.08,0,0,0,0,-0.23,0,0,-0.01,0,0.3600000000000001,0.009999999999999787,5.72999999999999,-0.09,-0.22999999999999998,0.3700000000000001,34,34,30,149,149,25,25,24.83,24.84,205,205,174,222.71,222.70000000000002,126.32000000000001,3,3,0,3.3,3.29,0.29000000000000004,0,0,0,0,0,0,12,12,10,14.69,14.68,7.15,1,1,0.44,0.43,0,0,21.22,66.87,14.39,18.2,63.5,17.4,0.1700000000000017,0.16000000000000014,-17.710000000000008,-17.700000000000006,47.67999999999999,-0.2999999999999998,-0.2899999999999999,-0.29000000000000004,0,0,0,-2.6899999999999995,-2.6799999999999997,2.8499999999999996,0.56,0.57,-3.0199999999999996,-3.370000000000002,3.01,379,349.02000000000004,29.979999999999986,3,3.58,-0.58,22,21.83,0.16999999999999993,80.9,81.26,-0.3600000000000021
2026,SF,1,2026_01_SF_LA,00-0033280,Christian McCaffrey,RB,0,8,10,0,-3,0,5,0,6.53,0,20,68,0,52.77,41.21,0,0,0,0,0.08,0.17,0,0,0,0,0,0,0,0,2,0,3.29,1.36,0,0,0,0.04,0,0,0,12.29,5.13,0,7,6.8,88,93.98,0,0.25,2,4.65,13.8,17.419999999999998,0,-1.5300000000000002,0,-32.77,26.79,0,-0.08,-0.17,0,0,0,0,-3.29,0.6399999999999999,0,-0.04,0,-5.289999999999999,1.67,-5.980000000000004,-0.25,-2.6500000000000004,-3.6199999999999974,34,34,30,149,149,25,25,24.83,24.84,205,205,174,222.71,222.70000000000002,126.32000000000001,3,3,0,3.3,3.29,0.29000000000000004,0,0,0,0,0,0,12,12,10,14.69,14.68,7.15,1,1,0.44,0.43,0,0,21.22,66.87,14.39,18.2,63.5,17.4,0.1700000000000017,0.16000000000000014,-17.710000000000008,-17.700000000000006,47.67999999999999,-0.2999999999999998,-0.2899999999999999,-0.29000000000000004,0,0,0,-2.6899999999999995,-2.6799999999999997,2.8499999999999996,0.56,0.57,-3.0199999999999996,-3.370000000000002,3.01,379,349.02000000000004,29.979999999999986,3,3.58,-0.58,22,21.83,0.16999999999999993,80.9,81.26,-0.3600000000000021
2026,SF,1,2026_01_SF_LA,00-0032775,Demarcus Robinson,WR,0,3,0,0,45,0,2,0,1.49,0,50,0,0,17.5,0,0,1,0,0,0.75,0,0,0,0,0,0,0,0,2,0,0,1.19,0,0,0,0,0.12,0,0,0,7.76,0,0,13,0,50,17.5,1,0.75,2,1.19,13,7.76,0,0.51,0,32.5,0,0,0.25,0,0,0,0,0,0.81,0,0,-0.12,0,5.24,0,32.5,0.25,0.81,5.24,34,34,30,149,149,25,25,24.83,24.84,205,205,174,222.71,222.70000000000002,126.32000000000001,3,3,0,3.3,3.29,0.29000000000000004,0,0,0,0,0,0,12,12,10,14.69,14.68,7.15,1,1,0.44,0.43,0,0,21.22,66.87,14.39,18.2,63.5,17.4,0.1700000000000017,0.16000000000000014,-17.710000000000008,-17.700000000000006,47.67999999999999,-0.2999999999999998,-0.2899999999999999,-0.29000000000000004,0,0,0,-2.6899999999999995,-2.6799999999999997,2.8499999999999996,0.56,0.57,-3.0199999999999996,-3.370000000000002,3.01,379,349.02000000000004,29.979999999999986,3,3.58,-0.58,22,21.83,0.16999999999999993,80.9,81.26,-0.3600000000000021
2026,LA,1,2026_01_SF_LA,00-0037840,Kyren Williams,RB,0,3,11,0,7,0,3,0,2.14,0,24,41,0,17.73,42.1,0,0,1,0,0,0.74,0,0,0,0,0,0,0,1,3,0,0.64,2.42,0,0,0,0.03,0,0,0,3.93,8.62,0,5.4,10.1,65,59.83,1,0.74,4,3.06,15.5,12.549999999999999,0,0.8599999999999999,0,6.27,-1.1000000000000014,0,0,0.26,0,0,0,0,0.36,0.5800000000000001,0,-0.03,0,1.4700000000000002,1.4800000000000004,5.170000000000002,0.26,0.94,2.950000000000001,28,28,29,255,255,17,17,18.13,18.12,168,168,122,212.42,212.42000000000002,121.7,0,0,1,1.05,1.04,1.56,0,0,0,0,0,0,6,6,7,11.28,11.290000000000001,8.81,1,1,0.71,0.73,1,0,11.290000000000001,45.68,21.48,4.720000000000001,31.8,18.2,-1.13,-1.1199999999999997,-44.419999999999995,-44.42000000000001,0.3000000000000016,-1.05,-1.04,-0.5599999999999999,0,0,0,-5.279999999999999,-5.29,-1.8099999999999998,0.29000000000000004,0.27,-6.57,-13.879999999999999,-3.2799999999999994,290,334.12,-44.120000000000005,1,2.6,-1.6,13,20.1,-7.1,50,67.16,-17.159999999999997
2026,LA,1,2026_01_SF_LA,00-0031381,Davante Adams,WR,0,6,0,0,73,0,3,0,3.51,0,26,0,0,48.34,0,0,0,0,0,0.05,0,0,0,0,0,0,0,0,1,0,0,2.11,0,0,0,0,0.18,0,0,0,8.67,0,0,5.6,0,26,48.34,0,0.05,1,2.11,5.6,8.67,0,-0.5099999999999998,0,-22.340000000000003,0,0,-0.05,0,0,0,0,0,-1.1099999999999999,0,0,-0.18,0,-3.0700000000000003,0,-22.340000000000003,-0.05,-1.1099999999999999,-3.0700000000000003,28,28,29,255,255,17,17,18.13,18.12,168,168,122,212.42,212.42000000000002,121.7,0,0,1,1.05,1.04,1.56,0,0,0,0,0,0,6,6,7,11.28,11.290000000000001,8.81,1,1,0.71,0.73,1,0,11.290000000000001,45.68,21.48,4.720000000000001,31.8,18.2,-1.13,-1.1199999999999997,-44.419999999999995,-44.42000000000001,0.3000000000000016,-1.05,-1.04,-0.5599999999999999,0,0,0,-5.279999999999999,-5.29,-1.8099999999999998,0.29000000000000004,0.27,-6.57,-13.879999999999999,-3.2799999999999994,290,334.12,-44.120000000000005,1,2.6,-1.6,13,20.1,-7.1,50,67.16,-17.159999999999997
2026,SF,1,2026_01_SF_LA,00-0036887,Luke Farrell,TE,0,2,0,0,3,0,2,0,1.64,0,19,0,0,13.31,0,0,0,0,0,0.01,0,0,0,0,0,0,0,0,1,0,0,0.45,0,0,0,0,0.01,0,0,0,3,0,0,3.9,0,19,13.31,0,0.01,1,0.45,3.9,3,0,0.3600000000000001,0,5.6899999999999995,0,0,-0.01,0,0,0,0,0,0.55,0,0,-0.01,0,0.8999999999999999,0,5.6899999999999995,-0.01,0.55,0.8999999999999999,34,34,30,149,149,25,25,24.83,24.84,205,205,174,222.71,222.70000000000002,126.32000000000001,3,3,0,3.3,3.29,0.29000000000000004,0,0,0,0,0,0,12,12,10,14.69,14.68,7.15,1,1,0.44,0.43,0,0,21.22,66.87,14.39,18.2,63.5,17.4,0.1700000000000017,0.16000000000000014,-17.710000000000008,-17.700000000000006,47.67999999999999,-0.2999999999999998,-0.2899999999999999,-0.29000000000000004,0,0,0,-2.6899999999999995,-2.6799999999999997,2.8499999999999996,0.56,0.57,-3.0199999999999996,-3.370000000000002,3.01,379,349.02000000000004,29.979999999999986,3,3.58,-0.58,22,21.83,0.16999999999999993,80.9,81.26,-0.3600000000000021
2026,LA,1,2026_01_SF_LA,NA,NA,NA,0,1,0,0,-4,0,0,0,0.68,0,0,0,0,3.05,0,0,0,0,0,0.01,0,0,0,0,0,0,0,0,0,0,0,0.15,0,0,0,0,0.01,0,0,0,1.05,0,0,0,0,0,3.05,0,0.01,0,0.15,0,1.05,0,-0.68,0,-3.05,0,0,-0.01,0,0,0,0,0,-0.15,0,0,-0.01,0,-1.05,0,-3.05,-0.01,-0.15,-1.05,28,28,29,255,255,17,17,18.13,18.12,168,168,122,212.42,212.42000000000002,121.7,0,0,1,1.05,1.04,1.56,0,0,0,0,0,0,6,6,7,11.28,11.290000000000001,8.81,1,1,0.71,0.73,1,0,11.290000000000001,45.68,21.48,4.720000000000001,31.8,18.2,-1.13,-1.1199999999999997,-44.419999999999995,-44.42000000000001,0.3000000000000016,-1.05,-1.04,-0.5599999999999999,0,0,0,-5.279999999999999,-5.29,-1.8099999999999998,0.29000000000000004,0.27,-6.57,-13.879999999999999,-3.2799999999999994,290,334.12,-44.120000000000005,1,2.6,-1.6,13,20.1,-7.1,50,67.16,-17.159999999999997
2026,SF,1,2026_01_SF_LA,00-0032701,Jake Brendel,OL,0,1,0,0,-1,0,1,0,0.88,0,2,0,0,6.06,0,0,0,0,0,0,0,0,0,0,0,0,0,0,0,0,0,0.19,0,0,0,0,0.01,0,0,0,1.5,0,0,1.2,0,2,6.06,0,0,0,0.19,1.2,1.5,0,0.12,0,-4.06,0,0,0,0,0,0,0,0,-0.19,0,0,-0.01,0,-0.30000000000000004,0,-4.06,0,-0.19,-0.30000000000000004,34,34,30,149,149,25,25,24.83,24.84,205,205,174,222.71,222.70000000000002,126.32000000000001,3,3,0,3.3,3.29,0.29000000000000004,0,0,0,0,0,0,12,12,10,14.69,14.68,7.15,1,1,0.44,0.43,0,0,21.22,66.87,14.39,18.2,63.5,17.4,0.1700000000000017,0.16000000000000014,-17.710000000000008,-17.700000000000006,47.67999999999999,-0.2999999999999998,-0.2899999999999999,-0.29000000000000004,0,0,0,-2.6899999999999995,-2.6799999999999997,2.8499999999999996,0.56,0.57,-3.0199999999999996,-3.370000000000002,3.01,379,349.02000000000004,29.979999999999986,3,3.58,-0.58,22,21.83,0.16999999999999993,80.9,81.26,-0.3600000000000021
2026,LA,1,2026_01_SF_LA,00-0036244,Colby Parkinson,TE,0,2,0,0,9,0,1,0,1.55,0,6,0,0,12.24,0,0,0,0,0,0.21,0,0,0,0,0,0,0,0,0,0,0,0.32,0,0,0,0,0.02,0,0,0,4.01,0,0,1.6,0,6,12.24,0,0.21,0,0.32,1.6,4.01,0,-0.55,0,-6.24,0,0,-0.21,0,0,0,0,0,-0.32,0,0,-0.02,0,-2.4099999999999997,0,-6.24,-0.21,-0.32,-2.4099999999999997,28,28,29,255,255,17,17,18.13,18.12,168,168,122,212.42,212.42000000000002,121.7,0,0,1,1.05,1.04,1.56,0,0,0,0,0,0,6,6,7,11.28,11.290000000000001,8.81,1,1,0.71,0.73,1,0,11.290000000000001,45.68,21.48,4.720000000000001,31.8,18.2,-1.13,-1.1199999999999997,-44.419999999999995,-44.42000000000001,0.3000000000000016,-1.05,-1.04,-0.5599999999999999,0,0,0,-5.279999999999999,-5.29,-1.8099999999999998,0.29000000000000004,0.27,-6.57,-13.879999999999999,-3.2799999999999994,290,334.12,-44.120000000000005,1,2.6,-1.6,13,20.1,-7.1,50,67.16,-17.159999999999997
2026,LA,1,2026_01_SF_LA,00-0039074,Davis Allen,TE,0,1,0,0,-1,0,1,0,0.86,0,13,0,0,6.74,0,0,0,0,0,0,0,0,0,0,0,0,0,0,1,0,0,0.68,0,0,0,0,0.01,0,0,0,1.55,0,0,2.3,0,13,6.74,0,0,1,0.68,2.3,1.55,0,0.14,0,6.26,0,0,0,0,0,0,0,0,0.31999999999999995,0,0,-0.01,0,0.7499999999999998,0,6.26,0,0.31999999999999995,0.7499999999999998,28,28,29,255,255,17,17,18.13,18.12,168,168,122,212.42,212.42000000000002,121.7,0,0,1,1.05,1.04,1.56,0,0,0,0,0,0,6,6,7,11.28,11.290000000000001,8.81,1,1,0.71,0.73,1,0,11.290000000000001,45.68,21.48,4.720000000000001,31.8,18.2,-1.13,-1.1199999999999997,-44.419999999999995,-44.42000000000001,0.3000000000000016,-1.05,-1.04,-0.5599999999999999,0,0,0,-5.279999999999999,-5.29,-1.8099999999999998,0.29000000000000004,0.27,-6.57,-13.879999999999999,-3.2799999999999994,290,334.12,-44.120000000000005,1,2.6,-1.6,13,20.1,-7.1,50,67.16,-17.159999999999997
2026,LA,1,2026_01_SF_LA,00-0033110,Tyler Higbee,TE,0,2,0,0,9,0,2,0,1.56,0,12,0,0,13.55,0,0,0,0,0,0,0,0,0,0,0,0,0,0,0,0,0,1.04,0,0,0,0,0.02,1,0,0,2.93,0,0,1.2,0,12,13.55,0,0,0,1.04,1.2,2.93,0,0.43999999999999995,0,-1.5500000000000007,0,0,0,0,0,0,0,0,-1.04,0,0,-0.02,0,-1.7300000000000002,0,-1.5500000000000007,0,-1.04,-1.7300000000000002,28,28,29,255,255,17,17,18.13,18.12,168,168,122,212.42,212.42000000000002,121.7,0,0,1,1.05,1.04,1.56,0,0,0,0,0,0,6,6,7,11.28,11.290000000000001,8.81,1,1,0.71,0.73,1,0,11.290000000000001,45.68,21.48,4.720000000000001,31.8,18.2,-1.13,-1.1199999999999997,-44.419999999999995,-44.42000000000001,0.3000000000000016,-1.05,-1.04,-0.5599999999999999,0,0,0,-5.279999999999999,-5.29,-1.8099999999999998,0.29000000000000004,0.27,-6.57,-13.879999999999999,-3.2799999999999994,290,334.12,-44.120000000000005,1,2.6,-1.6,13,20.1,-7.1,50,67.16,-17.159999999999997
2026,LA,1,2026_01_SF_LA,00-0040737,Terrance Ferguson,TE,0,1,0,0,24,0,0,0,0.26,0,0,0,0,7.28,0,0,0,0,0,0.02,0,0,0,0,0,0,0,0,0,0,0,0.28,0,0,0,0,0.1,0,0,0,1.13,0,0,0,0,0,7.28,0,0.02,0,0.28,0,1.13,0,-0.26,0,-7.28,0,0,-0.02,0,0,0,0,0,-0.28,0,0,-0.1,0,-1.13,0,-7.28,-0.02,-0.28,-1.13,28,28,29,255,255,17,17,18.13,18.12,168,168,122,212.42,212.42000000000002,121.7,0,0,1,1.05,1.04,1.56,0,0,0,0,0,0,6,6,7,11.28,11.290000000000001,8.81,1,1,0.71,0.73,1,0,11.290000000000001,45.68,21.48,4.720000000000001,31.8,18.2,-1.13,-1.1199999999999997,-44.419999999999995,-44.42000000000001,0.3000000000000016,-1.05,-1.04,-0.5599999999999999,0,0,0,-5.279999999999999,-5.29,-1.8099999999999998,0.29000000000000004,0.27,-6.57,-13.879999999999999,-3.2799999999999994,290,334.12,-44.120000000000005,1,2.6,-1.6,13,20.1,-7.1,50,67.16,-17.159999999999997
2026,LA,1,2026_01_SF_LA,00-0039107,Stetson Bennett,QB,3,0,1,23,0,2,0,2.04,0,13,0,9,23.07,0,8.06,0,0,0,0.04,0,0,0,0,0,0,0,0,1,0,1,1.84,0,0.73,0,0,0.09,0,0,0,0.89,0,0.83,0.52,0,0.9,22,31.130000000000003,0,0.04,2,2.5700000000000003,1.42,1.72,-0.040000000000000036,0,-10.07,0,0.9399999999999995,-0.04,0,0,0,0,0,-0.8400000000000001,0,0.27,-0.09,0,-0.37,0,0.07000000000000006,-9.130000000000003,-0.04,-0.5700000000000003,-0.30000000000000004,28,28,29,255,255,17,17,18.13,18.12,168,168,122,212.42,212.42000000000002,121.7,0,0,1,1.05,1.04,1.56,0,0,0,0,0,0,6,6,7,11.28,11.290000000000001,8.81,1,1,0.71,0.73,1,0,11.290000000000001,45.68,21.48,4.720000000000001,31.8,18.2,-1.13,-1.1199999999999997,-44.419999999999995,-44.42000000000001,0.3000000000000016,-1.05,-1.04,-0.5599999999999999,0,0,0,-5.279999999999999,-5.29,-1.8099999999999998,0.29000000000000004,0.27,-6.57,-13.879999999999999,-3.2799999999999994,290,334.12,-44.120000000000005,1,2.6,-1.6,13,20.1,-7.1,50,67.16,-17.159999999999997
2026,LA,1,2026_01_SF_LA,00-0040590,Konata Mumpfield,WR,0,1,0,0,13,0,0,0,0.54,0,0,0,0,9.09,0,0,0,0,0,0.01,0,0,0,0,0,0,0,0,0,0,0,0.61,0,0,0,0,0.06,0,0,0,1.52,0,0,0,0,0,9.09,0,0.01,0,0.61,0,1.52,0,-0.54,0,-9.09,0,0,-0.01,0,0,0,0,0,-0.61,0,0,-0.06,0,-1.52,0,-9.09,-0.01,-0.61,-1.52,28,28,29,255,255,17,17,18.13,18.12,168,168,122,212.42,212.42000000000002,121.7,0,0,1,1.05,1.04,1.56,0,0,0,0,0,0,6,6,7,11.28,11.290000000000001,8.81,1,1,0.71,0.73,1,0,11.290000000000001,45.68,21.48,4.720000000000001,31.8,18.2,-1.13,-1.1199999999999997,-44.419999999999995,-44.42000000000001,0.3000000000000016,-1.05,-1.04,-0.5599999999999999,0,0,0,-5.279999999999999,-5.29,-1.8099999999999998,0.29000000000000004,0.27,-6.57,-13.879999999999999,-3.2799999999999994,290,334.12,-44.120000000000005,1,2.6,-1.6,13,20.1,-7.1,50,67.16,-17.159999999999997
2026,LA,1,2026_01_SF_LA,00-0039751,Jordan Whittington,WR,0,1,0,0,8,0,1,0,0.73,0,8,0,0,8.42,0,0,0,0,0,0.01,0,0,0,0,0,0,0,0,0,0,0,0.43,0,0,0,0,0.03,0,0,0,1.62,0,0,1.8,0,8,8.42,0,0.01,0,0.43,1.8,1.62,0,0.27,0,-0.41999999999999993,0,0,-0.01,0,0,0,0,0,-0.43,0,0,-0.03,0,0.17999999999999994,0,-0.41999999999999993,-0.01,-0.43,0.17999999999999994,28,28,29,255,255,17,17,18.13,18.12,168,168,122,212.42,212.42000000000002,121.7,0,0,1,1.05,1.04,1.56,0,0,0,0,0,0,6,6,7,11.28,11.290000000000001,8.81,1,1,0.71,0.73,1,0,11.290000000000001,45.68,21.48,4.720000000000001,31.8,18.2,-1.13,-1.1199999999999997,-44.419999999999995,-44.42000000000001,0.3000000000000016,-1.05,-1.04,-0.5599999999999999,0,0,0,-5.279999999999999,-5.29,-1.8099999999999998,0.29000000000000004,0.27,-6.57,-13.879999999999999,-3.2799999999999994,290,334.12,-44.120000000000005,1,2.6,-1.6,13,20.1,-7.1,50,67.16,-17.159999999999997
2026,LA,1,2026_01_SF_LA,00-0037557,Ronnie Rivers,RB,0,1,5,0,2,0,1,0,0.77,0,5,19,0,5.56,25.95,0,0,0,0,0.02,0.19,0,0,0,0,0,0,0,1,1,0,0.8,1.86,0,0,0,0.01,0,0,0,1.43,3.71,0,1.5,1.9,24,31.509999999999998,0,0.21,2,2.66,3.4,5.14,0,0.22999999999999998,0,-0.5599999999999996,-6.949999999999999,0,-0.02,-0.19,0,0,0,0,0.19999999999999996,-0.8600000000000001,0,-0.01,0,0.07000000000000006,-1.81,-7.509999999999998,-0.21,-0.6600000000000001,-1.7399999999999998,28,28,29,255,255,17,17,18.13,18.12,168,168,122,212.42,212.42000000000002,121.7,0,0,1,1.05,1.04,1.56,0,0,0,0,0,0,6,6,7,11.28,11.290000000000001,8.81,1,1,0.71,0.73,1,0,11.290000000000001,45.68,21.48,4.720000000000001,31.8,18.2,-1.13,-1.1199999999999997,-44.419999999999995,-44.42000000000001,0.3000000000000016,-1.05,-1.04,-0.5599999999999999,0,0,0,-5.279999999999999,-5.29,-1.8099999999999998,0.29000000000000004,0.27,-6.57,-13.879999999999999,-3.2799999999999994,290,334.12,-44.120000000000005,1,2.6,-1.6,13,20.1,-7.1,50,67.16,-17.159999999999997
2026,TB,1,2026_01_TB_CIN,00-0034855,Baker Mayfield,QB,28,0,5,143,0,23,0,20.18,0,216,0,30,208.33,0,22.69,0,0,1,0.93,0,0.31,0,0,0,0,0,0,12,0,1,10.35,0,1.32,0,0,0.46,0,0,1,11.11,0,4.15,8.64,0,7,246,231.02,1,1.24,13,11.67,15.64,15.26,2.8200000000000003,0,7.6699999999999875,0,7.309999999999999,-0.93,0,0.69,0,0,0,1.6500000000000004,0,-0.32000000000000006,-0.46,0,-2.469999999999999,0,2.8499999999999996,14.97999999999999,-0.24,1.33,0.3800000000000008,28,28,20,143,143,23,23,20.18,20.18,216,216,89,208.33,208.31,90.49,0,0,2,0.93,0.94,0.5,0,0,0,0,0,0,12,12,5,10.35,10.35,4.65,0,0,0.46,0.46,1,1,11.11,46.589999999999996,12.14,8.64,42.6,18.9,2.8200000000000003,2.8200000000000003,7.6699999999999875,7.689999999999998,-1.4899999999999984,-0.93,-0.94,1.5,0,0,0,1.6500000000000004,1.65,0.34999999999999987,-0.46,-0.46,-2.469999999999999,-3.989999999999999,6.76,305,298.8,6.199999999999999,2,1.44,0.56,17,15,1.9999999999999998,61.5,58.73,2.770000000000001
2026,TB,1,2026_01_TB_CIN,00-0040129,Emeka Egbuka,WR,0,6,0,0,84,0,5,0,4.06,0,63,0,0,64.45,0,0,0,0,0,0.11,0,0,0,0,0,0,0,0,3,0,0,2.43,0,0,0,0,0.12,0,0,0,11.16,0,0,11.3,0,63,64.45,0,0.11,3,2.43,11.3,11.16,0,0.9400000000000004,0,-1.4500000000000028,0,0,-0.11,0,0,0,0,0,0.5699999999999998,0,0,-0.12,0,0.14000000000000057,0,-1.4500000000000028,-0.11,0.5699999999999998,0.14000000000000057,28,28,20,143,143,23,23,20.18,20.18,216,216,89,208.33,208.31,90.49,0,0,2,0.93,0.94,0.5,0,0,0,0,0,0,12,12,5,10.35,10.35,4.65,0,0,0.46,0.46,1,1,11.11,46.589999999999996,12.14,8.64,42.6,18.9,2.8200000000000003,2.8200000000000003,7.6699999999999875,7.689999999999998,-1.4899999999999984,-0.93,-0.94,1.5,0,0,0,1.6500000000000004,1.65,0.34999999999999987,-0.46,-0.46,-2.469999999999999,-3.989999999999999,6.76,305,298.8,6.199999999999999,2,1.44,0.56,17,15,1.9999999999999998,61.5,58.73,2.770000000000001
2026,TB,1,2026_01_TB_CIN,00-0033921,Chris Godwin Jr.,WR,0,4,1,0,3,0,4,0,3.31,0,40,3,0,26.47,6.68,0,0,0,0,0.04,0.01,0,0,0,0,0,0,0,2,0,0,1.7,0.29,0,0,0,0.05,0,0,0,6.18,0.75,0,8,0.3,43,33.15,0,0.05,2,1.99,8.3,6.93,0,0.69,0,13.530000000000001,-3.6799999999999997,0,-0.04,-0.01,0,0,0,0,0.30000000000000004,-0.29,0,-0.05,0,1.8200000000000003,-0.45,9.850000000000001,-0.05,0.010000000000000009,1.370000000000001,28,28,20,143,143,23,23,20.18,20.18,216,216,89,208.33,208.31,90.49,0,0,2,0.93,0.94,0.5,0,0,0,0,0,0,12,12,5,10.35,10.35,4.65,0,0,0.46,0.46,1,1,11.11,46.589999999999996,12.14,8.64,42.6,18.9,2.8200000000000003,2.8200000000000003,7.6699999999999875,7.689999999999998,-1.4899999999999984,-0.93,-0.94,1.5,0,0,0,1.6500000000000004,1.65,0.34999999999999987,-0.46,-0.46,-2.469999999999999,-3.989999999999999,6.76,305,298.8,6.199999999999999,2,1.44,0.56,17,15,1.9999999999999998,61.5,58.73,2.770000000000001
2026,TB,1,2026_01_TB_CIN,NA,NA,NA,0,1,0,0,11,0,0,0,0.36,0,0,0,0,4.77,0,0,0,0,0,0.11,0,0,0,0,0,0,0,0,0,0,0,0.33,0,0,0,0,0.03,0,0,0,1.5,0,0,0,0,0,4.77,0,0.11,0,0.33,0,1.5,0,-0.36,0,-4.77,0,0,-0.11,0,0,0,0,0,-0.33,0,0,-0.03,0,-1.5,0,-4.77,-0.11,-0.33,-1.5,28,28,20,143,143,23,23,20.18,20.18,216,216,89,208.33,208.31,90.49,0,0,2,0.93,0.94,0.5,0,0,0,0,0,0,12,12,5,10.35,10.35,4.65,0,0,0.46,0.46,1,1,11.11,46.589999999999996,12.14,8.64,42.6,18.9,2.8200000000000003,2.8200000000000003,7.6699999999999875,7.689999999999998,-1.4899999999999984,-0.93,-0.94,1.5,0,0,0,1.6500000000000004,1.65,0.34999999999999987,-0.46,-0.46,-2.469999999999999,-3.989999999999999,6.76,305,298.8,6.199999999999999,2,1.44,0.56,17,15,1.9999999999999998,61.5,58.73,2.770000000000001
2026,CIN,1,2026_01_TB_CIN,00-0036442,Joe Burrow,QB,35,0,5,226,0,25,0,24.65,0,254,0,20,268.57,0,14.64,1,0,0,2.4,0,0.11,0,0,0,0,0,0,14,0,4,13.71,0,2.27,1,0,0.61,0,0,0,19.11,0,2.13,12.16,0,2,274,283.21,1,2.51,18,15.98,14.16,21.24,0.3500000000000014,0,-14.569999999999993,0,5.359999999999999,-1.4,0,-0.11,0,0,0,0.28999999999999915,0,1.73,0.39,0,-6.949999999999999,0,-0.1299999999999999,-9.20999999999998,-1.5099999999999998,2.0199999999999996,-7.079999999999998,35,35,27,226,226,25,25,24.65,24.64,254,254,106,268.57,268.58,102.18,1,1,1,2.4,2.41,0.9700000000000001,0,0,0,0,0,0,14,14,10,13.71,13.71,6.91,1,1,0.61,0.62,0,0,19.11,65.9,16.02,12.16,56.4,16.6,0.3500000000000014,0.36,-14.569999999999993,-14.58,3.8199999999999967,-1.4,-1.4100000000000001,0.02999999999999995,0,0,0,0.28999999999999915,0.2899999999999999,3.0900000000000003,0.39,0.37999999999999995,-6.949999999999999,-9.499999999999998,0.5800000000000001,360,370.76,-10.760000000000003,2,3.3800000000000003,-1.3800000000000001,24,20.62,3.3800000000000003,73,81.92,-8.919999999999998
2026,CIN,1,2026_01_TB_CIN,00-0038597,Chase Brown,RB,0,6,16,0,-12,0,5,0,5.06,0,22,56,0,35.74,58.99,0,0,1,0,0.16,0.8,0,0,0,0,0,0,0,0,4,0,1.58,3.26,0,0,0,0.04,0,0,0,9.57,10.69,0,7.2,11.6,78,94.73,1,0.9600000000000001,4,4.84,18.8,20.259999999999998,0,-0.05999999999999961,0,-13.740000000000002,-2.990000000000002,0,-0.16,0.19999999999999996,0,0,0,0,-1.58,0.7400000000000002,0,-0.04,0,-2.37,0.9100000000000001,-16.730000000000004,0.039999999999999925,-0.8399999999999999,-1.4599999999999973,35,35,27,226,226,25,25,24.65,24.64,254,254,106,268.57,268.58,102.18,1,1,1,2.4,2.41,0.9700000000000001,0,0,0,0,0,0,14,14,10,13.71,13.71,6.91,1,1,0.61,0.62,0,0,19.11,65.9,16.02,12.16,56.4,16.6,0.3500000000000014,0.36,-14.569999999999993,-14.58,3.8199999999999967,-1.4,-1.4100000000000001,0.02999999999999995,0,0,0,0.28999999999999915,0.2899999999999999,3.0900000000000003,0.39,0.37999999999999995,-6.949999999999999,-9.499999999999998,0.5800000000000001,360,370.76,-10.760000000000003,2,3.3800000000000003,-1.3800000000000001,24,20.62,3.3800000000000003,73,81.92,-8.919999999999998
2026,CIN,1,2026_01_TB_CIN,00-0036900,Ja'Marr Chase,WR,0,4,0,0,34,0,2,0,2.68,0,12,0,0,34.6,0,0,0,0,0,0.27,0,0,0,0,0,0,0,0,1,0,0,2.13,0,0,0,0,0.08,0,0,0,7.76,0,0,3.2,0,12,34.6,0,0.27,1,2.13,3.2,7.76,0,-0.6800000000000002,0,-22.6,0,0,-0.27,0,0,0,0,0,-1.13,0,0,-0.08,0,-4.56,0,-22.6,-0.27,-1.13,-4.56,35,35,27,226,226,25,25,24.65,24.64,254,254,106,268.57,268.58,102.18,1,1,1,2.4,2.41,0.9700000000000001,0,0,0,0,0,0,14,14,10,13.71,13.71,6.91,1,1,0.61,0.62,0,0,19.11,65.9,16.02,12.16,56.4,16.6,0.3500000000000014,0.36,-14.569999999999993,-14.58,3.8199999999999967,-1.4,-1.4100000000000001,0.02999999999999995,0,0,0,0.28999999999999915,0.2899999999999999,3.0900000000000003,0.39,0.37999999999999995,-6.949999999999999,-9.499999999999998,0.5800000000000001,360,370.76,-10.760000000000003,2,3.3800000000000003,-1.3800000000000001,24,20.62,3.3800000000000003,73,81.92,-8.919999999999998
2026,TB,1,2026_01_TB_CIN,00-0039361,Bucky Irving,RB,0,7,8,0,-25,0,7,0,5.7,0,48,45,0,39.63,34.04,0,0,1,0,0.03,0.13,0,0,0,0,0,0,0,2,3,0,1.68,1.25,0,0,0,0.05,1,0,0,9.83,4.21,0,9.8,10.5,93,73.67,1,0.16,5,2.9299999999999997,20.3,14.04,0,1.2999999999999998,0,8.369999999999997,10.96,0,-0.03,0.87,0,0,0,0,0.32000000000000006,1.75,0,-0.05,0,-0.02999999999999936,6.29,19.33,0.84,2.0700000000000003,6.260000000000002,28,28,20,143,143,23,23,20.18,20.18,216,216,89,208.33,208.31,90.49,0,0,2,0.93,0.94,0.5,0,0,0,0,0,0,12,12,5,10.35,10.35,4.65,0,0,0.46,0.46,1,1,11.11,46.589999999999996,12.14,8.64,42.6,18.9,2.8200000000000003,2.8200000000000003,7.6699999999999875,7.689999999999998,-1.4899999999999984,-0.93,-0.94,1.5,0,0,0,1.6500000000000004,1.65,0.34999999999999987,-0.46,-0.46,-2.469999999999999,-3.989999999999999,6.76,305,298.8,6.199999999999999,2,1.44,0.56,17,15,1.9999999999999998,61.5,58.73,2.770000000000001
2026,TB,1,2026_01_TB_CIN,00-0038129,Cade Otton,TE,0,5,0,0,32,0,3,0,3.56,0,26,0,0,37.43,0,0,0,0,0,0.27,0,0,0,0,0,0,0,0,3,0,0,2.29,0,0,0,0,0.09,0,0,0,8.93,0,0,5.6,0,26,37.43,0,0.27,3,2.29,5.6,8.93,0,-0.56,0,-11.43,0,0,-0.27,0,0,0,0,0,0.71,0,0,-0.09,0,-3.33,0,-11.43,-0.27,0.71,-3.33,28,28,20,143,143,23,23,20.18,20.18,216,216,89,208.33,208.31,90.49,0,0,2,0.93,0.94,0.5,0,0,0,0,0,0,12,12,5,10.35,10.35,4.65,0,0,0.46,0.46,1,1,11.11,46.589999999999996,12.14,8.64,42.6,18.9,2.8200000000000003,2.8200000000000003,7.6699999999999875,7.689999999999998,-1.4899999999999984,-0.93,-0.94,1.5,0,0,0,1.6500000000000004,1.65,0.34999999999999987,-0.46,-0.46,-2.469999999999999,-3.989999999999999,6.76,305,298.8,6.199999999999999,2,1.44,0.56,17,15,1.9999999999999998,61.5,58.73,2.770000000000001
2026,CIN,1,2026_01_TB_CIN,00-0038619,Andrei Iosivas,WR,0,3,0,0,15,0,2,0,1.89,0,12,0,0,16.41,0,0,0,0,0,0.6,0,0,0,0,0,0,0,0,1,0,0,1.52,0,0,1,0,0.06,0,0,0,7.13,0,0,3.2,0,12,16.41,0,0.6,1,1.52,3.2,7.13,0,0.1100000000000001,0,-4.41,0,0,-0.6,0,0,0,0,0,-0.52,0,0,0.94,0,-3.9299999999999997,0,-4.41,-0.6,-0.52,-3.9299999999999997,35,35,27,226,226,25,25,24.65,24.64,254,254,106,268.57,268.58,102.18,1,1,1,2.4,2.41,0.9700000000000001,0,0,0,0,0,0,14,14,10,13.71,13.71,6.91,1,1,0.61,0.62,0,0,19.11,65.9,16.02,12.16,56.4,16.6,0.3500000000000014,0.36,-14.569999999999993,-14.58,3.8199999999999967,-1.4,-1.4100000000000001,0.02999999999999995,0,0,0,0.28999999999999915,0.2899999999999999,3.0900000000000003,0.39,0.37999999999999995,-6.949999999999999,-9.499999999999998,0.5800000000000001,360,370.76,-10.760000000000003,2,3.3800000000000003,-1.3800000000000001,24,20.62,3.3800000000000003,73,81.92,-8.919999999999998
2026,CIN,1,2026_01_TB_CIN,00-0034829,Mike Gesicki,TE,0,7,0,0,63,0,5,0,4.44,0,78,0,0,50.29,0,0,1,0,0,1.05,0,0,0,0,0,0,0,0,5,0,0,3.37,0,0,0,0,0.14,0,0,0,15.77,0,0,18.8,0,78,50.29,1,1.05,5,3.37,18.8,15.77,0,0.5599999999999996,0,27.71,0,0,-0.050000000000000044,0,0,0,0,0,1.63,0,0,-0.14,0,3.030000000000001,0,27.71,-0.050000000000000044,1.63,3.030000000000001,35,35,27,226,226,25,25,24.65,24.64,254,254,106,268.57,268.58,102.18,1,1,1,2.4,2.41,0.9700000000000001,0,0,0,0,0,0,14,14,10,13.71,13.71,6.91,1,1,0.61,0.62,0,0,19.11,65.9,16.02,12.16,56.4,16.6,0.3500000000000014,0.36,-14.569999999999993,-14.58,3.8199999999999967,-1.4,-1.4100000000000001,0.02999999999999995,0,0,0,0.28999999999999915,0.2899999999999999,3.0900000000000003,0.39,0.37999999999999995,-6.949999999999999,-9.499999999999998,0.5800000000000001,360,370.76,-10.760000000000003,2,3.3800000000000003,-1.3800000000000001,24,20.62,3.3800000000000003,73,81.92,-8.919999999999998
2026,TB,1,2026_01_TB_CIN,00-0036919,Kenny Gainwell,RB,0,1,5,0,-5,0,1,0,0.87,0,3,15,0,4.83,20.45,0,0,0,0,0.01,0.04,0,0,0,0,0,0,0,0,1,0,0.08,1.59,0,0,0,0.01,0,0,0,1.39,2.28,0,1.3,1.5,18,25.28,0,0.05,1,1.6700000000000002,2.8,3.67,0,0.13,0,-1.83,-5.449999999999999,0,-0.01,-0.04,0,0,0,0,-0.08,-0.5900000000000001,0,-0.01,0,-0.08999999999999986,-0.7799999999999998,-7.280000000000001,-0.05,-0.6700000000000002,-0.8700000000000001,28,28,20,143,143,23,23,20.18,20.18,216,216,89,208.33,208.31,90.49,0,0,2,0.93,0.94,0.5,0,0,0,0,0,0,12,12,5,10.35,10.35,4.65,0,0,0.46,0.46,1,1,11.11,46.589999999999996,12.14,8.64,42.6,18.9,2.8200000000000003,2.8200000000000003,7.6699999999999875,7.689999999999998,-1.4899999999999984,-0.93,-0.94,1.5,0,0,0,1.6500000000000004,1.65,0.34999999999999987,-0.46,-0.46,-2.469999999999999,-3.989999999999999,6.76,305,298.8,6.199999999999999,2,1.44,0.56,17,15,1.9999999999999998,61.5,58.73,2.770000000000001
2026,CIN,1,2026_01_TB_CIN,00-0036410,Tee Higgins,WR,0,6,0,0,117,0,3,0,3.5,0,59,0,0,75.75,0,0,0,0,0,0.19,0,0,0,0,0,0,0,0,3,0,0,2.93,0,0,0,0,0.22,0,0,0,12.24,0,0,8.9,0,59,75.75,0,0.19,3,2.93,8.9,12.24,0,-0.5,0,-16.75,0,0,-0.19,0,0,0,0,0,0.06999999999999984,0,0,-0.22,0,-3.34,0,-16.75,-0.19,0.06999999999999984,-3.34,35,35,27,226,226,25,25,24.65,24.64,254,254,106,268.57,268.58,102.18,1,1,1,2.4,2.41,0.9700000000000001,0,0,0,0,0,0,14,14,10,13.71,13.71,6.91,1,1,0.61,0.62,0,0,19.11,65.9,16.02,12.16,56.4,16.6,0.3500000000000014,0.36,-14.569999999999993,-14.58,3.8199999999999967,-1.4,-1.4100000000000001,0.02999999999999995,0,0,0,0.28999999999999915,0.2899999999999999,3.0900000000000003,0.39,0.37999999999999995,-6.949999999999999,-9.499999999999998,0.5800000000000001,360,370.76,-10.760000000000003,2,3.3800000000000003,-1.3800000000000001,24,20.62,3.3800000000000003,73,81.92,-8.919999999999998
2026,CIN,1,2026_01_TB_CIN,00-0033526,Samaje Perine,RB,0,3,5,0,3,0,3,0,2.41,0,30,20,0,19.77,21.78,0,0,0,0,0.02,0.05,0,0,0,0,0,0,0,2,1,0,0.86,1.15,0,0,0,0.02,0,0,0,4.49,2.49,0,6,2,50,41.55,0,0.07,3,2.01,8,6.98,0,0.5899999999999999,0,10.23,-1.7800000000000011,0,-0.02,-0.05,0,0,0,0,1.1400000000000001,-0.1499999999999999,0,-0.02,0,1.5099999999999998,-0.4900000000000002,8.450000000000003,-0.07,0.9900000000000002,1.0199999999999996,35,35,27,226,226,25,25,24.65,24.64,254,254,106,268.57,268.58,102.18,1,1,1,2.4,2.41,0.9700000000000001,0,0,0,0,0,0,14,14,10,13.71,13.71,6.91,1,1,0.61,0.62,0,0,19.11,65.9,16.02,12.16,56.4,16.6,0.3500000000000014,0.36,-14.569999999999993,-14.58,3.8199999999999967,-1.4,-1.4100000000000001,0.02999999999999995,0,0,0,0.28999999999999915,0.2899999999999999,3.0900000000000003,0.39,0.37999999999999995,-6.949999999999999,-9.499999999999998,0.5800000000000001,360,370.76,-10.760000000000003,2,3.3800000000000003,-1.3800000000000001,24,20.62,3.3800000000000003,73,81.92,-8.919999999999998
2026,CIN,1,2026_01_TB_CIN,00-0035631,Drew Sample,TE,0,3,0,0,0,0,3,0,2.51,0,19,0,0,19.11,0,0,0,0,0,0.09,0,0,0,0,0,0,0,0,1,0,0,0.78,0,0,0,0,0.02,0,0,0,4.94,0,0,4.9,0,19,19.11,0,0.09,1,0.78,4.9,4.94,0,0.4900000000000002,0,-0.10999999999999943,0,0,-0.09,0,0,0,0,0,0.21999999999999997,0,0,-0.02,0,-0.040000000000000036,0,-0.10999999999999943,-0.09,0.21999999999999997,-0.040000000000000036,35,35,27,226,226,25,25,24.65,24.64,254,254,106,268.57,268.58,102.18,1,1,1,2.4,2.41,0.9700000000000001,0,0,0,0,0,0,14,14,10,13.71,13.71,6.91,1,1,0.61,0.62,0,0,19.11,65.9,16.02,12.16,56.4,16.6,0.3500000000000014,0.36,-14.569999999999993,-14.58,3.8199999999999967,-1.4,-1.4100000000000001,0.02999999999999995,0,0,0,0.28999999999999915,0.2899999999999999,3.0900000000000003,0.39,0.37999999999999995,-6.949999999999999,-9.499999999999998,0.5800000000000001,360,370.76,-10.760000000000003,2,3.3800000000000003,-1.3800000000000001,24,20.62,3.3800000000000003,73,81.92,-8.919999999999998
2026,CIN,1,2026_01_TB_CIN,00-0034613,Tanner Hudson,TE,0,1,0,0,4,0,1,0,0.79,0,4,0,0,6.39,0,0,0,0,0,0.01,0,0,0,0,0,0,0,0,0,0,0,0.16,0,0,0,0,0.01,0,0,0,1.48,0,0,1.4,0,4,6.39,0,0.01,0,0.16,1.4,1.48,0,0.20999999999999996,0,-2.3899999999999997,0,0,-0.01,0,0,0,0,0,-0.16,0,0,-0.01,0,-0.08000000000000007,0,-2.3899999999999997,-0.01,-0.16,-0.08000000000000007,35,35,27,226,226,25,25,24.65,24.64,254,254,106,268.57,268.58,102.18,1,1,1,2.4,2.41,0.9700000000000001,0,0,0,0,0,0,14,14,10,13.71,13.71,6.91,1,1,0.61,0.62,0,0,19.11,65.9,16.02,12.16,56.4,16.6,0.3500000000000014,0.36,-14.569999999999993,-14.58,3.8199999999999967,-1.4,-1.4100000000000001,0.02999999999999995,0,0,0,0.28999999999999915,0.2899999999999999,3.0900000000000003,0.39,0.37999999999999995,-6.949999999999999,-9.499999999999998,0.5800000000000001,360,370.76,-10.760000000000003,2,3.3800000000000003,-1.3800000000000001,24,20.62,3.3800000000000003,73,81.92,-8.919999999999998
2026,CIN,1,2026_01_TB_CIN,NA,NA,NA,0,1,0,0,0,0,0,0,0.54,0,0,0,0,3.73,0,0,0,0,0,0.01,0,0,0,0,0,0,0,0,0,0,0,0.2,0,0,0,0,0.02,0,0,0,0.98,0,0,0,0,0,3.73,0,0.01,0,0.2,0,0.98,0,-0.54,0,-3.73,0,0,-0.01,0,0,0,0,0,-0.2,0,0,-0.02,0,-0.98,0,-3.73,-0.01,-0.2,-0.98,35,35,27,226,226,25,25,24.65,24.64,254,254,106,268.57,268.58,102.18,1,1,1,2.4,2.41,0.9700000000000001,0,0,0,0,0,0,14,14,10,13.71,13.71,6.91,1,1,0.61,0.62,0,0,19.11,65.9,16.02,12.16,56.4,16.6,0.3500000000000014,0.36,-14.569999999999993,-14.58,3.8199999999999967,-1.4,-1.4100000000000001,0.02999999999999995,0,0,0,0.28999999999999915,0.2899999999999999,3.0900000000000003,0.39,0.37999999999999995,-6.949999999999999,-9.499999999999998,0.5800000000000001,360,370.76,-10.760000000000003,2,3.3800000000000003,-1.3800000000000001,24,20.62,3.3800000000000003,73,81.92,-8.919999999999998
2026,TB,1,2026_01_TB_CIN,00-0041048,Ted Hurst III,WR,0,3,0,0,34,0,3,0,1.97,0,36,0,0,27.7,0,0,0,0,0,0.02,0,0,0,0,0,0,0,0,2,0,0,1.43,0,0,0,0,0.08,0,0,0,4.87,0,0,6.6,0,36,27.7,0,0.02,2,1.43,6.6,4.87,0,1.03,0,8.3,0,0,-0.02,0,0,0,0,0,0.5700000000000001,0,0,-0.08,0,1.7299999999999995,0,8.3,-0.02,0.5700000000000001,1.7299999999999995,28,28,20,143,143,23,23,20.18,20.18,216,216,89,208.33,208.31,90.49,0,0,2,0.93,0.94,0.5,0,0,0,0,0,0,12,12,5,10.35,10.35,4.65,0,0,0.46,0.46,1,1,11.11,46.589999999999996,12.14,8.64,42.6,18.9,2.8200000000000003,2.8200000000000003,7.6699999999999875,7.689999999999998,-1.4899999999999984,-0.93,-0.94,1.5,0,0,0,1.6500000000000004,1.65,0.34999999999999987,-0.46,-0.46,-2.469999999999999,-3.989999999999999,6.76,305,298.8,6.199999999999999,2,1.44,0.56,17,15,1.9999999999999998,61.5,58.73,2.770000000000001
2026,TB,1,2026_01_TB_CIN,00-0040237,Tez Johnson,WR,0,1,1,0,9,0,0,0,0.35,0,0,-4,0,3.03,6.63,0,0,0,0,0.35,0.01,0,0,0,0,0,0,0,0,0,0,0.41,0.2,0,0,0,0.03,0,0,0,2.73,0.75,0,0,-0.4,-4,9.66,0,0.36,0,0.61,-0.4,3.48,0,-0.35,0,-3.03,-10.629999999999999,0,-0.35,-0.01,0,0,0,0,-0.41,-0.2,0,-0.03,0,-2.73,-1.15,-13.66,-0.36,-0.61,-3.88,28,28,20,143,143,23,23,20.18,20.18,216,216,89,208.33,208.31,90.49,0,0,2,0.93,0.94,0.5,0,0,0,0,0,0,12,12,5,10.35,10.35,4.65,0,0,0.46,0.46,1,1,11.11,46.589999999999996,12.14,8.64,42.6,18.9,2.8200000000000003,2.8200000000000003,7.6699999999999875,7.689999999999998,-1.4899999999999984,-0.93,-0.94,1.5,0,0,0,1.6500000000000004,1.65,0.34999999999999987,-0.46,-0.46,-2.469999999999999,-3.989999999999999,6.76,305,298.8,6.199999999999999,2,1.44,0.56,17,15,1.9999999999999998,61.5,58.73,2.770000000000001
2026,CIN,1,2026_01_TB_CIN,00-0040785,Dohnte Meyers,WR,0,1,1,0,2,0,1,0,0.82,0,18,10,0,6.79,6.77,0,0,0,0,0.01,0.01,0,0,0,0,0,0,0,1,1,0,0.18,0.23,0,0,0,0.01,0,0,0,1.54,0.71,0,2.8,1,28,13.559999999999999,0,0.02,2,0.41000000000000003,3.8,2.25,0,0.18000000000000005,0,11.21,3.2300000000000004,0,-0.01,-0.01,0,0,0,0,0.8200000000000001,0.77,0,-0.01,0,1.2599999999999998,0.29000000000000004,14.440000000000001,-0.02,1.5899999999999999,1.5499999999999998,35,35,27,226,226,25,25,24.65,24.64,254,254,106,268.57,268.58,102.18,1,1,1,2.4,2.41,0.9700000000000001,0,0,0,0,0,0,14,14,10,13.71,13.71,6.91,1,1,0.61,0.62,0,0,19.11,65.9,16.02,12.16,56.4,16.6,0.3500000000000014,0.36,-14.569999999999993,-14.58,3.8199999999999967,-1.4,-1.4100000000000001,0.02999999999999995,0,0,0,0.28999999999999915,0.2899999999999999,3.0900000000000003,0.39,0.37999999999999995,-6.949999999999999,-9.499999999999998,0.5800000000000001,360,370.76,-10.760000000000003,2,3.3800000000000003,-1.3800000000000001,24,20.62,3.3800000000000003,73,81.92,-8.919999999999998
2026,WAS,1,2026_01_WAS_PHI,00-0039910,Jayden Daniels,QB,34,0,5,317,0,18,0,21.55,0,164,0,31,248.12,0,30.82,2,0,0,2.13,0,0.17,0,0,0,0.52,0,0,10,0,1,14.01,0,1.74,0,0,0.99,0,0,0,17.5,0,4.11,14.56,0,3.1,195,278.94,2,2.3,11,15.75,17.66,21.61,-3.5500000000000007,0,-84.12,0,0.17999999999999972,-0.1299999999999999,0,-0.17,-0.52,0,0,-4.01,0,-0.74,-0.99,0,-2.9399999999999995,0,-1.0100000000000002,-83.94,-0.2999999999999998,-4.75,-3.9499999999999993,34,34,32,317,317,18,18,21.55,21.54,164,164,132,248.12,248.13,139.81,2,2,1,2.13,2.12,1.09,0,0,0,0.52,0.52,0,10,10,9,14.01,14.01,7.7,0,0,0.99,1,0,0,17.5,60.19,20.56,14.56,46.4,19.200000000000003,-3.5500000000000007,-3.54,-84.12,-84.13000000000001,-7.8100000000000005,-0.1299999999999999,-0.12,-0.09000000000000008,-0.52,-0.52,0,-4.01,-4.01,1.3000000000000003,-0.99,-1,-2.9399999999999995,-13.79,-1.359999999999999,296,387.94,-91.94000000000001,3,3.21,-0.21000000000000008,19,21.71,-2.7099999999999995,65.6,80.75,-15.149999999999999
2026,WAS,1,2026_01_WAS_PHI,00-0035659,Terry McLaurin,WR,0,4,0,0,22,0,2,0,2.93,0,14,0,0,27.68,0,0,0,0,0,0.12,0,0,0,0,0,0,0,0,1,0,0,1.66,0,0,0,0,0.08,0,0,0,6.44,0,0,3.4,0,14,27.68,0,0.12,1,1.66,3.4,6.44,0,-0.9300000000000002,0,-13.68,0,0,-0.12,0,0,0,0,0,-0.6599999999999999,0,0,-0.08,0,-3.0400000000000005,0,-13.68,-0.12,-0.6599999999999999,-3.0400000000000005,34,34,32,317,317,18,18,21.55,21.54,164,164,132,248.12,248.13,139.81,2,2,1,2.13,2.12,1.09,0,0,0,0.52,0.52,0,10,10,9,14.01,14.01,7.7,0,0,0.99,1,0,0,17.5,60.19,20.56,14.56,46.4,19.200000000000003,-3.5500000000000007,-3.54,-84.12,-84.13000000000001,-7.8100000000000005,-0.1299999999999999,-0.12,-0.09000000000000008,-0.52,-0.52,0,-4.01,-4.01,1.3000000000000003,-0.99,-1,-2.9399999999999995,-13.79,-1.359999999999999,296,387.94,-91.94000000000001,3,3.21,-0.21000000000000008,19,21.71,-2.7099999999999995,65.6,80.75,-15.149999999999999
2026,WAS,1,2026_01_WAS_PHI,00-0031588,Stefon Diggs,WR,0,9,0,0,83,0,4,0,5.96,0,55,0,0,70.9,0,0,1,0,0,0.19,0,0,0,0,0,0,0,0,4,0,0,3.85,0,0,0,0,0.24,0,0,0,14.2,0,0,15.5,0,55,70.9,1,0.19,4,3.85,15.5,14.2,0,-1.96,0,-15.900000000000006,0,0,0.81,0,0,0,0,0,0.1499999999999999,0,0,-0.24,0,1.3000000000000007,0,-15.900000000000006,0.81,0.1499999999999999,1.3000000000000007,34,34,32,317,317,18,18,21.55,21.54,164,164,132,248.12,248.13,139.81,2,2,1,2.13,2.12,1.09,0,0,0,0.52,0.52,0,10,10,9,14.01,14.01,7.7,0,0,0.99,1,0,0,17.5,60.19,20.56,14.56,46.4,19.200000000000003,-3.5500000000000007,-3.54,-84.12,-84.13000000000001,-7.8100000000000005,-0.1299999999999999,-0.12,-0.09000000000000008,-0.52,-0.52,0,-4.01,-4.01,1.3000000000000003,-0.99,-1,-2.9399999999999995,-13.79,-1.359999999999999,296,387.94,-91.94000000000001,3,3.21,-0.21000000000000008,19,21.71,-2.7099999999999995,65.6,80.75,-15.149999999999999
2026,WAS,1,2026_01_WAS_PHI,NA,NA,NA,0,5,0,0,61,0,0,0,2.69,0,0,0,0,39.89,0,0,0,0,0,0.68,0,0,0,0,0,0,0,0,0,0,0,2.6,0,0,0,0,0.18,0,0,0,10.77,0,0,0,0,0,39.89,0,0.68,0,2.6,0,10.77,0,-2.69,0,-39.89,0,0,-0.68,0,0,0,0,0,-2.6,0,0,-0.18,0,-10.77,0,-39.89,-0.68,-2.6,-10.77,34,34,32,317,317,18,18,21.55,21.54,164,164,132,248.12,248.13,139.81,2,2,1,2.13,2.12,1.09,0,0,0,0.52,0.52,0,10,10,9,14.01,14.01,7.7,0,0,0.99,1,0,0,17.5,60.19,20.56,14.56,46.4,19.200000000000003,-3.5500000000000007,-3.54,-84.12,-84.13000000000001,-7.8100000000000005,-0.1299999999999999,-0.12,-0.09000000000000008,-0.52,-0.52,0,-4.01,-4.01,1.3000000000000003,-0.99,-1,-2.9399999999999995,-13.79,-1.359999999999999,296,387.94,-91.94000000000001,3,3.21,-0.21000000000000008,19,21.71,-2.7099999999999995,65.6,80.75,-15.149999999999999
2026,PHI,1,2026_01_WAS_PHI,00-0036389,Jalen Hurts,QB,25,0,7,225,0,14,0,16.37,0,203,0,46,196.45,0,35.79,3,0,0,1.04,0,0.02,0,0,0,0,0,0,6,0,2,8.48,0,1.71,0,0,0.52,0,0,0,10.97,0,3.67,20.12,0,4.6,249,232.23999999999998,3,1.06,8,10.190000000000001,24.72,14.64,-2.370000000000001,0,6.550000000000011,0,10.21,1.96,0,-0.02,0,0,0,-2.4800000000000004,0,0.29000000000000004,-0.52,0,9.15,0,0.9299999999999997,16.76000000000002,1.94,-2.1900000000000013,10.079999999999998,25,25,25,225,225,14,14,16.37,16.38,203,203,136,196.45,196.45,120.36,3,3,0,1.04,1.03,0.19999999999999998,0,0,0,0,0,0,6,6,4,8.48,8.47,4.81,0,0,0.52,0.51,0,0,10.97,42.25,13.209999999999999,20.12,52.3,13.6,-2.370000000000001,-2.38,6.550000000000011,6.549999999999998,15.639999999999995,1.96,1.9700000000000002,-0.19999999999999998,0,0,0,-2.4800000000000004,-2.47,-0.8099999999999998,-0.52,-0.51,9.15,10.05,0.3900000000000006,339,316.81,22.189999999999994,3,1.23,1.7700000000000002,10,13.280000000000001,-3.2800000000000002,65.89999999999999,55.46,10.440000000000001
2026,PHI,1,2026_01_WAS_PHI,00-0034844,Saquon Barkley,RB,0,2,15,0,-1,0,1,0,1.65,0,-3,83,0,13.63,72.15,0,0,0,0,0,0.15,0,0,0,0,0,0,0,0,2,0,0.48,2.78,0,0,0,0.01,0,0,0,3.03,8.09,0,0.7,8.3,80,85.78,0,0.15,2,3.26,9,11.12,0,-0.6499999999999999,0,-16.630000000000003,10.849999999999994,0,0,-0.15,0,0,0,0,-0.48,-0.7799999999999998,0,-0.01,0,-2.33,0.21000000000000085,-5.780000000000001,-0.15,-1.2599999999999998,-2.119999999999999,25,25,25,225,225,14,14,16.37,16.38,203,203,136,196.45,196.45,120.36,3,3,0,1.04,1.03,0.19999999999999998,0,0,0,0,0,0,6,6,4,8.48,8.47,4.81,0,0,0.52,0.51,0,0,10.97,42.25,13.209999999999999,20.12,52.3,13.6,-2.370000000000001,-2.38,6.550000000000011,6.549999999999998,15.639999999999995,1.96,1.9700000000000002,-0.19999999999999998,0,0,0,-2.4800000000000004,-2.47,-0.8099999999999998,-0.52,-0.51,9.15,10.05,0.3900000000000006,339,316.81,22.189999999999994,3,1.23,1.7700000000000002,10,13.280000000000001,-3.2800000000000002,65.89999999999999,55.46,10.440000000000001
2026,PHI,1,2026_01_WAS_PHI,00-0040867,Makai Lemon,WR,0,4,0,0,0,0,3,0,3.08,0,-5,0,0,20.07,0,0,0,0,0,0.01,0,0,0,0,0,0,0,0,0,0,0,0.89,0,0,0,0,0.05,0,0,0,5.15,0,0,2.5,0,-5,20.07,0,0.01,0,0.89,2.5,5.15,0,-0.08000000000000007,0,-25.07,0,0,-0.01,0,0,0,0,0,-0.89,0,0,-0.05,0,-2.6500000000000004,0,-25.07,-0.01,-0.89,-2.6500000000000004,25,25,25,225,225,14,14,16.37,16.38,203,203,136,196.45,196.45,120.36,3,3,0,1.04,1.03,0.19999999999999998,0,0,0,0,0,0,6,6,4,8.48,8.47,4.81,0,0,0.52,0.51,0,0,10.97,42.25,13.209999999999999,20.12,52.3,13.6,-2.370000000000001,-2.38,6.550000000000011,6.549999999999998,15.639999999999995,1.96,1.9700000000000002,-0.19999999999999998,0,0,0,-2.4800000000000004,-2.47,-0.8099999999999998,-0.52,-0.51,9.15,10.05,0.3900000000000006,339,316.81,22.189999999999994,3,1.23,1.7700000000000002,10,13.280000000000001,-3.2800000000000002,65.89999999999999,55.46,10.440000000000001
2026,PHI,1,2026_01_WAS_PHI,00-0038393,Dontayvion Wicks,WR,0,4,0,0,79,0,2,0,1.88,0,73,0,0,37.78,0,0,1,0,0,0.5,0,0,0,0,0,0,0,0,2,0,0,1.59,0,0,0,0,0.12,0,0,0,8.67,0,0,15.3,0,73,37.78,1,0.5,2,1.59,15.3,8.67,0,0.1200000000000001,0,35.22,0,0,0.5,0,0,0,0,0,0.4099999999999999,0,0,-0.12,0,6.630000000000001,0,35.22,0.5,0.4099999999999999,6.630000000000001,25,25,25,225,225,14,14,16.37,16.38,203,203,136,196.45,196.45,120.36,3,3,0,1.04,1.03,0.19999999999999998,0,0,0,0,0,0,6,6,4,8.48,8.47,4.81,0,0,0.52,0.51,0,0,10.97,42.25,13.209999999999999,20.12,52.3,13.6,-2.370000000000001,-2.38,6.550000000000011,6.549999999999998,15.639999999999995,1.96,1.9700000000000002,-0.19999999999999998,0,0,0,-2.4800000000000004,-2.47,-0.8099999999999998,-0.52,-0.51,9.15,10.05,0.3900000000000006,339,316.81,22.189999999999994,3,1.23,1.7700000000000002,10,13.280000000000001,-3.2800000000000002,65.89999999999999,55.46,10.440000000000001
2026,WAS,1,2026_01_WAS_PHI,00-0036626,Dyami Brown,WR,0,2,0,0,64,0,0,0,0.57,0,0,0,0,18.59,0,0,0,0,0,0.04,0,0,0,0,0,0,0,0,0,0,0,0.6,0,0,0,0,0.14,0,0,0,2.69,0,0,0,0,0,18.59,0,0.04,0,0.6,0,2.69,0,-0.57,0,-18.59,0,0,-0.04,0,0,0,0,0,-0.6,0,0,-0.14,0,-2.69,0,-18.59,-0.04,-0.6,-2.69,34,34,32,317,317,18,18,21.55,21.54,164,164,132,248.12,248.13,139.81,2,2,1,2.13,2.12,1.09,0,0,0,0.52,0.52,0,10,10,9,14.01,14.01,7.7,0,0,0.99,1,0,0,17.5,60.19,20.56,14.56,46.4,19.200000000000003,-3.5500000000000007,-3.54,-84.12,-84.13000000000001,-7.8100000000000005,-0.1299999999999999,-0.12,-0.09000000000000008,-0.52,-0.52,0,-4.01,-4.01,1.3000000000000003,-0.99,-1,-2.9399999999999995,-13.79,-1.359999999999999,296,387.94,-91.94000000000001,3,3.21,-0.21000000000000008,19,21.71,-2.7099999999999995,65.6,80.75,-15.149999999999999
2026,PHI,1,2026_01_WAS_PHI,00-0036912,DeVonta Smith,WR,0,6,0,0,79,0,3,0,3.83,0,53,0,0,59.71,0,0,0,0,0,0.09,0,0,0,0,0,0,0,0,1,0,0,2.13,0,0,0,0,0.16,0,0,0,10.36,0,0,8.3,0,53,59.71,0,0.09,1,2.13,8.3,10.36,0,-0.8300000000000001,0,-6.710000000000001,0,0,-0.09,0,0,0,0,0,-1.13,0,0,-0.16,0,-2.0599999999999987,0,-6.710000000000001,-0.09,-1.13,-2.0599999999999987,25,25,25,225,225,14,14,16.37,16.38,203,203,136,196.45,196.45,120.36,3,3,0,1.04,1.03,0.19999999999999998,0,0,0,0,0,0,6,6,4,8.48,8.47,4.81,0,0,0.52,0.51,0,0,10.97,42.25,13.209999999999999,20.12,52.3,13.6,-2.370000000000001,-2.38,6.550000000000011,6.549999999999998,15.639999999999995,1.96,1.9700000000000002,-0.19999999999999998,0,0,0,-2.4800000000000004,-2.47,-0.8099999999999998,-0.52,-0.51,9.15,10.05,0.3900000000000006,339,316.81,22.189999999999994,3,1.23,1.7700000000000002,10,13.280000000000001,-3.2800000000000002,65.89999999999999,55.46,10.440000000000001
2026,WAS,1,2026_01_WAS_PHI,00-0036628,John Bates,TE,0,3,0,0,6,0,2,0,2.26,0,13,0,0,16.11,0,0,0,0,0,0.32,0,0,0,0,0,0.52,0,0,0,0,0,1.17,0,0,0,0,0.05,0,0,0,6.81,0,0,3.3,0,13,16.11,0,0.32,0,1.17,3.3,6.81,0,-0.2599999999999998,0,-3.1099999999999994,0,0,-0.32,0,0,-0.52,0,0,-1.17,0,0,-0.05,0,-3.51,0,-3.1099999999999994,-0.32,-1.17,-3.51,34,34,32,317,317,18,18,21.55,21.54,164,164,132,248.12,248.13,139.81,2,2,1,2.13,2.12,1.09,0,0,0,0.52,0.52,0,10,10,9,14.01,14.01,7.7,0,0,0.99,1,0,0,17.5,60.19,20.56,14.56,46.4,19.200000000000003,-3.5500000000000007,-3.54,-84.12,-84.13000000000001,-7.8100000000000005,-0.1299999999999999,-0.12,-0.09000000000000008,-0.52,-0.52,0,-4.01,-4.01,1.3000000000000003,-0.99,-1,-2.9399999999999995,-13.79,-1.359999999999999,296,387.94,-91.94000000000001,3,3.21,-0.21000000000000008,19,21.71,-2.7099999999999995,65.6,80.75,-15.149999999999999
2026,PHI,1,2026_01_WAS_PHI,00-0034351,Dallas Goedert,TE,0,5,0,0,52,0,4,0,3.03,0,77,0,0,39.58,0,0,2,0,0,0.4,0,0,0,0,0,0,0,0,3,0,0,2.64,0,0,0,0,0.13,0,0,0,9.37,0,0,23.7,0,77,39.58,2,0.4,3,2.64,23.7,9.37,0,0.9700000000000002,0,37.42,0,0,1.6,0,0,0,0,0,0.3599999999999999,0,0,-0.13,0,14.33,0,37.42,1.6,0.3599999999999999,14.33,25,25,25,225,225,14,14,16.37,16.38,203,203,136,196.45,196.45,120.36,3,3,0,1.04,1.03,0.19999999999999998,0,0,0,0,0,0,6,6,4,8.48,8.47,4.81,0,0,0.52,0.51,0,0,10.97,42.25,13.209999999999999,20.12,52.3,13.6,-2.370000000000001,-2.38,6.550000000000011,6.549999999999998,15.639999999999995,1.96,1.9700000000000002,-0.19999999999999998,0,0,0,-2.4800000000000004,-2.47,-0.8099999999999998,-0.52,-0.51,9.15,10.05,0.3900000000000006,339,316.81,22.189999999999994,3,1.23,1.7700000000000002,10,13.280000000000001,-3.2800000000000002,65.89999999999999,55.46,10.440000000000001
2026,WAS,1,2026_01_WAS_PHI,00-0037809,Chig Okonkwo,TE,0,3,0,0,39,0,2,0,1.9,0,16,0,0,28.82,0,0,0,0,0,0.05,0,0,0,0,0,0,0,0,1,0,0,1.35,0,0,0,0,0.09,0,0,0,5.09,0,0,3.6,0,16,28.82,0,0.05,1,1.35,3.6,5.09,0,0.10000000000000009,0,-12.82,0,0,-0.05,0,0,0,0,0,-0.3500000000000001,0,0,-0.09,0,-1.4899999999999998,0,-12.82,-0.05,-0.3500000000000001,-1.4899999999999998,34,34,32,317,317,18,18,21.55,21.54,164,164,132,248.12,248.13,139.81,2,2,1,2.13,2.12,1.09,0,0,0,0.52,0.52,0,10,10,9,14.01,14.01,7.7,0,0,0.99,1,0,0,17.5,60.19,20.56,14.56,46.4,19.200000000000003,-3.5500000000000007,-3.54,-84.12,-84.13000000000001,-7.8100000000000005,-0.1299999999999999,-0.12,-0.09000000000000008,-0.52,-0.52,0,-4.01,-4.01,1.3000000000000003,-0.99,-1,-2.9399999999999995,-13.79,-1.359999999999999,296,387.94,-91.94000000000001,3,3.21,-0.21000000000000008,19,21.71,-2.7099999999999995,65.6,80.75,-15.149999999999999
2026,WAS,1,2026_01_WAS_PHI,00-0040242,Jacory Croskey-Merritt,RB,0,1,16,0,-7,0,1,0,0.88,0,-7,63,0,3.47,64.53,0,0,1,0,0,0.55,0,0,0,0,0,0,0,0,7,0,0.04,3.63,0,0,0,0.01,0,0,0,1.24,9.76,0,0.3,12.3,56,68,1,0.55,7,3.67,12.600000000000001,11,0,0.12,0,-10.47,-1.5300000000000011,0,0,0.44999999999999996,0,0,0,0,-0.04,3.37,0,-0.01,0,-0.94,2.540000000000001,-12,0.44999999999999996,3.33,1.6000000000000014,34,34,32,317,317,18,18,21.55,21.54,164,164,132,248.12,248.13,139.81,2,2,1,2.13,2.12,1.09,0,0,0,0.52,0.52,0,10,10,9,14.01,14.01,7.7,0,0,0.99,1,0,0,17.5,60.19,20.56,14.56,46.4,19.200000000000003,-3.5500000000000007,-3.54,-84.12,-84.13000000000001,-7.8100000000000005,-0.1299999999999999,-0.12,-0.09000000000000008,-0.52,-0.52,0,-4.01,-4.01,1.3000000000000003,-0.99,-1,-2.9399999999999995,-13.79,-1.359999999999999,296,387.94,-91.94000000000001,3,3.21,-0.21000000000000008,19,21.71,-2.7099999999999995,65.6,80.75,-15.149999999999999
2026,PHI,1,2026_01_WAS_PHI,NA,NA,NA,0,3,0,0,10,0,0,0,2.18,0,0,0,0,17.88,0,0,0,0,0,0.03,0,0,0,0,0,0,0,0,0,0,0,0.46,0,0,0,0,0.03,0,0,0,4.15,0,0,0,0,0,17.88,0,0.03,0,0.46,0,4.15,0,-2.18,0,-17.88,0,0,-0.03,0,0,0,0,0,-0.46,0,0,-0.03,0,-4.15,0,-17.88,-0.03,-0.46,-4.15,25,25,25,225,225,14,14,16.37,16.38,203,203,136,196.45,196.45,120.36,3,3,0,1.04,1.03,0.19999999999999998,0,0,0,0,0,0,6,6,4,8.48,8.47,4.81,0,0,0.52,0.51,0,0,10.97,42.25,13.209999999999999,20.12,52.3,13.6,-2.370000000000001,-2.38,6.550000000000011,6.549999999999998,15.639999999999995,1.96,1.9700000000000002,-0.19999999999999998,0,0,0,-2.4800000000000004,-2.47,-0.8099999999999998,-0.52,-0.51,9.15,10.05,0.3900000000000006,339,316.81,22.189999999999994,3,1.23,1.7700000000000002,10,13.280000000000001,-3.2800000000000002,65.89999999999999,55.46,10.440000000000001
2026,WAS,1,2026_01_WAS_PHI,00-0041040,Antonio Williams,WR,0,4,0,0,55,0,4,0,1.95,0,64,0,0,28.45,0,0,1,0,0,0.62,0,0,0,0,0,0,0,0,4,0,0,2.12,0,0,0,0,0.18,0,0,0,8.52,0,0,16.4,0,64,28.45,1,0.62,4,2.12,16.4,8.52,0,2.05,0,35.55,0,0,0.38,0,0,0,0,0,1.88,0,0,-0.18,0,7.879999999999999,0,35.55,0.38,1.88,7.879999999999999,34,34,32,317,317,18,18,21.55,21.54,164,164,132,248.12,248.13,139.81,2,2,1,2.13,2.12,1.09,0,0,0,0.52,0.52,0,10,10,9,14.01,14.01,7.7,0,0,0.99,1,0,0,17.5,60.19,20.56,14.56,46.4,19.200000000000003,-3.5500000000000007,-3.54,-84.12,-84.13000000000001,-7.8100000000000005,-0.1299999999999999,-0.12,-0.09000000000000008,-0.52,-0.52,0,-4.01,-4.01,1.3000000000000003,-0.99,-1,-2.9399999999999995,-13.79,-1.359999999999999,296,387.94,-91.94000000000001,3,3.21,-0.21000000000000008,19,21.71,-2.7099999999999995,65.6,80.75,-15.149999999999999
2026,PHI,1,2026_01_WAS_PHI,00-0039746,Will Shipley,RB,0,1,2,0,6,0,1,0,0.73,0,8,4,0,7.8,9.06,0,0,0,0,0,0.01,0,0,0,0,0,0,0,0,0,0,0.28,0.27,0,0,0,0.01,0,0,0,1.52,0.97,0,1.8,0.4,12,16.86,0,0.01,0,0.55,2.2,2.49,0,0.27,0,0.20000000000000018,-5.0600000000000005,0,0,-0.01,0,0,0,0,-0.28,-0.27,0,-0.01,0,0.28,-0.57,-4.859999999999999,-0.01,-0.55,-0.29000000000000004,25,25,25,225,225,14,14,16.37,16.38,203,203,136,196.45,196.45,120.36,3,3,0,1.04,1.03,0.19999999999999998,0,0,0,0,0,0,6,6,4,8.48,8.47,4.81,0,0,0.52,0.51,0,0,10.97,42.25,13.209999999999999,20.12,52.3,13.6,-2.370000000000001,-2.38,6.550000000000011,6.549999999999998,15.639999999999995,1.96,1.9700000000000002,-0.19999999999999998,0,0,0,-2.4800000000000004,-2.47,-0.8099999999999998,-0.52,-0.51,9.15,10.05,0.3900000000000006,339,316.81,22.189999999999994,3,1.23,1.7700000000000002,10,13.280000000000001,-3.2800000000000002,65.89999999999999,55.46,10.440000000000001
2026,WAS,1,2026_01_WAS_PHI,00-0037256,Rachaad White,RB,0,2,7,0,-10,0,2,0,1.68,0,5,22,0,8.36,30.09,0,0,0,0,0.1,0.03,0,0,0,0,0,0,0,0,1,0,0.47,1.7,0,0,0,0.01,0,0,0,3.1,3.21,0,2.5,2.2,27,38.45,0,0.13,1,2.17,4.7,6.3100000000000005,0,0.32000000000000006,0,-3.3599999999999994,-8.09,0,-0.1,-0.03,0,0,0,0,-0.47,-0.7,0,-0.01,0,-0.6000000000000001,-1.0099999999999998,-11.450000000000003,-0.13,-1.17,-1.6100000000000003,34,34,32,317,317,18,18,21.55,21.54,164,164,132,248.12,248.13,139.81,2,2,1,2.13,2.12,1.09,0,0,0,0.52,0.52,0,10,10,9,14.01,14.01,7.7,0,0,0.99,1,0,0,17.5,60.19,20.56,14.56,46.4,19.200000000000003,-3.5500000000000007,-3.54,-84.12,-84.13000000000001,-7.8100000000000005,-0.1299999999999999,-0.12,-0.09000000000000008,-0.52,-0.52,0,-4.01,-4.01,1.3000000000000003,-0.99,-1,-2.9399999999999995,-13.79,-1.359999999999999,296,387.94,-91.94000000000001,3,3.21,-0.21000000000000008,19,21.71,-2.7099999999999995,65.6,80.75,-15.149999999999999
2026,WAS,1,2026_01_WAS_PHI,00-0040164,Jaylin Lane,WR,0,1,0,0,4,0,1,0,0.72,0,4,0,0,5.86,0,0,0,0,0,0,0,0,0,0,0,0,0,0,0,0,0,0.15,0,0,0,0,0.02,0,0,0,1.33,0,0,1.4,0,4,5.86,0,0,0,0.15,1.4,1.33,0,0.28,0,-1.8600000000000003,0,0,0,0,0,0,0,0,-0.15,0,0,-0.02,0,0.06999999999999984,0,-1.8600000000000003,0,-0.15,0.06999999999999984,34,34,32,317,317,18,18,21.55,21.54,164,164,132,248.12,248.13,139.81,2,2,1,2.13,2.12,1.09,0,0,0,0.52,0.52,0,10,10,9,14.01,14.01,7.7,0,0,0.99,1,0,0,17.5,60.19,20.56,14.56,46.4,19.200000000000003,-3.5500000000000007,-3.54,-84.12,-84.13000000000001,-7.8100000000000005,-0.1299999999999999,-0.12,-0.09000000000000008,-0.52,-0.52,0,-4.01,-4.01,1.3000000000000003,-0.99,-1,-2.9399999999999995,-13.79,-1.359999999999999,296,387.94,-91.94000000000001,3,3.21,-0.21000000000000008,19,21.71,-2.7099999999999995,65.6,80.75,-15.149999999999999
2026,LAC,1,2026_01_ARI_LAC,00-0040666,Omarion Hampton,RB,0,0,12,0,0,0,0,0,0,0,0,43,0,0,54.3,0,0,1,0,0,0.3,0,0,0,0,0,0,0,0,5,0,0,3.37,0,0,0,0,0,1,0,0,7.23,0,0,8.3,43,54.3,1,0.3,5,3.37,8.3,7.23,0,0,0,0,-11.299999999999997,0,0,0.7,0,0,0,0,0,1.63,0,0,0,0,1.0700000000000003,-11.299999999999997,0.7,1.63,1.0700000000000003,27,27,21,273,273,17,17,18.76,18.759999999999998,209,209,81,239.94,239.93,103.97999999999999,1,1,1,1.1,1.0799999999999998,1.25,0,0,0,0,0,0,9,9,6,8.97,8.98,5.96,1,1,0.65,0.65,0,1,12.68,49.32,17.95,10.36,43.9,12.100000000000001,-1.7600000000000016,-1.7599999999999993,-30.939999999999998,-30.929999999999996,-22.979999999999997,-0.10000000000000009,-0.07999999999999996,-0.2500000000000001,0,0,0,0.02999999999999936,0.020000000000000018,0.040000000000000036,0.35,0.35,-2.3200000000000003,-5.42,-5.8500000000000005,290,343.90999999999997,-53.91,2,2.33,-0.33000000000000007,15,14.940000000000001,0.06000000000000005,56,67.27,-11.27
2026,LAC,1,2026_01_ARI_LAC,00-0038454,Keaton Mitchell,RB,0,0,4,0,0,0,0,0,0,0,0,9,0,0,16.42,0,0,0,0,0,0.28,0,0,0,0,0,0,0,0,0,0,0,0.69,0,0,0,0,0,0,0,0,3.35,0,0,0.9,9,16.42,0,0.28,0,0.69,0.9,3.35,0,0,0,0,-7.420000000000002,0,0,-0.28,0,0,0,0,0,-0.69,0,0,0,0,-2.45,-7.420000000000002,-0.28,-0.69,-2.45,27,27,21,273,273,17,17,18.76,18.759999999999998,209,209,81,239.94,239.93,103.97999999999999,1,1,1,1.1,1.0799999999999998,1.25,0,0,0,0,0,0,9,9,6,8.97,8.98,5.96,1,1,0.65,0.65,0,1,12.68,49.32,17.95,10.36,43.9,12.100000000000001,-1.7600000000000016,-1.7599999999999993,-30.939999999999998,-30.929999999999996,-22.979999999999997,-0.10000000000000009,-0.07999999999999996,-0.2500000000000001,0,0,0,0.02999999999999936,0.020000000000000018,0.040000000000000036,0.35,0.35,-2.3200000000000003,-5.42,-5.8500000000000005,290,343.90999999999997,-53.91,2,2.33,-0.33000000000000007,15,14.940000000000001,0.06000000000000005,56,67.27,-11.27
2026,ATL,1,2026_01_ATL_PIT,00-0037746,Brian Robinson,RB,0,0,9,0,0,0,0,0,0,0,0,31,0,0,37.88,0,0,0,0,0,0.04,0,0,0,0,0,0,0,0,2,0,0,1.43,0,0,0,0,0,0,0,0,4.02,0,0,3.1,31,37.88,0,0.04,2,1.43,3.1,4.02,0,0,0,0,-6.880000000000003,0,0,-0.04,0,0,0,0,0,0.5700000000000001,0,0,0,0,-0.9199999999999995,-6.880000000000003,-0.04,0.5700000000000001,-0.9199999999999995,22,22,31,77,77,12,12,15.95,15.950000000000001,143,143,120,143.93,143.93,134.34,1,1,0,0.14,0.14,0.14,0,0,0,0,0,0,4,4,9,4.74,4.75,6.5,2,2,0.42,0.42,0,0,5.48,31.2,14.26,5.72,32.3,12,-3.9499999999999993,-3.95,-0.9300000000000068,-0.9300000000000068,-14.340000000000007,0.86,0.86,-0.14,0,0,0,-0.7400000000000002,-0.75,2.5,1.58,1.58,0.23999999999999932,1.0999999999999999,-2.2599999999999993,263,278.27,-15.270000000000014,1,0.28,0.72,13,11.25,1.75,44.3,45.46,-1.1599999999999995
2026,BUF,1,2026_01_BUF_HOU,00-0039875,Ray Davis,RB,0,0,1,0,0,0,0,0,0,0,0,3,0,0,4.22,0,0,0,0,0,0,0,0,0,0,0,0,0,0,0,0,0,0.08,0,0,0,0,0,0,0,0,0.43,0,0,0.3,3,4.22,0,0,0,0.08,0.3,0.43,0,0,0,0,-1.2199999999999998,0,0,0,0,0,0,0,0,-0.08,0,0,0,0,-0.13,-1.2199999999999998,0,-0.08,-0.13,29,29,21,383,383,20,20,18.37,18.38,324,324,86,272.23,272.23,81.88,2,2,2,1.62,1.62,0.86,0,0,0,0.59,0.59,0,13,13,5,11.14,11.13,4.55,0,0,0.84,0.85,0,0,16.86,56.480000000000004,13.36,20.96,64.4,20.6,1.629999999999999,1.6199999999999999,51.76999999999998,51.77,4.120000000000002,0.3799999999999999,0.3799999999999999,1.14,-0.59,-0.59,0,1.8599999999999994,1.8699999999999999,0.4499999999999998,-0.84,-0.85,4.100000000000001,7.92,7.240000000000001,410,354.11,55.89000000000001,4,2.48,1.5199999999999998,18,15.68,2.32,85,69.84,15.16
2026,BUF,1,2026_01_BUF_HOU,00-0039471,Frank Gore Jr.,RB,0,0,1,0,0,0,0,0,0,0,0,3,0,0,5.01,0,0,0,0,0,0.01,0,0,0,0,0,0,0,0,0,0,0,0.23,0,0,0,0,0,0,0,0,0.55,0,0,0.3,3,5.01,0,0.01,0,0.23,0.3,0.55,0,0,0,0,-2.01,0,0,-0.01,0,0,0,0,0,-0.23,0,0,0,0,-0.25000000000000006,-2.01,-0.01,-0.23,-0.25000000000000006,29,29,21,383,383,20,20,18.37,18.38,324,324,86,272.23,272.23,81.88,2,2,2,1.62,1.62,0.86,0,0,0,0.59,0.59,0,13,13,5,11.14,11.13,4.55,0,0,0.84,0.85,0,0,16.86,56.480000000000004,13.36,20.96,64.4,20.6,1.629999999999999,1.6199999999999999,51.76999999999998,51.77,4.120000000000002,0.3799999999999999,0.3799999999999999,1.14,-0.59,-0.59,0,1.8599999999999994,1.8699999999999999,0.4499999999999998,-0.84,-0.85,4.100000000000001,7.92,7.240000000000001,410,354.11,55.89000000000001,4,2.48,1.5199999999999998,18,15.68,2.32,85,69.84,15.16
2026,CAR,1,2026_01_CHI_CAR,00-0036265,AJ Dillon,RB,0,0,5,0,0,0,0,0,0,0,0,28,0,0,25.11,0,0,0,0,0,0.04,0,0,0,0,0,0,0,0,1,0,0,1.11,0,0,0,0,0,0,0,0,2.75,0,0,2.8,28,25.11,0,0.04,1,1.11,2.8,2.75,0,0,0,0,2.8900000000000006,0,0,-0.04,0,0,0,0,0,-0.1100000000000001,0,0,0,0,0.04999999999999982,2.8900000000000006,-0.04,-0.1100000000000001,0.04999999999999982,38,38,22,366,366,23,23,24.7,24.7,361,361,125,294.33,294.33,98.84,3,3,2,1.99,1.98,1.1900000000000002,0,0,0,0,0,0,17,17,5,13.94,13.95,4.93,1,1,1.11,1.11,1,0,17.5,66.08,17.02,24.44,75.1,24.5,-1.6999999999999997,-1.7,66.67000000000003,66.66999999999999,26.159999999999997,1.01,1.02,0.8099999999999998,0,0,0,3.06,3.0500000000000003,0.06999999999999984,-0.11000000000000008,-0.11000000000000006,6.940000000000002,9.019999999999994,7.48,486,393.16999999999996,92.82999999999998,5,3.17,1.8299999999999998,22,18.88,3.12,99.6,83.1,16.499999999999993
2026,JAX,1,2026_01_CLE_JAX,00-0038611,Chris Rodriguez Jr.,RB,0,0,6,0,0,0,0,0,0,0,0,23,0,0,25.64,0,0,0,0,0,0.11,0,0,0,0,0,0,0,0,1,0,0,1.66,0,0,0,0,0,0,0,0,3.22,0,0,2.3,23,25.64,0,0.11,1,1.66,2.3,3.22,0,0,0,0,-2.6400000000000006,0,0,-0.11,0,0,0,0,0,-0.6599999999999999,0,0,0,0,-0.9200000000000004,-2.6400000000000006,-0.11,-0.6599999999999999,-0.9200000000000004,23,23,32,242,242,18,18,14.63,14.620000000000001,245,245,126,191.81,191.81,139.71,4,4,0,1.93,1.9000000000000001,0.33,0,0,0,0,0,0,13,13,8,9.85,9.84,7.87,0,0,0.49,0.51,0,0,14.42,45.42,15.940000000000001,25.8,66.5,12.6,3.369999999999999,3.38,53.19,53.19,-13.709999999999997,2.0700000000000003,2.1,-0.33,0,0,0,3.1500000000000004,3.16,0.13000000000000028,-0.49,-0.51,11.38,21.080000000000002,-3.340000000000001,371,331.52,39.480000000000004,4,2.23,1.77,21,17.71,3.2900000000000005,79.1,61.36,17.740000000000002
2026,JAX,1,2026_01_CLE_JAX,00-0033319,Nick Mullens,QB,0,0,3,0,0,0,0,0,0,0,0,-3,0,0,-3,0,0,0,0,0,0,0,0,0,0,0,0,0,0,0,0,0,0,0,0,0,0,0,0,0,0,-0.3,0,0,-0.3,-3,-3,0,0,0,0,-0.3,-0.3,0,0,0,0,0,0,0,0,0,0,0,0,0,0,0,0,0,0,0,0,0,0,0,23,23,32,242,242,18,18,14.63,14.620000000000001,245,245,126,191.81,191.81,139.71,4,4,0,1.93,1.9000000000000001,0.33,0,0,0,0,0,0,13,13,8,9.85,9.84,7.87,0,0,0.49,0.51,0,0,14.42,45.42,15.940000000000001,25.8,66.5,12.6,3.369999999999999,3.38,53.19,53.19,-13.709999999999997,2.0700000000000003,2.1,-0.33,0,0,0,3.1500000000000004,3.16,0.13000000000000028,-0.49,-0.51,11.38,21.080000000000002,-3.340000000000001,371,331.52,39.480000000000004,4,2.23,1.77,21,17.71,3.2900000000000005,79.1,61.36,17.740000000000002
2026,NYG,1,2026_01_DAL_NYG,00-0040715,Cam Skattebo,RB,0,0,18,0,0,0,0,0,0,0,0,81,0,0,72.77,0,0,1,0,0,0.75,0,0,0,0,0,0,0,0,6,0,0,4.23,0,0,0,0,0,0,0,0,11.8,0,0,14.1,81,72.77,1,0.75,6,4.23,14.1,11.8,0,0,0,0,8.230000000000004,0,0,0.25,0,0,0,0,0,1.7699999999999996,0,0,0,0,2.299999999999999,8.230000000000004,0.25,1.7699999999999996,2.299999999999999,29,29,37,245,245,23,23,19.96,19.95,230,230,165,237.9,237.9,148.23,3,3,1,1.91,1.9000000000000001,0.87,0,0,0,0,0,0,14,14,11,11.84,11.84,8.58,0,0,0.65,0.65,0,1,15.86,55.2,20.03,21.2,64,20.5,3.039999999999999,3.05,-7.900000000000006,-7.900000000000007,16.770000000000003,1.09,1.0999999999999999,0.13,0,0,0,2.16,2.1599999999999997,2.4199999999999995,-0.65,-0.65,5.34,8.799999999999999,0.4699999999999993,395,386.13,8.869999999999997,4,2.77,1.23,25,20.42,4.579999999999999,84.5,75.23,9.269999999999998
2026,NYG,1,2026_01_DAL_NYG,00-0039384,Tyrone Tracy Jr.,RB,0,0,2,0,0,0,0,0,0,0,0,14,0,0,9.13,0,0,0,0,0,0.01,0,0,0,0,0,0,0,0,1,0,0,0.27,0,0,0,0,0,1,0,0,0.95,0,0,-0.6,14,9.13,0,0.01,1,0.27,-0.6,0.95,0,0,0,0,4.869999999999999,0,0,-0.01,0,0,0,0,0,0.73,0,0,0,0,-1.5499999999999998,4.869999999999999,-0.01,0.73,-1.5499999999999998,29,29,37,245,245,23,23,19.96,19.95,230,230,165,237.9,237.9,148.23,3,3,1,1.91,1.9000000000000001,0.87,0,0,0,0,0,0,14,14,11,11.84,11.84,8.58,0,0,0.65,0.65,0,1,15.86,55.2,20.03,21.2,64,20.5,3.039999999999999,3.05,-7.900000000000006,-7.900000000000007,16.770000000000003,1.09,1.0999999999999999,0.13,0,0,0,2.16,2.1599999999999997,2.4199999999999995,-0.65,-0.65,5.34,8.799999999999999,0.4699999999999993,395,386.13,8.869999999999997,4,2.77,1.23,25,20.42,4.579999999999999,84.5,75.23,9.269999999999998
2026,DAL,1,2026_01_DAL_NYG,00-0038705,Emari Demercado,RB,0,0,2,0,0,0,0,0,0,0,0,7,0,0,8.14,0,0,0,0,0,0.02,0,0,0,0,0,0,0,0,0,0,0,0.18,0,0,0,0,0,0,0,0,0.96,0,0,0.7,7,8.14,0,0.02,0,0.18,0.7,0.96,0,0,0,0,-1.1400000000000006,0,0,-0.02,0,0,0,0,0,-0.18,0,0,0,0,-0.26,-1.1400000000000006,-0.02,-0.18,-0.26,34,34,18,309,309,22,22,22.01,22,175,175,69,250.51,250.52,75.44,2,2,1,1.62,1.61,1.5,0,0,0,0,0,0,12,12,4,11.57,11.57,5.43,1,1,0.88,0.88,0,0,14.73,56.79,16.58,13,51.5,12.899999999999999,-0.010000000000001563,4.440892098500626e-16,-75.50999999999999,-75.52,-6.439999999999999,0.3799999999999999,0.39,-0.5,0,0,0,0.4299999999999997,0.43000000000000027,-1.43,0.12,0.11999999999999995,-1.7300000000000004,-5.289999999999999,-3.6799999999999997,244,325.96000000000004,-81.96,3,3.1100000000000003,-0.10999999999999999,16,17,-0.9999999999999997,64.4,73.37,-8.969999999999999
2026,DAL,1,2026_01_DAL_NYG,00-0038738,Hunter Luepke,RB,0,0,1,0,0,0,0,0,0,0,0,7,0,0,6.75,0,0,0,0,0,0,0,0,0,0,0,0,0,0,1,0,0,0.61,0,0,0,0,0,0,0,0,0.7,0,0,0.7,7,6.75,0,0,1,0.61,0.7,0.7,0,0,0,0,0.25,0,0,0,0,0,0,0,0,0.39,0,0,0,0,0,0.25,0,0.39,0,34,34,18,309,309,22,22,22.01,22,175,175,69,250.51,250.52,75.44,2,2,1,1.62,1.61,1.5,0,0,0,0,0,0,12,12,4,11.57,11.57,5.43,1,1,0.88,0.88,0,0,14.73,56.79,16.58,13,51.5,12.899999999999999,-0.010000000000001563,4.440892098500626e-16,-75.50999999999999,-75.52,-6.439999999999999,0.3799999999999999,0.39,-0.5,0,0,0,0.4299999999999997,0.43000000000000027,-1.43,0.12,0.11999999999999995,-1.7300000000000004,-5.289999999999999,-3.6799999999999997,244,325.96000000000004,-81.96,3,3.1100000000000003,-0.10999999999999999,16,17,-0.9999999999999997,64.4,73.37,-8.969999999999999
2026,DEN,1,2026_01_DEN_KC,00-0036158,J.K. Dobbins,RB,0,0,8,0,0,0,0,0,0,0,0,36,0,0,37.82,0,0,0,0,0,0.02,0,0,0,0,0,0,0,0,1,0,0,1.17,0,0,0,0,0,0,0,0,3.88,0,0,3.6,36,37.82,0,0.02,1,1.17,3.6,3.88,0,0,0,0,-1.8200000000000003,0,0,-0.02,0,0,0,0,0,-0.16999999999999993,0,0,0,0,-0.2799999999999998,-1.8200000000000003,-0.02,-0.16999999999999993,-0.2799999999999998,28,28,15,92,92,17,17,20.03,20.029999999999998,131,131,61,154.42,154.41,65.72,1,1,0,0.45,0.44,0.08,0,0,0,0,0,0,6,6,2,7.98,7.99,2.56,1,1,0.46,0.46,0,0,7.07,38.18,7.08,7.24,36.1,6.1000000000000005,-3.030000000000001,-3.029999999999999,-23.419999999999987,-23.409999999999997,-4.720000000000001,0.55,0.5599999999999999,-0.08,0,0,0,-1.9800000000000004,-1.9899999999999998,-0.5599999999999999,0.54,0.54,0.16999999999999993,-2.079999999999999,-0.9799999999999999,192,220.13,-28.129999999999995,1,0.52,0.4799999999999999,8,10.55,-2.55,42.2,45.26,-3.059999999999999
2026,MIN,1,2026_01_GB_MIN,00-0037525,Jordan Mason,RB,0,0,15,0,0,0,0,0,0,0,0,59,0,0,57.05,0,0,1,0,0,0.71,0,0,0,0,0,0,0,0,2,0,0,3.58,0,0,0,0,0,0,0,0,9.98,0,0,11.9,59,57.05,1,0.71,2,3.58,11.9,9.98,0,0,0,0,1.9500000000000028,0,0,0.29000000000000004,0,0,0,0,0,-1.58,0,0,0,0,1.92,1.9500000000000028,0.29000000000000004,-1.58,1.92,24,24,34,176,176,15,15,16.46,16.47,151,151,107,172.64000000000001,172.64,124,3,3,2,1.07,1.07,1.3299999999999998,1,1,0,0.58,0.58,0,8,8,6,8.83,8.84,9.05,1,1,0.5,0.52,0,0,11.35,41.34,20.44,18.04,50.1,22.7,-1.4600000000000004,-1.4699999999999998,-21.640000000000015,-21.64,-16.999999999999996,1.93,1.9300000000000002,0.67,0.42000000000000004,0.42000000000000004,0,-0.8299999999999998,-0.8400000000000001,-3.05,0.5,0.4799999999999999,6.690000000000001,8.759999999999998,2.2599999999999993,258,296.64,-38.64,5,2.4,2.6,14,17.89,-3.8899999999999997,72.8,61.78,11.019999999999998
2026,LV,1,2026_01_MIA_LV,00-0037304,Connor Heyward,RB,0,0,1,0,0,0,0,0,0,0,0,1,0,0,2.79,0,0,0,0,0,0,0,0,0,0,0,0,0,0,1,0,0,0.7,0,0,0,0,0,0,0,0,0.31,0,0,0.1,1,2.79,0,0,1,0.7,0.1,0.31,0,0,0,0,-1.79,0,0,0,0,0,0,0,0,0.30000000000000004,0,0,0,0,-0.21,-1.79,0,0.30000000000000004,-0.21,30,30,37,226,226,21,21,20.75,20.74,160,160,130,230.35,230.34,156.65,3,3,0,1.54,1.54,0.67,0,0,0,0,0,0,10,10,9,11.82,11.82,9.21,2,2,0.61,0.61,0,0,14.17,53.04,19.71,14.4,55,12.999999999999998,0.25,0.2600000000000001,-70.35,-70.34,-26.649999999999995,1.46,1.46,-0.67,0,0,0,-1.8200000000000003,-1.8200000000000003,-0.21000000000000013,1.3900000000000001,1.39,0.23000000000000043,1.9600000000000013,-6.710000000000002,290,386.99,-96.99,3,2.21,0.7899999999999999,19,21.03,-2.0300000000000002,68,72.75,-4.75
2026,LV,1,2026_01_MIA_LV,00-0040878,Mike Washington Jr.,RB,0,0,7,0,0,0,0,0,0,0,0,41,0,0,31.5,0,0,0,0,0,0.18,0,0,0,0,0,0,0,0,1,0,0,1.52,0,0,0,0,0,0,0,0,4.24,0,0,4.1,41,31.5,0,0.18,1,1.52,4.1,4.24,0,0,0,0,9.5,0,0,-0.18,0,0,0,0,0,-0.52,0,0,0,0,-0.14000000000000057,9.5,-0.18,-0.52,-0.14000000000000057,30,30,37,226,226,21,21,20.75,20.74,160,160,130,230.35,230.34,156.65,3,3,0,1.54,1.54,0.67,0,0,0,0,0,0,10,10,9,11.82,11.82,9.21,2,2,0.61,0.61,0,0,14.17,53.04,19.71,14.4,55,12.999999999999998,0.25,0.2600000000000001,-70.35,-70.34,-26.649999999999995,1.46,1.46,-0.67,0,0,0,-1.8200000000000003,-1.8200000000000003,-0.21000000000000013,1.3900000000000001,1.39,0.23000000000000043,1.9600000000000013,-6.710000000000002,290,386.99,-96.99,3,2.21,0.7899999999999999,19,21.03,-2.0300000000000002,68,72.75,-4.75
2026,MIA,1,2026_01_MIA_LV,00-0039874,Jaylen Wright,RB,0,0,1,0,0,0,0,0,0,0,0,-1,0,0,5.72,0,0,0,0,0,0,0,0,0,0,0,0,0,0,0,0,0,0.14,0,0,0,0,0,0,0,0,0.59,0,0,-0.1,-1,5.72,0,0,0,0.14,-0.1,0.59,0,0,0,0,-6.72,0,0,0,0,0,0,0,0,-0.14,0,0,0,0,-0.69,-6.72,0,-0.14,-0.69,27,27,18,309,309,15,15,16.41,16.41,220,220,74,226.97,226.97,96.65,0,0,1,0.24,0.24,0.23,0,0,0,0,0,0,7,7,4,9.23,9.219999999999999,4.12,1,1,1.14,1.1400000000000001,1,0,7.76,40.55,11.08,6.8,35,13.4,-1.4100000000000001,-1.4100000000000001,-6.969999999999999,-6.970000000000005,-22.65,-0.24,-0.24,0.77,0,0,0,-2.2300000000000004,-2.2199999999999998,-0.12,-0.1399999999999999,-0.1400000000000001,-0.96,-5.549999999999999,2.3200000000000003,294,323.62,-29.620000000000005,1,0.47,0.53,11,13.34,-2.34,48.4,51.629999999999995,-3.2299999999999986
2026,SEA,1,2026_01_NE_SEA,00-0038797,Emanuel Wilson,RB,0,0,2,0,0,0,0,0,0,0,0,3,0,0,7.35,0,0,0,0,0,0,0,0,0,0,0,0,0,0,0,0,0,0.76,0,0,0,0,0,0,0,0,0.75,0,0,0.3,3,7.35,0,0,0,0.76,0.3,0.75,0,0,0,0,-4.35,0,0,0,0,0,0,0,0,-0.76,0,0,0,0,-0.45,-4.35,0,-0.76,-0.45,24,24,22,154,154,17,17,16.55,16.55,200,200,97,168.28,168.29,99.57000000000001,1,1,0,0.7,0.69,0.26,0,0,0,0,0,0,9,9,4,9.26,9.25,5.81,0,0,0.56,0.55,0,0,8.4,37.56,11.48,12,43,9.7,0.44999999999999996,0.44999999999999996,31.71999999999999,31.709999999999997,-2.570000000000004,0.30000000000000004,0.31000000000000005,-0.26,0,0,0,-0.25999999999999934,-0.25000000000000044,-1.8099999999999998,-0.56,-0.55,3.6000000000000005,5.439999999999998,-1.7799999999999994,297,267.86,29.139999999999993,1,0.95,0.050000000000000044,13,15.059999999999999,-2.0600000000000005,52.7,49.040000000000006,3.6599999999999984
2026,NE,1,2026_01_NE_SEA,00-0040556,Corey Kiner,RB,0,0,6,0,0,0,0,0,0,0,0,11,0,0,27.21,0,0,0,0,0,0.02,0,0,0,0,0,0,0,0,0,0,0,1.25,0,0,0,0,0,0,0,0,2.85,0,0,1.1,11,27.21,0,0.02,0,1.25,1.1,2.85,0,0,0,0,-16.21,0,0,-0.02,0,0,0,0,0,-1.25,0,0,0,0,-1.75,-16.21,-0.02,-1.25,-1.75,33,33,31,221,221,23,23,22.74,22.73,178,178,109,240.28,240.27,151.85,1,1,0,1.17,1.17,0.13,0,0,0,0,0,0,9,9,7,11.05,11.05,9.74,3,3,0.77,0.76,0,0,12.77,53.81,15.95,5.12,46.8,10.9,0.26000000000000156,0.27000000000000035,-62.28,-62.27,-42.85,-0.16999999999999993,-0.16999999999999996,-0.13,0,0,0,-2.0500000000000007,-2.05,-2.74,2.23,2.24,-7.6499999999999995,-7.010000000000002,-5.05,287,392.12,-105.12,1,1.2999999999999998,-0.29999999999999993,16,20.79,-4.79,57.699999999999996,69.76,-12.060000000000002
2026,NO,1,2026_01_NO_DET,00-0038551,Kendre Miller,RB,0,0,9,0,0,0,0,0,0,0,0,30,0,0,36.88,0,0,1,0,0,0.29,0,0,0,0,0,0,0,0,2,0,0,2.06,0,0,0,0,0,0,0,0,5.41,0,0,9,30,36.88,1,0.29,2,2.06,9,5.41,0,0,0,0,-6.880000000000003,0,0,0.71,0,0,0,0,0,-0.06000000000000005,0,0,0,0,3.59,-6.880000000000003,0.71,-0.06000000000000005,3.59,56,56,25,483,483,35,35,36.98,36.98,410,410,91,413.27,413.25,109.05,3,3,1,2.58,2.6,0.49,0,0,0,0.55,0.55,0,19,19,7,18.71,18.72,7.17,2,2,1.1,1.0999999999999999,0,0,25.76,94.91,13.86,24.4,94,15.1,-1.9799999999999969,-1.9799999999999995,-3.269999999999982,-3.2500000000000053,-18.05,0.41999999999999993,0.4000000000000001,0.51,-0.55,-0.55,0,0.28999999999999915,0.2799999999999997,-0.1700000000000001,0.8999999999999999,0.8999999999999999,-1.360000000000003,-0.9100000000000017,1.2399999999999998,501,522.3,-21.300000000000004,4,3.09,0.9100000000000001,26,25.89,0.1099999999999996,109.1,108.77,0.3299999999999981
2026,NO,1,2026_01_NO_DET,00-0041099,Barion Brown,WR,0,0,1,0,0,0,0,0,0,0,0,3,0,0,7,0,0,0,0,0,0,0,0,0,0,0,0,0,0,0,0,0,0.34,0,0,0,0,0,0,0,0,0.73,0,0,0.3,3,7,0,0,0,0.34,0.3,0.73,0,0,0,0,-4,0,0,0,0,0,0,0,0,-0.34,0,0,0,0,-0.43,-4,0,-0.34,-0.43,56,56,25,483,483,35,35,36.98,36.98,410,410,91,413.27,413.25,109.05,3,3,1,2.58,2.6,0.49,0,0,0,0.55,0.55,0,19,19,7,18.71,18.72,7.17,2,2,1.1,1.0999999999999999,0,0,25.76,94.91,13.86,24.4,94,15.1,-1.9799999999999969,-1.9799999999999995,-3.269999999999982,-3.2500000000000053,-18.05,0.41999999999999993,0.4000000000000001,0.51,-0.55,-0.55,0,0.28999999999999915,0.2799999999999997,-0.1700000000000001,0.8999999999999999,0.8999999999999999,-1.360000000000003,-0.9100000000000017,1.2399999999999998,501,522.3,-21.300000000000004,4,3.09,0.9100000000000001,26,25.89,0.1099999999999996,109.1,108.77,0.3299999999999981
2026,LA,1,2026_01_SF_LA,00-0039738,Blake Corum,RB,0,0,10,0,0,0,0,0,0,0,0,54,0,0,46.05,0,0,0,0,0,0.03,0,0,0,0,0,0,0,0,2,0,0,3.09,0,0,0,0,0,0,0,0,4.78,0,0,5.4,54,46.05,0,0.03,2,3.09,5.4,4.78,0,0,0,0,7.950000000000003,0,0,-0.03,0,0,0,0,0,-1.0899999999999999,0,0,0,0,0.6200000000000001,7.950000000000003,-0.03,-1.0899999999999999,0.6200000000000001,28,28,29,255,255,17,17,18.13,18.12,168,168,122,212.42,212.42000000000002,121.7,0,0,1,1.05,1.04,1.56,0,0,0,0,0,0,6,6,7,11.28,11.290000000000001,8.81,1,1,0.71,0.73,1,0,11.290000000000001,45.68,21.48,4.720000000000001,31.8,18.2,-1.13,-1.1199999999999997,-44.419999999999995,-44.42000000000001,0.3000000000000016,-1.05,-1.04,-0.5599999999999999,0,0,0,-5.279999999999999,-5.29,-1.8099999999999998,0.29000000000000004,0.27,-6.57,-13.879999999999999,-3.2799999999999994,290,334.12,-44.120000000000005,1,2.6,-1.6,13,20.1,-7.1,50,67.16,-17.159999999999997
2026,PHI,1,2026_01_WAS_PHI,00-0038555,Tank Bigsby,RB,0,0,1,0,0,0,0,0,0,0,0,3,0,0,3.36,0,0,0,0,0,0.02,0,0,0,0,0,0,0,0,0,0,0,0.05,0,0,0,0,0,0,0,0,0.48,0,0,0.3,3,3.36,0,0.02,0,0.05,0.3,0.48,0,0,0,0,-0.3599999999999999,0,0,-0.02,0,0,0,0,0,-0.05,0,0,0,0,-0.18,-0.3599999999999999,-0.02,-0.05,-0.18,25,25,25,225,225,14,14,16.37,16.38,203,203,136,196.45,196.45,120.36,3,3,0,1.04,1.03,0.19999999999999998,0,0,0,0,0,0,6,6,4,8.48,8.47,4.81,0,0,0.52,0.51,0,0,10.97,42.25,13.209999999999999,20.12,52.3,13.6,-2.370000000000001,-2.38,6.550000000000011,6.549999999999998,15.639999999999995,1.96,1.9700000000000002,-0.19999999999999998,0,0,0,-2.4800000000000004,-2.47,-0.8099999999999998,-0.52,-0.51,9.15,10.05,0.3900000000000006,339,316.81,22.189999999999994,3,1.23,1.7700000000000002,10,13.280000000000001,-3.2800000000000002,65.89999999999999,55.46,10.440000000000001
2026,WAS,1,2026_01_WAS_PHI,00-0041096,Kaytron Allen,RB,0,0,4,0,0,0,0,0,0,0,0,16,0,0,14.37,0,0,0,0,0,0.34,0,0,0,0,0,0,0,0,0,0,0,0.63,0,0,0,0,0,0,0,0,3.48,0,0,1.6,16,14.37,0,0.34,0,0.63,1.6,3.48,0,0,0,0,1.6300000000000008,0,0,-0.34,0,0,0,0,0,-0.63,0,0,0,0,-1.88,1.6300000000000008,-0.34,-0.63,-1.88,34,34,32,317,317,18,18,21.55,21.54,164,164,132,248.12,248.13,139.81,2,2,1,2.13,2.12,1.09,0,0,0,0.52,0.52,0,10,10,9,14.01,14.01,7.7,0,0,0.99,1,0,0,17.5,60.19,20.56,14.56,46.4,19.200000000000003,-3.5500000000000007,-3.54,-84.12,-84.13000000000001,-7.8100000000000005,-0.1299999999999999,-0.12,-0.09000000000000008,-0.52,-0.52,0,-4.01,-4.01,1.3000000000000003,-0.99,-1,-2.9399999999999995,-13.79,-1.359999999999999,296,387.94,-91.94000000000001,3,3.21,-0.21000000000000008,19,21.71,-2.7099999999999995,65.6,80.75,-15.149999999999999
